"run_id","task_category","model_slug","is_done","done_reason","total_duration_s","load_duration_s","input_token_count","input_token_duration_s","output_token_count","output_token_duration_s","is_thinking","output_char_count","thinking_char_count","generation_limit_reached","final_content_empty","generation_failure","reasoning_limit_failure","truncated_response","latency_s","cc_duration_s","carbon_emissions_grams","emissions_rate_grams_per_s","mean_cpu_power_w","mean_gpu_power_w","mean_ram_power_w","cpu_energy_kwh","gpu_energy_kwh","ram_energy_kwh","total_energy_consumed_kwh","cpu_util_percent","gpu_util_percent","ram_util_percent","avg_ram_used_gb","prompt_id","model_number_from_run_id","condition","model","token_count","energy","carbon","latency","log_token_count","log_energy","log_carbon","log_latency"
"M1G__UP001","summarization","granite4.1:8b","True","stop",2.75886162,0.278051593,3390,0.356968,265,2.07194,"False",1325,0,FALSE,FALSE,FALSE,FALSE,FALSE,2.76362522901036,4.27577314001974,0.106864895760748,0.024993116393508,12.5024576375,207.67566711043,20,1.30973863548579e-05,0.000246475474957819,2.09492433224417e-05,0.000280522104635119,50,94.5,53.5,32.7879543304443,"UP001",1,"General","granite4.1:8b",265,0.000280522104635119,0.106864895760748,2.76362522901036,5.57972982598622,-8.17885803170315,-2.23618989878413,1.01654330662917
"M1S__UP001","summarization","granite4.1:8b","True","stop",1.660952151,0.277850944,3451,0.073154,162,1.26977,"False",879,0,FALSE,FALSE,FALSE,FALSE,FALSE,1.6648097630241,3.17648696800461,0.0615163763164887,0.0193661667546937,12.50184325625,155.829316842366,20,9.27944074645035e-06,0.000137359832110384,1.48422242333052e-05,0.00016148149709014,50,93,53.5,32.788745880127,"UP001",1,"Sustainability","granite4.1:8b",162,0.00016148149709014,0.0615163763164887,1.6648097630241,5.08759633523238,-8.73111999096641,-2.78845185804739,0.509710860462658
"M1S__UP002","summarization","granite4.1:8b","True","stop",0.77921272,0.263075358,3192,0.036723,55,0.433062,"False",244,0,FALSE,FALSE,FALSE,FALSE,FALSE,0.782421882962808,2.29518654802814,0.0270599377347164,0.0117898642086258,12.5,86.2541134192879,20,6.21405780556314e-06,5.48783772362782e-05,9.94034546666727e-06,7.10327805085086e-05,0,0,0,0,"UP002",1,"Sustainability","granite4.1:8b",55,7.10327805085086e-05,0.0270599377347164,0.782421882962808,4.00733318523247,-9.55236909016943,-3.60970095725041,-0.245361191630661
"M1G__UP002","summarization","granite4.1:8b","True","stop",1.156879589,0.258717737,3131,0.036853,104,0.816119,"False",460,0,FALSE,FALSE,FALSE,FALSE,FALSE,1.16049156500958,2.67220659001032,0.0417377371255258,0.0156192029768793,12.500074925,121.373096847394,20,7.52795235835583e-06,8.99925719934913e-05,1.20417203666875e-05,0.000109562244718535,0,94,53.6,32.7965087890625,"UP002",1,"General","granite4.1:8b",104,0.000109562244718535,0.0417377371255258,1.16049156500958,4.64439089914137,-9.1190177252932,-3.17634959237419,0.148843678295409
"M1G__UP003","summarization","granite4.1:8b","True","stop",4.812070616,0.29539465,3576,0.088327,554,4.377591,"False",2903,0,FALSE,FALSE,FALSE,FALSE,FALSE,4.81584237498464,6.33293251099531,0.183896617044966,0.0290381457130141,12.5029491425,244.854338400003,20,2.02242208268561e-05,0.000430158955238902,3.23484607500076e-05,0.000482731636815765,0,94.25,53.525,32.7877082824707,"UP003",1,"General","granite4.1:8b",554,0.000482731636815765,0.183896617044966,4.81584237498464,6.31716468674728,-7.63604967608289,-1.69338154316387,1.57191097802419
"M1S__UP003","summarization","granite4.1:8b","True","stop",4.505241487,0.299082699,3637,0.097649,514,4.062402,"False",2727,0,FALSE,FALSE,FALSE,FALSE,FALSE,4.50945232901722,6.02130373398541,0.173031791884915,0.0287365991700918,12.5031630275,241.907370455176,20,1.91611913356232e-05,0.000404403101299522,3.06469998833361e-05,0.000454211292518481,0,94.75,53.5,32.7751731872559,"UP003",1,"Sustainability","granite4.1:8b",514,0.000454211292518481,0.173031791884915,4.50945232901722,6.24222326545517,-7.69694806616577,-1.75427993324675,1.50617571133307
"M1S__UP004","summarization","granite4.1:8b","True","stop",1.449299938,0.302832325,3271,0.047058,134,1.053054,"False",726,0,FALSE,FALSE,FALSE,FALSE,FALSE,1.452459164022,2.96357782103587,0.0524426079712139,0.0176957080725093,12.5013719375,140.396208664393,20,8.54105253908961e-06,0.000115458425699266,1.36632280779951e-05,0.000137662706316351,0,94,53.5,32.7828559875488,"UP004",1,"Sustainability","granite4.1:8b",134,0.000137662706316351,0.0524426079712139,1.452459164022,4.89783979995091,-8.89070402176299,-2.94803588884397,0.373258095078149
"M1G__UP004","summarization","granite4.1:8b","True","stop",3.508450386,0.286418459,3210,0.048047,399,3.127568,"False",2034,0,FALSE,FALSE,FALSE,FALSE,FALSE,3.51190545596182,5.02256870397832,0.133406537409487,0.0265614161343014,12.5026811,221.884105792647,20,1.56947509715275e-05,0.000309394691959675,2.51049064833852e-05,0.000350194349414587,0,94,53.5,32.7843627929688,"UP004",1,"General","granite4.1:8b",399,0.000350194349414587,0.133406537409487,3.51190545596182,5.98896141688986,-7.95702227355227,-2.01435414063325,1.25615875512629
"M1G__UP005","summarization","granite4.1:8b","True","stop",1.854683007,0.259710155,3122,0.036628,194,1.518148,"False",924,0,FALSE,FALSE,FALSE,FALSE,FALSE,1.8584828460007,3.37023433996364,0.0699818111477463,0.0207646721528869,12.5020215125,168.758050838575,20,9.95227717626437e-06,0.000157832626266341,1.59184989664936e-05,0.000183703402409099,0,95,53.5,32.7889747619629,"UP005",1,"General","granite4.1:8b",194,0.000183703402409099,0.0699818111477463,1.8584828460007,5.26785815906333,-8.60218804436273,-2.65951991144372,0.619760480688735
"M1S__UP005","summarization","granite4.1:8b","True","stop",1.1702964,0.300552353,3183,0.041166,101,0.787812,"False",452,0,FALSE,FALSE,FALSE,FALSE,FALSE,1.17410913400818,2.68586088699521,0.0428036053861817,0.0159366427328512,12.50009725625,124.351837114918,20,7.57494719330911e-06,9.26686852462666e-05,1.21165339501911e-05,0.000112360166389767,0,65,53.6,32.7900009155273,"UP005",1,"Sustainability","granite4.1:8b",101,0.000112360166389767,0.0428036053861817,1.17410913400818,4.61512051684126,-9.09380107486633,-3.15113294194731,0.160509676206578
"M1S__UP006","summarization","granite4.1:8b","True","stop",1.567163299,0.278708068,3216,0.039457,153,1.201596,"False",723,0,FALSE,FALSE,FALSE,FALSE,FALSE,1.57035112497397,3.08173786301631,0.0585358255553806,0.0189944207318423,12.5016758,152.473163803857,20,8.95066679789964e-06,0.000130388437644235,1.43183980001292e-05,0.000153657502442264,0,92,53.6,32.7906188964844,"UP006",1,"Sustainability","granite4.1:8b",153,0.000153657502442264,0.0585358255553806,1.57035112497397,5.03043792139244,-8.78078444244925,-2.83811630953023,0.451299240835305
"M1G__UP006","summarization","granite4.1:8b","True","stop",4.930269244,0.270160745,3155,0.039652,583,4.574511,"False",2724,0,FALSE,FALSE,FALSE,FALSE,FALSE,4.9334473030176,6.44359894801164,0.191113816864126,0.029659483528704,12.50294912,250.423404154317,20,2.06308046409605e-05,0.00044804591399128,3.30001861167451e-05,0.000501676904748985,0,94.5,53.6,32.792857170105,"UP006",1,"General","granite4.1:8b",583,0.000501676904748985,0.191113816864126,4.9334473030176,6.36818718635049,-7.59755426152014,-1.65488612860112,1.59603799379814
"M1G__UP007","summarization","granite4.1:8b","True","stop",1.334003672,0.293909371,3094,0.033249,123,0.964903,"False",578,0,FALSE,FALSE,FALSE,FALSE,FALSE,1.33783860498806,2.85003443597816,0.0484969220648504,0.0170162582783691,12.50059900625,134.202920980783,20,8.14539628832906e-06,0.000106132584906327,1.3027234883177e-05,0.000127305216077833,0,94,53.6,32.7934837341309,"UP007",1,"General","granite4.1:8b",123,0.000127305216077833,0.0484969220648504,1.33783860498806,4.81218435537242,-8.96892307855196,-3.02625494563294,0.291055330355678
"M1S__UP007","summarization","granite4.1:8b","True","stop",0.915569743,0.271711759,3155,0.039537,71,0.558837,"False",330,0,FALSE,FALSE,FALSE,FALSE,FALSE,0.919386147987098,2.43098137504421,0.0327223818457983,0.0134605646023114,12.5,101.577062421227,20,6.69003114590952e-06,6.85053325817364e-05,1.07014254725073e-05,8.58967892001532e-05,0,0,0,0,"UP007",1,"Sustainability","granite4.1:8b",71,8.58967892001532e-05,0.0327223818457983,0.919386147987098,4.26267987704132,-9.36236410801778,-3.41969597509877,-0.0840490620851598
"M1S__UP008","summarization","granite4.1:8b","True","stop",1.06592515,0.294101077,3222,0.039639,87,0.682903,"False",393,0,FALSE,FALSE,FALSE,FALSE,FALSE,1.06967467605136,2.5844238899881,0.0388830151335635,0.0150451384094513,12.50000703125,116.299491050611,20,7.21484726331864e-06,8.33145110963329e-05,1.15391942944067e-05,0.000102068552654058,0,0,53.5,32.7860641479492,"UP008",1,"Sustainability","granite4.1:8b",87,0.000102068552654058,0.0388830151335635,1.06967467605136,4.46590811865458,-9.18986588558417,-3.24719775266515,0.0673545611704647
"M1G__UP008","summarization","granite4.1:8b","True","stop",1.709752166,0.260824554,3161,0.039752,174,1.364272,"False",784,0,FALSE,FALSE,FALSE,FALSE,FALSE,1.71356174297398,3.22895684401738,0.0642852281777894,0.0199089771970466,12.50184325625,161.102219395327,20,9.44911081445337e-06,0.000144187059794021,1.51136080443393e-05,0.000168749778652814,0,95,53.6,32.7953033447266,"UP008",1,"General","granite4.1:8b",174,0.000168749778652814,0.0642852281777894,1.71356174297398,5.15905529921453,-8.68709353989953,-2.74442540698051,0.538574094933406
"M1G__UP009","summarization","granite4.1:8b","True","stop",0.756668444,0.27874566,3145,0.036966,50,0.396077,"False",211,0,FALSE,FALSE,FALSE,FALSE,FALSE,0.760472482012119,2.2724087020033,0.0264210813463325,0.0116269055487423,12.5000001125,84.711783623901,20,6.13931090596551e-06,5.3397264940358e-05,9.81919616137424e-06,6.93557720076978e-05,0,0,0,0,"UP009",1,"General","granite4.1:8b",50,6.93557720076978e-05,0.0264210813463325,0.760472482012119,3.91202300542815,-9.57626118456308,-3.63359305164406,-0.273815352010928
"M1S__UP009","summarization","granite4.1:8b","True","stop",0.64186757,0.262840143,3206,0.044793,37,0.293043,"False",141,0,FALSE,FALSE,FALSE,FALSE,FALSE,0.645320664974861,2.15667652199045,0.0223048502089632,0.0103422325886766,12.5,72.9319183789116,20,5.7387653125463e-06,4.36322571273351e-05,9.17957529988295e-06,5.85505977397643e-05,0,0,0,0,"UP009",1,"Sustainability","granite4.1:8b",37,5.85505977397643e-05,0.0223048502089632,0.645320664974861,3.61091791264422,-9.74561925892459,-3.80295112600557,-0.438007930727183
"M1S__UP010","summarization","granite4.1:8b","True","stop",4.515530845,0.305973939,8504,0.653462,395,3.440847,"False",1361,0,FALSE,FALSE,FALSE,FALSE,FALSE,4.52011799602769,6.03194306005025,0.184064336678527,0.0305149327250104,12.5030204225,258.716396100028,20,1.9197964558638e-05,0.00043326756883566,3.07063702112322e-05,0.00048317190360553,0,94.75,53.6,32.7941036224365,"UP010",1,"Sustainability","granite4.1:8b",395,0.00048317190360553,0.184064336678527,4.52011799602769,5.97888576490112,-7.63513805954598,-1.69246992662696,1.50853809881926
"M1G__UP010","summarization","granite4.1:8b","True","stop",7.205816428,0.274998158,8443,0.641839,614,5.363408,"False",1911,0,FALSE,FALSE,FALSE,FALSE,FALSE,7.20974305900745,8.72085884801345,0.271117340120445,0.0310883761388024,12.5027196734375,263.252832684336,20,2.85369081218792e-05,0.000637503010001872,4.56475477390793e-05,0.00071168746586283,21.4285714285714,86,55.8,34.1580854143415,"UP010",1,"General","granite4.1:8b",614,0.00071168746586283,0.271117340120445,7.20974305900745,6.41999492814714,-7.24787169535997,-1.30520356244095,1.97543331390838
"M1G__UP011","summarization","granite4.1:8b","True","stop",2.626840081,0.278158329,3134,0.032293999,189,1.469764,"False",789,0,FALSE,FALSE,FALSE,FALSE,FALSE,2.6299931940157,4.14101223304169,0.078566421108281,0.018972757549806,12.5024576,150.86245822656,20,1.26317341612283e-05,0.000173401527608696,2.02048826277153e-05,0.00020623814439764,0,94,58.1,35.5477428436279,"UP011",1,"General","granite4.1:8b",189,0.00020623814439764,0.078566421108281,2.6299931940157,5.24174701505964,-8.48647901611003,-2.54381088319101,0.966981258359593
"M1S__UP011","summarization","granite4.1:8b","True","stop",1.810331628,0.2884277,3195,0.044468,183,1.433451,"False",771,0,FALSE,FALSE,FALSE,FALSE,FALSE,1.81400791398482,3.32529715000419,0.0687492482256701,0.0206746179737903,12.5018432,167.960963494642,20,9.79666463830272e-06,0.000155000401778516,1.5670838099969e-05,0.000180467904516787,0,95,58.1,35.5454711914062,"UP011",1,"Sustainability","granite4.1:8b",183,0.000180467904516787,0.0687492482256701,1.81400791398482,5.20948615284142,-8.61995761031361,-2.67728947739459,0.595538714409351
"M1S__UP012","summarization","granite4.1:8b","True","stop",0.425048706,0.262963556,3051,0.020975,12,0.098981,"False",47,0,FALSE,FALSE,FALSE,FALSE,FALSE,0.427807349013165,1.93853159603896,0.0139761522425228,0.00720965924469869,12.5000001125,44.1536415142601,20,4.9812435760266e-06,2.37397412137241e-05,7.96664414455235e-06,3.66876289343031e-05,0,0,0,0,"UP012",1,"Sustainability","granite4.1:8b",12,3.66876289343031e-05,0.0139761522425228,0.427807349013165,2.484906649788,-10.2130709459889,-4.27040281306985,-0.849082303862484
"M1G__UP012","summarization","granite4.1:8b","True","stop",1.343253574,0.274931719,2990,0.023658,128,1.001041,"False",604,0,FALSE,FALSE,FALSE,FALSE,FALSE,1.34639082901413,2.85703054699115,0.0502881341871453,0.0176015388565256,12.50059900625,139.688473033065,20,8.17246902322647e-06,0.000110760088607442,1.30746196554456e-05,0.000132007177286114,0,94,58.1,35.5497589111328,"UP012",1,"General","granite4.1:8b",128,0.000132007177286114,0.0502881341871453,1.34639082901413,4.85203026391962,-8.93265426347643,-2.98998613055741,0.297427552384427
"M1G__UP013","summarization","granite4.1:8b","True","stop",2.255059698,0.306642597,3028,0.026043,240,1.881672,"False",1280,0,FALSE,FALSE,FALSE,FALSE,FALSE,2.25871313299285,3.77010230498854,0.0847392475431866,0.0224766440504972,12.501413075,184.396344210872,20,1.13416630471503e-05,0.000192957654365777,1.81425976499061e-05,0.000222441915062834,0,94,58.1,35.5602951049805,"UP013",1,"General","granite4.1:8b",240,0.000222441915062834,0.0847392475431866,2.25871313299285,5.48063892334199,-8.41084454633638,-2.46817641341736,0.814795240928498
"M1S__UP013","summarization","granite4.1:8b","True","stop",0.959163777,0.283345718,3089,0.033229,76,0.598638,"False",398,0,FALSE,FALSE,FALSE,FALSE,FALSE,0.962837905040942,2.47486004797975,0.0350209099099018,0.0141506627570677,12.5000001125,107.990051392107,20,6.84210617281183e-06,7.4145337094933e-05,1.09430198111416e-05,9.19304630788864e-05,0,0,0,0,"UP013",1,"Sustainability","granite4.1:8b",76,9.19304630788864e-05,0.0350209099099018,0.962837905040942,4.33073334028633,-9.29447810280241,-3.3518099698834,-0.037870204258504
"M1S__UP014","summarization","granite4.1:8b","True","stop",2.213174013,0.27282174,4897,0.229545,205,1.651561,"False",898,0,FALSE,FALSE,FALSE,FALSE,FALSE,2.2170250780182,3.72872260399163,0.0884155262505478,0.0237120149822618,12.5013317375,196.134724683685,20,1.11976398202157e-05,0.000202982384608141,1.79121825556245e-05,0.000232092206983982,0,47.5,58.1,35.5622425079346,"UP014",1,"Sustainability","granite4.1:8b",205,0.000232092206983982,0.0884155262505478,2.2170250780182,5.32300997913841,-8.3683758213614,-2.42570768844238,0.796166242260859
"M1G__UP014","summarization","granite4.1:8b","True","stop",2.544126153,0.286530788,4836,0.229757,244,1.96785,"False",965,0,FALSE,FALSE,FALSE,FALSE,FALSE,2.54805429599946,4.05925884400494,0.100035280959908,0.0246437304947056,12.5024576375,204.568089210134,20,1.23471088154667e-05,0.00023049712884049,1.97500160778873e-05,0.000262594253733844,0,95,58.1,35.5652122497559,"UP014",1,"General","granite4.1:8b",244,0.000262594253733844,0.100035280959908,2.54805429599946,5.4971682252932,-8.24490047853666,-2.30223234561764,0.935330046744834
"M1G__UP015","summarization","granite4.1:8b","True","stop",4.54964361,0.291492394,3108,0.03397,534,4.186444,"False",2771,0,FALSE,FALSE,FALSE,FALSE,FALSE,4.55292192898924,6.064864829008,0.17667364100308,0.0291306807297761,12.50295344,245.625215411641,20,1.9310953812507e-05,0.000413571719746209,3.08885326444094e-05,0.000463771206203125,0,94,58.1,35.561240196228,"UP015",1,"General","granite4.1:8b",534,0.000463771206203125,0.17667364100308,4.55292192898924,6.2803958389602,-7.67611921742638,-1.73345108450736,1.51576920904754
"M1S__UP015","summarization","granite4.1:8b","True","stop",1.434593359,0.283596647,3169,0.037771,137,1.069196999,"False",653,0,FALSE,FALSE,FALSE,FALSE,FALSE,1.43837240396533,2.94978341797832,0.0546122065188969,0.0185139716312888,12.50309358125,148.156002120095,20,8.49504356551505e-06,0.000121277874800541,1.35850197331618e-05,0.000143357938099217,0,94,58.1,35.5495681762695,"UP015",1,"Sustainability","granite4.1:8b",137,0.000143357938099217,0.0546122065188969,1.43837240396533,4.91998092582813,-8.85016599151954,-2.90749785860052,0.363512199321294
"M1S__UP016","summarization","granite4.1:8b","True","stop",0.801128897,0.284418137,3253,0.044205,54,0.425688,"False",248,0,FALSE,FALSE,FALSE,FALSE,FALSE,0.804880523006432,2.31573144602589,0.0288605485196917,0.0124628218739355,12.5000001125,92.4591150905893,20,6.291972747766e-06,5.94042141903728e-05,1.00632264223855e-05,7.57594133605243e-05,0,0,0,0,"UP016",1,"Sustainability","granite4.1:8b",54,7.57594133605243e-05,0.0288605485196917,0.804880523006432,3.98898404656427,-9.48794785250972,-3.5452797195907,-0.217061431204258
"M1G__UP016","summarization","granite4.1:8b","True","stop",1.657739428,0.293836004,3192,0.044345,163,1.27795,"False",757,0,FALSE,FALSE,FALSE,FALSE,FALSE,1.66091633599717,3.17153224500362,0.062830093162399,0.0198106430295264,12.50184325625,160.004446599871,20,9.26595865788399e-06,0.000140841501561795,1.48225651442772e-05,0.000164930025363956,0,94,58,35.542423248291,"UP016",1,"General","granite4.1:8b",163,0.000164930025363956,0.062830093162399,1.66091633599717,5.09375020080676,-8.70998926271804,-2.76732112979902,0.507369459704028
"M1G__UP017","summarization","granite4.1:8b","True","stop",2.186189294,0.284741664,3503,0.079424,226,1.774485,"False",988,0,FALSE,FALSE,FALSE,FALSE,FALSE,2.18999458098551,3.70411528396653,0.0843752471152675,0.0227787853905332,12.5014300625,187.490010617817,20,1.11031044526086e-05,0.000192622931876052,1.77603716389664e-05,0.000221486407967627,0,94,58.1,35.5494174957275,"UP017",1,"General","granite4.1:8b",226,0.000221486407967627,0.0843752471152675,2.18999458098551,5.42053499927229,-8.41514933393921,-2.47248120102019,0.783899069389509
"M1S__UP017","summarization","granite4.1:8b","True","stop",1.156126705,0.288803137,3564,0.088029,93,0.7308,"False",399,0,FALSE,FALSE,FALSE,FALSE,FALSE,1.16001976199914,2.67169353802456,0.0437319250778963,0.016368615806973,12.500074925,128.47012634783,20,7.52593203028688e-06,9.52334095192242e-05,1.20376792613469e-05,0.000114797020810858,0,39,58.1,35.5497856140137,"UP017",1,"Sustainability","granite4.1:8b",93,0.000114797020810858,0.0437319250778963,1.16001976199914,4.53259949315326,-9.07234502554047,-3.12967689262146,0.148437041179312
"M1S__UP018","summarization","granite4.1:8b","True","stop",1.310990635,0.284721159,3177,0.033881,121,0.949942,"False",482,0,FALSE,FALSE,FALSE,FALSE,FALSE,1.31480113603175,2.82658366899705,0.0490319305942301,0.0173467112019465,12.50052138125,137.376473882635,20,8.06416314132155e-06,0.000107746752864735,1.28987062389367e-05,0.000128709622244993,0,46,58.1,35.5518493652344,"UP018",1,"Sustainability","granite4.1:8b",121,0.000128709622244993,0.0490319305942301,1.31480113603175,4.79579054559674,-8.95795168123859,-3.01528354831957,0.273685426841435
"M1G__UP018","summarization","granite4.1:8b","True","stop",1.190533031,0.288004487,3116,0.035012,105,0.821099,"False",407,0,FALSE,FALSE,FALSE,FALSE,FALSE,1.19439709797734,2.70644089498091,0.0442310127044276,0.0163428703676677,12.5001236375,128.148530876309,20,7.64614367244133e-06,9.623174365192e-05,1.22292466943489e-05,0.00011610713401871,0,0,58,35.5415992736816,"UP018",1,"General","granite4.1:8b",105,0.00011610713401871,0.0442310127044276,1.19439709797734,4.65396035015752,-9.06099722395865,-3.11832909103963,0.177641537549122
"M1G__UP019","summarization","granite4.1:8b","True","stop",3.808400071,0.290414471,3303,0.053429,435,3.416953,"False",2308,0,FALSE,FALSE,FALSE,FALSE,FALSE,3.81234368198784,5.32892871403601,0.148569408823888,0.0278797891277034,12.50285395625,234.413529997546,20,1.67397106977925e-05,0.000346483054963542,2.67743699834682e-05,0.000389997135644803,0,94.3333333333333,58,35.5430717468262,"UP019",1,"General","granite4.1:8b",435,0.000389997135644803,0.148569408823888,3.81234368198784,6.07534603108868,-7.84937116336806,-1.90670303044904,1.33824413964714
"M1S__UP019","summarization","granite4.1:8b","True","stop",3.277497837,0.302897656,3364,0.060087,365,2.865169,"False",1904,0,FALSE,FALSE,FALSE,FALSE,FALSE,3.28146776399808,4.79285425000126,0.127293823375269,0.0265590849910021,12.50209638125,222.048580576491,20,1.48925946737746e-05,0.000295433569680092,2.38222104335566e-05,0.000334148374787424,0,94,58,35.5355644226074,"UP019",1,"Sustainability","granite4.1:8b",365,0.000334148374787424,0.127293823375269,3.28146776399808,5.89989735358249,-8.00392542774063,-2.06125729482162,1.1882908113265
"M1S__UP020","summarization","granite4.1:8b","True","stop",0.951917974,0.306707215,3208,0.037022,72,0.567506,"False",369,0,FALSE,FALSE,FALSE,FALSE,FALSE,0.955691665003542,2.46735040703788,0.0346544157812104,0.0140451942627857,12.5000001125,107.01007697116,20,6.81644675580131e-06,7.32497808222377e-05,1.09021824002007e-05,9.09684099782397e-05,0,0,0,0,"UP020",1,"Sustainability","granite4.1:8b",72,9.09684099782397e-05,0.0346544157812104,0.955691665003542,4.27666611901606,-9.3049982548118,-3.36233012189279,-0.0453199441004023
"M1G__UP020","summarization","granite4.1:8b","True","stop",1.714488479,0.286510609,3147,0.039202,172,1.344822,"False",852,0,FALSE,FALSE,FALSE,FALSE,FALSE,1.71764789597364,3.22891373600578,0.0650381521764964,0.0201424248196081,12.5018432,163.080443599258,20,9.46202398828788e-06,0.000146127894680603,1.5136297833265e-05,0.000170726216502156,0,95,58,35.5342597961426,"UP020",1,"General","granite4.1:8b",172,0.000170726216502156,0.0650381521764964,1.71764789597364,5.14749447681345,-8.67544935763566,-2.73278122471664,0.540955852599816
"M1G__UP021","open_qa","granite4.1:8b","True","stop",2.505457818,0.295433786,2942,0.017388,276,2.151208,"False",1361,0,FALSE,FALSE,FALSE,FALSE,FALSE,2.50863949302584,4.02411258796928,0.095987585070084,0.0238531062369015,12.5025764375,197.382427709954,20,1.22094626215508e-05,0.000220229065071464,1.95304579221152e-05,0.00025196898561513,0,94,58,35.5381622314453,"UP021",1,"General","granite4.1:8b",276,0.00025196898561513,0.095987585070084,2.50863949302584,5.62040086571715,-8.28620455098278,-2.34353641806376,0.919740571538746
"M1S__UP021","open_qa","granite4.1:8b","True","stop",0.914578435,0.290971466,3003,0.023845,71,0.556016,"False",343,0,FALSE,FALSE,FALSE,FALSE,FALSE,0.91812857898185,2.43458322802326,0.0329456887646327,0.0135323731739427,12.5,102.510596408528,20,6.68598380899413e-06,6.91033886166537e-05,1.06936011000976e-05,8.64829735257454e-05,0,0,0,0,"UP021",1,"Sustainability","granite4.1:8b",71,8.64829735257454e-05,0.0329456887646327,0.91812857898185,4.26267987704132,-9.35556300125421,-3.41289486833519,-0.0854178339193463
"M1S__UP022","open_qa","granite4.1:8b","True","stop",0.8991968,0.291359264,3003,0.01727,70,0.547806,"False",247,0,FALSE,FALSE,FALSE,FALSE,FALSE,0.902975087985396,2.41430916596437,0.032418303972464,0.0134275694386948,12.5000009,101.298069363567,20,6.6335023942541e-06,6.78539431717695e-05,1.0611134227818e-05,8.50985797938416e-05,0,0,0,0,"UP022",1,"Sustainability","granite4.1:8b",70,8.50985797938416e-05,0.032418303972464,0.902975087985396,4.24849524204936,-9.37170021119822,-3.4290320782792,-0.102060314001748
"M1G__UP022","open_qa","granite4.1:8b","True","stop",1.688947355,0.302630477,2942,0.018711,170,1.32557,"False",714,0,FALSE,FALSE,FALSE,FALSE,FALSE,1.69272069400176,3.20449697098229,0.0633070340783985,0.0197556854169822,12.5018432,159.461551521937,20,9.37696772576498e-06,0.000141806502334418,1.4998533033132e-05,0.000166182003093315,0,95,58.1,35.5486450195312,"UP022",1,"General","granite4.1:8b",170,0.000166182003093315,0.0633070340783985,1.69272069400176,5.13579843705026,-8.70242696604322,-2.7597588331242,0.526337112577875
"M1G__UP023","open_qa","granite4.1:8b","True","stop",3.582634099,0.287208133,2946,0.017413,415,3.240416,"False",2309,0,FALSE,FALSE,FALSE,FALSE,FALSE,3.58657251199475,5.10149831499439,0.138281274704809,0.0271060120314793,12.502854153125,227.162140388557,20,1.5955225712312e-05,0.00032151581276807,2.55195763110856e-05,0.000362990614791467,0,94,58.0666666666667,35.5462303161621,"UP023",1,"General","granite4.1:8b",415,0.000362990614791467,0.138281274704809,3.58657251199475,6.0282785202307,-7.92113357860262,-1.9784654456836,1.27719701441838
"M1S__UP023","open_qa","granite4.1:8b","True","stop",1.555249622,0.262983321,3007,0.022886,157,1.226243,"False",813,0,FALSE,FALSE,FALSE,FALSE,FALSE,1.55984381696908,3.07160461199237,0.0592782031934928,0.0192987739900034,12.50202190625,155.367622022581,20,8.91563201068642e-06,0.00013243121705564,1.42594068556921e-05,0.000155606255922018,50,94,58,35.5392189025879,"UP023",1,"Sustainability","granite4.1:8b",157,0.000155606255922018,0.0592782031934928,1.55984381696908,5.05624580534831,-8.76818174187383,-2.82551360895481,0.444585698921857
"M1S__UP024","open_qa","granite4.1:8b","True","stop",2.124971159,0.27161867,3007,0.017266,229,1.792316,"False",1001,0,FALSE,FALSE,FALSE,FALSE,FALSE,2.12840512598632,3.63979565404588,0.0809096755510008,0.0222291807676247,12.50138615,182.223375394949,20,1.08889985878639e-05,0.000184082647265882,1.74175799002923e-05,0.000212389225754038,0,47,58,35.542106628418,"UP024",1,"Sustainability","granite4.1:8b",229,0.000212389225754038,0.0809096755510008,2.12840512598632,5.43372200355424,-8.4570899960882,-2.51442186316918,0.755372932112632
"M1G__UP024","open_qa","granite4.1:8b","True","stop",0.993203639,0.298445808,2946,0.018168,81,0.634789,"False",407,0,FALSE,FALSE,FALSE,FALSE,FALSE,0.996957865019795,2.50884785701055,0.0357486616636466,0.0142490352947282,12.5000001125,108.819327466945,20,6.96103334727142e-06,7.57470050416487e-05,1.11327849832984e-05,9.38408233722185e-05,0,0,0,0,"UP024",1,"General","granite4.1:8b",81,9.38408233722185e-05,0.0357486616636466,0.996957865019795,4.39444915467244,-9.2739105794438,-3.33124244652478,-0.00304677167885425
"M1G__UP025","open_qa","granite4.1:8b","True","stop",4.139731036,0.28677425,2945,0.015585,487,3.798947,"False",2293,0,FALSE,FALSE,FALSE,FALSE,FALSE,4.14359699899796,5.65567276498768,0.162096681466311,0.0286609017533327,12.50237087,241.387216342913,20,1.78894483228835e-05,0.000379002803202688,2.86141967387973e-05,0.000425506448264369,0,70,58,35.543342590332,"UP025",1,"General","granite4.1:8b",487,0.000425506448264369,0.162096681466311,4.14359699899796,6.18826412308259,-7.76223045550782,-1.8195623225888,1.42156425095161
"M1S__UP025","open_qa","granite4.1:8b","True","stop",3.488941786,0.287044718,3006,0.023987,401,3.135114,"False",1963,0,FALSE,FALSE,FALSE,FALSE,FALSE,3.49287959298817,5.00464845000533,0.136447378074739,0.0272641284273611,12.502948653125,228.56405859156,20,1.56296947559265e-05,0.000317547754038472,2.49991572555801e-05,0.000358176606049979,0,94.3333333333333,58,35.5447718302409,"UP025",1,"Sustainability","granite4.1:8b",401,0.000358176606049979,0.136447378074739,3.49287959298817,5.99396142730657,-7.93448438021366,-1.99181624729464,1.25072649428529
"M1S__UP026","open_qa","granite4.1:8b","True","stop",3.513027451,0.286026029,3005,0.017368,405,3.165201,"False",1904,0,FALSE,FALSE,FALSE,FALSE,FALSE,3.51705326500814,5.0288527070079,0.136715750175569,0.0271862705354345,12.50303778125,227.840495561016,20,1.57122100867421e-05,0.000318038032208534,2.5130844922387e-05,0.000358881087217663,0,94.6666666666667,58,35.5424537658691,"UP026",1,"Sustainability","granite4.1:8b",405,0.000358881087217663,0.136715750175569,3.51705326500814,6.00388706710654,-7.93251945772287,-1.98985132480385,1.25762349838943
"M1G__UP026","open_qa","granite4.1:8b","True","stop",4.21677857,0.291355206,2944,0.017483,495,3.863836,"False",2516,0,FALSE,FALSE,FALSE,FALSE,FALSE,4.22063602204435,5.73422900697915,0.165806256161405,0.0289151786508005,12.502344905,243.83043771264,20,1.81563027067655e-05,0.00038804725488184,2.90405851109729e-05,0.000435244142699579,0,94.25,58,35.5440883636475,"UP026",1,"General","granite4.1:8b",495,0.000435244142699579,0.165806256161405,4.22063602204435,6.20455776256869,-7.73960343673087,-1.79693530381185,1.43998583281564
"M1G__UP027","open_qa","granite4.1:8b","True","stop",2.351527849,0.281173895,2942,0.01742,259,2.019683,"False",1167,0,FALSE,FALSE,FALSE,FALSE,FALSE,2.35527287499281,3.8665182889672,0.0901891597187501,0.0233256777747819,12.5017472375,192.3153276746,20,1.16771073402881e-05,0.000206392942891043,1.86779737055379e-05,0.000236748023936869,0,94.5,58.1,35.5479431152344,"UP027",1,"General","granite4.1:8b",259,0.000236748023936869,0.0901891597187501,2.35527287499281,5.55682806169954,-8.3485141725565,-2.40584603963748,0.856656591241183
"M1S__UP027","open_qa","granite4.1:8b","True","stop",0.650641192,0.289315242,3003,0.023775,37,0.292791,"False",181,0,FALSE,FALSE,FALSE,FALSE,FALSE,0.654341970977839,2.16979277995415,0.0227404529275463,0.0104804722080543,12.5,74.4072186548435,20,5.76816415276779e-06,4.46986468700672e-05,9.2272509998616e-06,5.96940620226966e-05,0,0,0,0,"UP027",1,"Sustainability","granite4.1:8b",37,5.96940620226966e-05,0.0227404529275463,0.654341970977839,3.61091791264422,-9.72627800611897,-3.78360987319995,-0.424125172781588
"M1S__UP028","open_qa","granite4.1:8b","True","stop",0.840149724,0.268662534,2999,0.017242,65,0.51018,"False",320,0,FALSE,FALSE,FALSE,FALSE,FALSE,0.843957053963095,2.35563155601267,0.0302593259313059,0.0128455258013801,12.5000001125,95.9763274638371,20,6.42860406136346e-06,6.27197723979123e-05,1.02828505555711e-05,7.94312270148468e-05,0,0,0,0,"UP028",1,"Sustainability","granite4.1:8b",65,7.94312270148468e-05,0.0302593259313059,0.843957053963095,4.17438726989564,-9.44061897968774,-3.49795084676872,-0.169653669610793
"M1G__UP028","open_qa","granite4.1:8b","True","stop",2.505658174,0.268226047,2938,0.017274,279,2.177742,"False",1431,0,FALSE,FALSE,FALSE,FALSE,FALSE,2.5082778899814,4.01817843696335,0.0968299933411055,0.0240979824216773,12.5024576375,199.432872683659,20,1.2206514595163e-05,0.000222449344624565,1.95244619276814e-05,0.000254180321147409,25,94,58,35.5442848205566,"UP028",1,"General","granite4.1:8b",279,0.000254180321147409,0.0968299933411055,2.5082778899814,5.63121178182137,-8.27746661704664,-2.33479848412762,0.91959641806064
"M1G__UP029","open_qa","granite4.1:8b","True","stop",7.036594377,0.263200511,2937,0.017223,858,6.714021,"False",3768,0,FALSE,FALSE,FALSE,FALSE,FALSE,7.04053065698827,8.55218832800165,0.277721523592443,0.0324737380587287,12.5030353625,276.391287082399,20,2.79508069972333e-05,0.000656364691757894,4.47080570722594e-05,0.000729023555827386,7.14285714285714,80.8571428571429,58.1,35.5460444859096,"UP029",1,"General","granite4.1:8b",858,0.000729023555827386,0.277721523592443,7.04053065698827,6.75460409948796,-7.22380451395723,-1.28113638103822,1.95168354474232
"M1S__UP029","open_qa","granite4.1:8b","True","stop",3.810377819,0.288594575,2998,0.02289,442,3.454623,"False",1955,0,FALSE,FALSE,FALSE,FALSE,FALSE,3.81423494301271,5.32601655297913,0.148177549512537,0.0278214586902952,12.5030322125,233.628329974694,20,1.67461889008571e-05,0.000345438054128344,2.67842554943248e-05,0.000388968498523526,0,94.3333333333333,58,35.5387903849284,"UP029",1,"Sustainability","granite4.1:8b",442,0.000388968498523526,0.148177549512537,3.81423494301271,6.0913098820777,-7.85201219828425,-1.90934406536524,1.33874010544166
"M1S__UP030","open_qa","granite4.1:8b","True","stop",2.988156393,0.290206266,3003,0.017345,338,2.643192,"False",1519,0,FALSE,FALSE,FALSE,FALSE,FALSE,2.99128328898223,4.50549157999922,0.116128882853603,0.0257749639060747,12.5024576,215.047741826294,20,1.3885491976156e-05,0.000268742992771465,2.22117379944797e-05,0.0003048402227421,0,93,58,35.5429420471191,"UP030",1,"Sustainability","granite4.1:8b",338,0.0003048402227421,0.116128882853603,2.99128328898223,5.82304589548302,-8.09572277848135,-2.15305464556233,1.09570248896489
"M1G__UP030","open_qa","granite4.1:8b","True","stop",5.711312094,0.288911302,2942,0.017478,686,5.360381,"False",3194,0,FALSE,FALSE,FALSE,FALSE,FALSE,5.7149721540045,7.22855578002054,0.22583103242756,0.0312415148060071,12.50313141875,265.20004085145,20,2.33466511518561e-05,0.000532120703472749,3.73428105612725e-05,0.000592810165185878,20,94.4,58,35.539803314209,"UP030",1,"General","granite4.1:8b",686,0.000592810165185878,0.22583103242756,5.7149721540045,6.53087762772588,-7.43063633637996,-1.48796820346094,1.74308942479475
"M1G__UP031","open_qa","granite4.1:8b","True","stop",6.813985518,0.291414865,2943,0.017473,826,6.461067,"False",3405,0,FALSE,FALSE,FALSE,FALSE,FALSE,6.81788334797602,8.33297822001623,0.272203575215592,0.0326658210340387,12.5034144392857,278.397418240439,20,2.71781889147147e-05,0.00064388968177731,4.34709801167224e-05,0.000714538850808747,0,93.8333333333333,58,35.5363400777181,"UP031",1,"General","granite4.1:8b",826,0.000714538850808747,0.272203575215592,6.81788334797602,6.71659477352098,-7.24387318725281,-1.30120505433379,1.91954906414958
"M1S__UP031","open_qa","granite4.1:8b","True","stop",3.533499174,0.271202079,3004,0.023998,409,3.195309,"False",1616,0,FALSE,FALSE,FALSE,FALSE,FALSE,3.53733177896356,5.04933517402969,0.138932854651321,0.0275150786911306,12.502943084375,230.915319525407,20,1.57840219983382e-05,0.000323671370048295,2.52456307944764e-05,0.00036470102284111,0,94.6666666666667,58,35.5406710306803,"UP031",1,"Sustainability","granite4.1:8b",409,0.00036470102284111,0.138932854651321,3.53733177896356,6.0137151560428,-7.916432655544,-1.97376452262498,1.26337270818877
"M1S__UP032","open_qa","granite4.1:8b","True","stop",3.375355665,0.279862581,3000,0.017329,388,3.033615,"False",1632,0,FALSE,FALSE,FALSE,FALSE,FALSE,3.37940298399189,4.89097608299926,0.132971041225669,0.0271870152233761,12.502337553125,227.913916242763,20,1.52345581340164e-05,0.000309448303114301,2.43683035388434e-05,0.000349051164787161,0,94.3333333333333,58,35.5396766662598,"UP032",1,"Sustainability","granite4.1:8b",388,0.000349051164787161,0.132971041225669,3.37940298399189,5.96100533962327,-7.96029204253249,-2.01762390961347,1.21769906193861
"M1G__UP032","open_qa","granite4.1:8b","True","stop",3.770188646,0.260231424,2939,0.017384,442,3.450561,"False",1896,0,FALSE,FALSE,FALSE,FALSE,FALSE,3.77407277497696,5.28601852199063,0.149290229378454,0.0282424718637259,12.5030322125,237.637498189244,20,1.66067273498392e-05,0.000348721945643504,2.65606284332332e-05,0.000391889301426577,0,94,58.1,35.5512110392253,"UP032",1,"General","granite4.1:8b",442,0.000391889301426577,0.149290229378454,3.77407277497696,6.0913098820777,-7.84453115237455,-1.90186301945553,1.32815473000818
"M1G__UP033","open_qa","granite4.1:8b","True","stop",4.886407908,0.28919241,2937,0.059626,577,4.500058,"False",3127,0,FALSE,FALSE,FALSE,FALSE,FALSE,4.88994648802327,6.40141320397379,0.192952164652006,0.0301421199512988,12.50288216,255.018696663478,20,2.0481055983607e-05,0.000453260918163778,3.27606237053664e-05,0.000506502597852752,0,94.5,58.1,35.5653285980225,"UP033",1,"General","granite4.1:8b",577,0.000506502597852752,0.192952164652006,4.88994648802327,6.3578422665081,-7.58798110526055,-1.64531297234153,1.58718136028238
"M1S__UP033","open_qa","granite4.1:8b","True","stop",1.23712331,0.238392242,2998,0.022767,119,0.932375,"False",688,0,FALSE,FALSE,FALSE,FALSE,FALSE,1.24098969699116,2.75288696202915,0.0478656853829476,0.0173874503541787,12.50023045625,137.927278180686,20,7.80708857154727e-06,0.000105352584282237,1.24885365777623e-05,0.000125648209431546,0,94,58.1,35.5574569702148,"UP033",1,"Sustainability","granite4.1:8b",119,0.000125648209431546,0.0478656853829476,1.24098969699116,4.77912349311153,-8.98202454452153,-3.03935641160251,0.215909204005222
"M1S__UP034","open_qa","granite4.1:8b","True","stop",2.721138644,0.291144988,3010,0.017324,303,2.369789,"False",1660,0,FALSE,FALSE,FALSE,FALSE,FALSE,2.72500411095098,4.24003428599099,0.104879230307297,0.0247354675064342,12.5025767375,205.432067172327,20,1.29640050201013e-05,0.000241611582177725,2.07341130444547e-05,0.000275309700242281,0,94,58.1,35.5598239898682,"UP034",1,"Sustainability","granite4.1:8b",303,0.000275309700242281,0.104879230307297,2.72500411095098,5.71373280550937,-8.19761391126653,-2.25494577834751,1.00246993671993
"M1G__UP034","open_qa","granite4.1:8b","True","stop",3.432059229,0.278842818,2949,0.017578,396,3.094944,"False",2244,0,FALSE,FALSE,FALSE,FALSE,FALSE,3.43578171596164,4.94711512303911,0.134483815969876,0.0271842907684873,12.502618296875,227.839796207508,20,1.5429749664443e-05,0.000312911639217539,2.46808344278381e-05,0.00035302222330982,0,94,58.1,35.553643544515,"UP034",1,"General","granite4.1:8b",396,0.00035302222330982,0.134483815969876,3.43578171596164,5.98141421125448,-7.9489795474607,-2.00631141454168,1.23424447357128
"M1G__UP035","open_qa","granite4.1:8b","True","stop",0.943392966,0.296814493,2941,0.017311,75,0.58675,"False",377,0,FALSE,FALSE,FALSE,FALSE,FALSE,0.947181993047707,2.46353420597734,0.0347518885640359,0.0141065175712667,12.5,107.882763862987,20,6.78553023620528e-06,7.3584781090652e-05,1.08539663054722e-05,9.12242776323295e-05,0,0,0,0,"UP035",1,"General","granite4.1:8b",75,9.12242776323295e-05,0.0347518885640359,0.947181993047707,4.31748811353631,-9.30218949420061,-3.35952136128159,-0.0542640257513168
"M1S__UP035","open_qa","granite4.1:8b","True","stop",0.966246915,0.305048597,3002,0.023797,76,0.597625,"False",375,0,FALSE,FALSE,FALSE,FALSE,FALSE,0.970037763006985,2.48198027501348,0.0346451317464215,0.01395866522196,12.5,106.158000104305,20,6.86682568064296e-06,7.30950584761914e-05,1.09821550777674e-05,9.09440392346017e-05,0,0,0,0,"UP035",1,"Sustainability","granite4.1:8b",76,9.09440392346017e-05,0.0346451317464215,0.970037763006985,4.33073334028633,-9.30526619407478,-3.36259806115576,-0.0304202773074615
"M1S__UP036","open_qa","granite4.1:8b","True","stop",0.482578559,0.304841591,2999,0.017352,14,0.115459,"False",59,0,FALSE,FALSE,FALSE,FALSE,FALSE,0.486203627951909,2.00069337198511,0.015075686787079,0.00753523103448919,12.5,47.0676688043607,20,5.18723597229433e-06,2.6088909758748e-05,8.29777942207228e-06,3.95739251531146e-05,0,0,0,0,"UP036",1,"Sustainability","granite4.1:8b",14,3.95739251531146e-05,0.015075686787079,0.486203627951909,2.63905732961526,-10.1373401123105,-4.19467197939143,-0.721127755277051
"M1G__UP036","open_qa","granite4.1:8b","True","stop",0.737644106,0.307688547,2938,0.01731,47,0.370868,"False",201,0,FALSE,FALSE,FALSE,FALSE,FALSE,0.741374615987297,2.25482344196644,0.025455050587485,0.0112891546689286,12.5,81.6509373179419,20,6.07212504514286e-06,5.1033929715949e-05,9.71387065559005e-06,6.68199254166819e-05,0,0,0,0,"UP036",1,"General","granite4.1:8b",47,6.68199254166819e-05,0.025455050587485,0.741374615987297,3.85014760171006,-9.61350923721884,-3.67084110429982,-0.299249226797014
"M1G__UP037","open_qa","granite4.1:8b","True","stop",3.634256889,0.293076952,2937,0.017106,421,3.286837,"False",1964,0,FALSE,FALSE,FALSE,FALSE,FALSE,3.63774762203684,5.15056676696986,0.141656443083996,0.0275030786888206,12.50285395625,230.834606147171,20,1.61291496722103e-05,0.000329923319494441,2.57980179943843e-05,0.000371850487161035,0,94,58.1,35.5550651550293,"UP037",1,"General","granite4.1:8b",421,0.000371850487161035,0.141656443083996,3.63774762203684,6.04263283368238,-7.89701870071488,-1.95435056779586,1.29136470496739
"M1S__UP037","open_qa","granite4.1:8b","True","stop",1.159704317,0.300786996,2998,0.022689,101,0.792216,"False",463,0,FALSE,FALSE,FALSE,FALSE,FALSE,1.16324671701295,2.6762674759957,0.0425351931792248,0.0158934761045884,12.50009725625,124.04922645091,20,7.5368185320546e-06,9.20622958719974e-05,1.20564655387878e-05,0.00011165557994284,0,0,58.1,35.5487976074219,"UP037",1,"Sustainability","granite4.1:8b",101,0.00011165557994284,0.0425351931792248,1.16324671701295,4.61512051684126,-9.10009160383028,-3.15742347091126,0.151214989484568
"M1S__UP038","open_qa","granite4.1:8b","True","stop",1.28321379,0.290264759,2998,0.017206,119,0.933047,"False",624,0,FALSE,FALSE,FALSE,FALSE,FALSE,1.28699022694491,2.80279484804487,0.0474595448963382,0.0169329356836246,12.50032810625,133.74762431978,20,7.96750679991013e-06,0.000103870083096425,1.2744494094578e-05,0.000124582083990913,0,93,58.1,35.5486907958984,"UP038",1,"Sustainability","granite4.1:8b",119,0.000124582083990913,0.0474595448963382,1.28699022694491,4.77912349311153,-8.99054575014436,-3.04787761722534,0.252306334913758
"M1G__UP038","open_qa","granite4.1:8b","True","stop",2.315898677,0.298790731,2937,0.017326,251,1.957933,"False",1188,0,FALSE,FALSE,FALSE,FALSE,FALSE,2.31975224200869,3.83479007304413,0.0884742382927063,0.0230714684787096,12.501821225,190.132663763961,20,1.15545597623227e-05,0.0002022096062122,1.84821610833751e-05,0.000232246327057898,0,94.5,58.1,35.5466690063477,"UP038",1,"General","granite4.1:8b",251,0.000232246327057898,0.0884742382927063,2.31975224200869,5.52545293913178,-8.36771199500077,-2.42504386208175,0.841460387737888
"M1G__UP039","open_qa","granite4.1:8b","True","stop",1.391357818,0.292428296,2941,0.017299,133,1.036272999,"False",633,0,FALSE,FALSE,FALSE,FALSE,FALSE,1.39503606397193,2.90702740702545,0.0517171011452471,0.0177903727430508,12.5009891,141.405497529678,20,8.34421960168371e-06,0.000114068702365522,1.33453170280619e-05,0.000135758238995267,0,94,58.1,35.554012298584,"UP039",1,"General","granite4.1:8b",133,0.000135758238995267,0.0517171011452471,1.39503606397193,4.89034912822175,-8.90463490857745,-2.96196677565843,0.33292026724879
"M1S__UP039","open_qa","granite4.1:8b","True","stop",1.208190154,0.271085773,3002,0.023699,111,0.869143,"False",488,0,FALSE,FALSE,FALSE,FALSE,FALSE,1.21192329999758,2.72380111698294,0.0451452655416121,0.0165743619312477,12.50015435,130.295804313589,20,7.70577181980413e-06,9.84739676681556e-05,1.23273232279138e-05,0.000118507062715874,0,0,58.1,35.5594940185547,"UP039",1,"Sustainability","granite4.1:8b",111,0.000118507062715874,0.0451452655416121,1.21192329999758,4.70953020131233,-9.04053799818732,-3.0978698652683,0.192208601814237
"M1S__UP040","open_qa","granite4.1:8b","True","stop",0.832853301,0.305757462,3004,0.017286,60,0.471168,"False",289,0,FALSE,FALSE,FALSE,FALSE,FALSE,0.836638190026861,2.35018647002289,0.0295000122252629,0.0125522006877078,12.5000001125,93.3073517115308,20,6.40203471045809e-06,6.07944930797188e-05,1.02414882887388e-05,7.74380160789157e-05,0,0,0,0,"UP040",1,"Sustainability","granite4.1:8b",60,7.74380160789157e-05,0.0295000122252629,0.836638190026861,4.0943445622221,-9.46603273413977,-3.52336460122076,-0.178363571928118
"M1G__UP040","open_qa","granite4.1:8b","True","stop",0.963481803,0.292340214,2943,0.017311,78,0.611282,"False",351,0,FALSE,FALSE,FALSE,FALSE,FALSE,0.96720405400265,2.47923473000992,0.0345341526186694,0.0139293598144018,12.5000001125,105.880606157593,20,6.85732523548484e-06,7.28278360400125e-05,1.09675559279923e-05,9.06527172034896e-05,0,0,0,0,"UP040",1,"General","granite4.1:8b",78,9.06527172034896e-05,0.0345341526186694,0.96720405400265,4.35670882668959,-9.30847464654646,-3.36580651362744,-0.033345788207036
"M1G__UP041","classification","granite4.1:8b","True","stop",1.287534742,0.282498993,2952,0.017363,122,0.950782,"False",572,0,FALSE,FALSE,FALSE,FALSE,FALSE,1.29133570898557,2.80409423197852,0.0479907571889963,0.0171145308319881,12.50045005625,135.278024672623,20,7.98365805526474e-06,0.000105224250846803,1.27686160723291e-05,0.000125976524974396,0,34,58.1,35.5531158447266,"UP041",1,"General","granite4.1:8b",122,0.000125976524974396,0.0479907571889963,1.29133570898557,4.80402104473326,-8.97941497809762,-3.0367468451786,0.255677116004396
"M1S__UP041","classification","granite4.1:8b","True","stop",1.028683635,0.280603728,3013,0.024022,87,0.683089,"False",397,0,FALSE,FALSE,FALSE,FALSE,FALSE,1.03246909799054,2.54394133196911,0.0377029652758799,0.0148206897706624,12.500001575,114.137417161283,20,7.08183769084535e-06,8.05597866708752e-05,1.13292780556043e-05,9.89709024173248e-05,0,0,58.1,35.5592727661133,"UP041",1,"Sustainability","granite4.1:8b",87,9.89709024173248e-05,0.0377029652758799,1.03246909799054,4.46590811865458,-9.22068466600767,-3.27801653308865,0.0319531160981796
"M1S__UP042","classification","granite4.1:8b","True","stop",1.574687486,0.288519437,3047,0.019932,156,1.222898,"False",623,0,FALSE,FALSE,FALSE,FALSE,FALSE,1.5785071880091,3.0899394750013,0.0594762385468842,0.0192483506644929,12.50221085,154.858363952531,20,8.97904823503892e-06,0.000132784828450028,1.43622252886416e-05,0.000156126101973708,0,95,58.1,35.5634269714355,"UP042",1,"Sustainability","granite4.1:8b",156,0.000156126101973708,0.0594762385468842,1.5785071880091,5.04985600724954,-8.76484653126509,-2.82217839834607,0.456479582701517
"M1G__UP042","classification","granite4.1:8b","True","stop",2.426638714,0.29968363,2986,0.022183,264,2.061775,"False",1011,0,FALSE,FALSE,FALSE,FALSE,FALSE,2.42975257901708,3.9408434460056,0.0924273080279449,0.0234536868298151,12.50196695,193.444877967348,20,1.19353594369238e-05,0.000211595169275824,1.9092671255607e-05,0.000242623199968355,0,94.5,58.1,35.5587329864502,"UP042",1,"General","granite4.1:8b",264,0.000242623199968355,0.0924273080279449,2.42975257901708,5.57594910314632,-8.32400093548931,-2.38133280257029,0.88778943283398
"M1G__UP043","classification","granite4.1:8b","True","stop",1.318938459,0.310600091,2948,0.017451,122,0.95029,"False",591,0,FALSE,FALSE,FALSE,FALSE,FALSE,1.32268907799153,2.83422587095993,0.04797935003816,0.01692855552896,12.5007254,133.39723790086,20,8.09123174875772e-06,0.00010491202837315,1.2943320894394e-05,0.000125946581016301,0,94,58.1,35.5590171813965,"UP043",1,"General","granite4.1:8b",122,0.000125946581016301,0.04797935003816,1.32268907799153,4.80402104473326,-8.97965270109741,-3.03698456817839,0.279666844656981
"M1S__UP043","classification","granite4.1:8b","True","stop",0.786695644,0.308988451,3009,0.023965,53,0.417222,"False",223,0,FALSE,FALSE,FALSE,FALSE,FALSE,0.79052616097033,2.30222356301965,0.0271360022256257,0.0117868666890167,12.5000009,86.1197377374532,20,6.24353577611006e-06,5.50025440020363e-05,9.9863712669402e-06,7.12324510450865e-05,0,0,0,0,"UP043",1,"Sustainability","granite4.1:8b",53,7.12324510450865e-05,0.0271360022256257,0.79052616097033,3.97029191355212,-9.54956207027421,-3.60689393735519,-0.235056528673595
"M1S__UP044","classification","granite4.1:8b","True","stop",2.260192651,0.270291873,3020,0.017608,247,1.930105,"False",1072,0,FALSE,FALSE,FALSE,FALSE,FALSE,2.263992098975,3.77565608703298,0.086210735473496,0.0228333125386012,12.5015319125,187.769759477288,20,1.13601889712253e-05,0.00019677210186142,1.81723041890008e-05,0.000226304595021646,0,89,58.1,35.557107925415,"UP044",1,"Sustainability","granite4.1:8b",247,0.000226304595021646,0.086210735473496,2.263992098975,5.50938833662798,-8.39362870053028,-2.45096056761126,0.817129670482813
"M1G__UP044","classification","granite4.1:8b","True","stop",3.368249769,0.265953684,2959,0.019619,390,3.040655,"False",1680,0,FALSE,FALSE,FALSE,FALSE,FALSE,3.37208650598768,4.88385193998693,0.130742358130994,0.0267703361480987,12.502762409375,223.976388426082,20,1.52103419972556e-05,0.000303662742929589,2.43277501722332e-05,0.000343200835099078,0,95,58.1,35.5549570719401,"UP044",1,"General","granite4.1:8b",390,0.000343200835099078,0.130742358130994,3.37208650598768,5.96614673912369,-7.97719475708106,-2.03452662416204,1.21553169401804
"M1G__UP045","classification","granite4.1:8b","True","stop",0.933520519,0.282883125,2955,0.017627,76,0.593998,"False",319,0,FALSE,FALSE,FALSE,FALSE,FALSE,0.937016865005717,2.44830847799312,0.0342805915619337,0.0140017452335228,12.5000001125,106.646169897473,20,6.75076271355828e-06,7.24386690613699e-05,1.07976834946183e-05,8.99871152695464e-05,0,0,0,0,"UP045",1,"General","granite4.1:8b",76,8.99871152695464e-05,0.0342805915619337,0.937016865005717,4.33073334028633,-9.31584406155461,-3.37317592863559,-0.0650539979668286
"M1S__UP045","classification","granite4.1:8b","True","stop",1.566458161,0.309347387,3016,0.02418,152,1.188475,"False",685,0,FALSE,FALSE,FALSE,FALSE,FALSE,1.57031578297028,3.08524406899232,0.0583160893153914,0.0189016129717213,12.5018432,151.78208482281,20,8.95187452479313e-06,0.000129810937182562,1.43178794998676e-05,0.000153080691207222,0,95,58.1,35.5556182861328,"UP045",1,"Sustainability","granite4.1:8b",152,0.000153080691207222,0.0583160893153914,1.57031578297028,5.02388052084628,-8.78454538208366,-2.84187724916464,0.451276734785016
"M1S__UP046","classification","granite4.1:8b","True","stop",2.859279008,0.288266876,3044,0.019805,320,2.506754,"False",1460,0,FALSE,FALSE,FALSE,FALSE,FALSE,2.86306792299729,4.3748453760054,0.110328789074004,0.0252189002333937,12.502576475,209.718975421808,20,1.34420820564377e-05,0.000254673537072314,2.14992622835174e-05,0.000289614881412269,50,94,58.1,35.5555686950684,"UP046",1,"Sustainability","granite4.1:8b",320,0.000289614881412269,0.110328789074004,2.86306792299729,5.76832099579377,-8.14695851268084,-2.20429037976182,1.05189375024856
"M1G__UP046","classification","granite4.1:8b","True","stop",4.443657664,0.26483146,2983,0.020105,527,4.121383,"False",2251,0,FALSE,FALSE,FALSE,FALSE,FALSE,4.44754234800348,5.95931732997997,0.174952772809907,0.0293578547881248,12.5029619675,247.81596874506,20,1.89452922260521e-05,0.000410006161336796,3.03024454000277e-05,0.000459253898962875,0,94.25,58.1,35.5567674636841,"UP046",1,"General","granite4.1:8b",527,0.000459253898962875,0.174952772809907,4.44754234800348,6.26720054854136,-7.68590734405668,-1.74323921113766,1.4923516622671
"M1G__UP047","classification","granite4.1:8b","True","stop",4.340569938,0.290226892,2943,0.017476,511,3.990083,"False",2315,0,FALSE,FALSE,FALSE,FALSE,FALSE,4.34444307000376,5.85617512202589,0.171096406496716,0.0292164088217238,12.5025940475,246.523638785376,20,1.85872483156359e-05,0.000400813376206344,2.97302495998641e-05,0.000449130874121844,12.5,94.25,58.1,35.5564727783203,"UP047",1,"General","granite4.1:8b",511,0.000449130874121844,0.171096406496716,4.34444307000376,6.2363695902037,-7.70819623358057,-1.76552810066155,1.46889757328763
"M1S__UP047","classification","granite4.1:8b","True","stop",1.479508928,0.283543243,3004,0.024,144,1.128077,"False",739,0,FALSE,FALSE,FALSE,FALSE,FALSE,1.48328588297591,2.99845437402837,0.0556928435859639,0.0185738506039502,12.50167619375,148.839365084269,20,8.64882611670956e-06,0.000123711210079591,1.38345919332803e-05,0.000146194628129581,0,94,58.1,35.5563316345215,"UP047",1,"Sustainability","granite4.1:8b",144,0.000146194628129581,0.0556928435859639,1.48328588297591,4.969813299576,-8.83057175462337,-2.88790362170435,0.394259817993373
"M1S__UP048","classification","granite4.1:8b","True","stop",0.998389242,0.260110473,3020,0.017704,86,0.676241,"False",451,0,FALSE,FALSE,FALSE,FALSE,FALSE,1.0011085869628,2.51184803299839,0.0369197784812471,0.0146982532367518,12.5000001125,113.04943593083,20,6.97265651403115e-06,7.87881185848605e-05,1.11542491332835e-05,9.69150242321751e-05,0,0,58.1,35.5560302734375,"UP048",1,"Sustainability","granite4.1:8b",86,9.69150242321751e-05,0.0369197784812471,1.0011085869628,4.45434729625351,-9.24167600225073,-3.29900786933171,0.00110797293403439
"M1G__UP048","classification","granite4.1:8b","True","stop",1.844179632,0.308443302,2959,0.018785,190,1.479861,"False",900,0,FALSE,FALSE,FALSE,FALSE,FALSE,1.84730829799082,3.35725767898839,0.0703873944975256,0.0209657408598838,12.5020215125,170.628203340691,20,9.91165289934169e-06,0.000159001516090385,1.58548963666868e-05,0.000184768065356413,0,94,58.1,35.5504455566406,"UP048",1,"General","granite4.1:8b",190,0.000184768065356413,0.0703873944975256,1.84730829799082,5.24702407216049,-8.59640922020237,-2.65374108728335,0.613729605528638
"M1G__UP049","classification","granite4.1:8b","True","stop",0.778711152,0.26398686,2948,0.017359,58,0.456285,"False",243,0,FALSE,FALSE,FALSE,FALSE,FALSE,0.781955527956598,2.29251707601361,0.0280886207355993,0.0122523060043861,12.5000001125,90.5253854289017,20,6.2132140593805e-06,5.75803238422878e-05,9.93955236109388e-06,7.37330902627622e-05,0,0,0,0,"UP049",1,"General","granite4.1:8b",58,7.37330902627622e-05,0.0280886207355993,0.781955527956598,4.06044301054642,-9.51505887360679,-3.57239074068777,-0.245957409674683
"M1S__UP049","classification","granite4.1:8b","True","stop",0.467705247,0.29247146,3009,0.023946,13,0.107061,"False",38,0,FALSE,FALSE,FALSE,FALSE,FALSE,0.471539096033666,1.98349662701366,0.0150750403318286,0.00760023492176313,12.5000001125,47.66823668129,20,5.13569830313196e-06,2.62222431999248e-05,8.21428669441957e-06,3.95722281974764e-05,0,0,0,0,"UP049",1,"Sustainability","granite4.1:8b",13,3.95722281974764e-05,0.0150750403318286,0.471539096033666,2.56494935746154,-10.13738299388,-4.19471486096095,-0.751753261929059
"M1S__UP050","classification","granite4.1:8b","True","stop",1.156207102,0.276460448,3003,0.017225,105,0.823316,"False",475,0,FALSE,FALSE,FALSE,FALSE,FALSE,1.15997028298443,2.67337451101048,0.0432262878512142,0.0161691853023898,12.500074925,126.651504365288,20,7.52730010102379e-06,9.39034084552759e-05,1.2039006238855e-05,0.000113469714795155,0,94,58.1,35.545108795166,"UP050",1,"Sustainability","granite4.1:8b",105,0.000113469714795155,0.0432262878512142,1.15997028298443,4.65396035015752,-9.08397458664691,-3.14130645372789,0.148394386673255
"M1G__UP050","classification","granite4.1:8b","True","stop",0.912709887,0.289447524,2942,0.017441,72,0.563265,"False",284,0,FALSE,FALSE,FALSE,FALSE,FALSE,0.916575617040507,2.42847613000777,0.0331943971951635,0.0136688175704067,12.5,103.562041000473,20,6.68106879877289e-06,6.97689447042293e-05,1.06858237332846e-05,8.71358372362868e-05,0,0,0,0,"UP050",1,"General","granite4.1:8b",72,8.71358372362868e-05,0.0331943971951635,0.916575617040507,4.27666611901606,-9.34804230940197,-3.40537417648295,-0.0871107087877704
"M1G__UP051","classification","granite4.1:8b","True","stop",0.796651016,0.281901616,2947,0.017286,58,0.455568,"False",269,0,FALSE,FALSE,FALSE,FALSE,FALSE,0.800361716013867,2.31197209795937,0.0284968053266677,0.012325756591881,12.5,91.185746819467,20,6.27762702081074e-06,5.84864356794057e-05,1.00405188109208e-05,7.48045815111373e-05,0,0,0,0,"UP051",1,"General","granite4.1:8b",58,7.48045815111373e-05,0.0284968053266677,0.800361716013867,4.06044301054642,-9.50063142471066,-3.55796329179164,-0.222691508483633
"M1S__UP051","classification","granite4.1:8b","True","stop",0.462321778,0.293475983,3008,0.024051,12,0.099463,"False",36,0,FALSE,FALSE,FALSE,FALSE,FALSE,0.466108309046831,1.97822955599986,0.014613645220016,0.00738723429527863,12.5,45.6769761564602,20,5.11764746180335e-06,2.50589089363373e-05,8.18450206101665e-06,3.83610584591573e-05,0,0,0,0,"UP051",1,"Sustainability","granite4.1:8b",12,3.83610584591573e-05,0.014613645220016,0.466108309046831,2.484906649788,-10.1684677155467,-4.22579958262765,-0.76333724901522
"M1S__UP052","classification","granite4.1:8b","True","stop",1.088467777,0.284183297,3035,0.020384,94,0.741066,"False",362,0,FALSE,FALSE,FALSE,FALSE,FALSE,1.09156049200101,2.60314569901675,0.0391745456810955,0.0150489254965223,12.50001220625,116.146561519973,20,7.28824399899322e-06,8.38864559975505e-05,1.16591251277391e-05,0.000102833825124283,0,94,58.1,35.5500144958496,"UP052",1,"Sustainability","granite4.1:8b",94,0.000102833825124283,0.0391745456810955,1.09156049200101,4.54329478227,-9.18239622089044,-3.23972808797142,0.0876083164534018
"M1G__UP052","classification","granite4.1:8b","True","stop",1.428814485,0.28530904,2974,0.01975,139,1.086733,"False",611,0,FALSE,FALSE,FALSE,FALSE,FALSE,1.43234779202612,2.9473117380403,0.0534271955571276,0.0181274328288911,12.50123485625,144.706106157927,20,8.47139446396839e-06,0.000118224539024325,1.35513313945719e-05,0.000140247264882866,0,93,58.1,35.5450553894043,"UP052",1,"General","granite4.1:8b",139,0.000140247264882866,0.0534271955571276,1.43234779202612,4.93447393313069,-8.87210351547808,-2.92943538255906,0.35931491057656
"M1G__UP053","classification","granite4.1:8b","True","stop",1.386708636,0.291885961,2958,0.017645,133,1.036189,"False",563,0,FALSE,FALSE,FALSE,FALSE,FALSE,1.39020822197199,2.90405313199153,0.0520432209333403,0.0179208914465178,12.5008789625,142.815642530631,20,8.32354494687614e-06,0.000114976758648133,1.33140051944388e-05,0.000136614308789448,0,95,58.1,35.5495719909668,"UP053",1,"General","granite4.1:8b",133,0.000136614308789448,0.0520432209333403,1.39020822197199,4.89034912822175,-8.89834886675671,-2.9556807338377,0.329453535903552
"M1S__UP053","classification","granite4.1:8b","True","stop",0.899795983,0.280008668,3019,0.025773,70,0.551286,"False",321,0,FALSE,FALSE,FALSE,FALSE,FALSE,0.902951276977547,2.41387712303549,0.0325610323278803,0.0134891010056611,12.5000001125,101.897167645046,20,6.63210973336175e-06,6.82319990294999e-05,1.06091353055995e-05,8.54732440684612e-05,0,0,0,0,"UP053",1,"Sustainability","granite4.1:8b",70,8.54732440684612e-05,0.0325610323278803,0.902951276977547,4.24849524204936,-9.36730716586769,-3.42463903294867,-0.102086683856371
"M1S__UP054","classification","granite4.1:8b","True","stop",2.752102153,0.278896745,3049,0.020069,308,2.411437,"False",1222,0,FALSE,FALSE,FALSE,FALSE,FALSE,2.75541604700265,4.26656155299861,0.105571475190784,0.0247439240895485,12.5024576,205.30971537692,20,1.30673975316783e-05,0.000243157416748296,2.09020401386725e-05,0.000277126854418647,0,95,58.1,35.5484199523926,"UP054",1,"Sustainability","granite4.1:8b",308,0.000277126854418647,0.105571475190784,2.75541604700265,5.73009978297357,-8.19103519841772,-2.2483670654987,1.0135684464492
"M1G__UP054","classification","granite4.1:8b","True","stop",1.841872196,0.297641991,2988,0.022451,189,1.478418,"False",768,0,FALSE,FALSE,FALSE,FALSE,FALSE,1.84584665100556,3.35784766002325,0.069504430490047,0.0206991017840177,12.50184325625,168.147520844564,20,9.90951645301516e-06,0.000156690958686312,1.58497952112359e-05,0.000182450270350563,0,95,58.1,35.5496559143066,"UP054",1,"General","granite4.1:8b",189,0.000182450270350563,0.069504430490047,1.84584665100556,5.24174701505964,-8.609032913304,-2.66636478038498,0.612938061668841
"M1G__UP055","classification","granite4.1:8b","True","stop",1.451182414,0.288215421,2947,0.017571,141,1.102096,"False",571,0,FALSE,FALSE,FALSE,FALSE,FALSE,1.4549765609554,2.96719530294649,0.0539118096508496,0.0181692824861626,12.50167574375,144.878538257343,20,8.55290353798502e-06,0.000119288150986385,1.36783303052653e-05,0.000141519384829636,0,94,58.1,35.5562210083008,"UP055",1,"General","granite4.1:8b",141,0.000141519384829636,0.0539118096508496,1.4549765609554,4.94875989037817,-8.86307385500153,-2.92040572208252,0.374989791184697
"M1S__UP055","classification","granite4.1:8b","True","stop",1.380353188,0.292352357,3008,0.024069,130,1.019988,"False",562,0,FALSE,FALSE,FALSE,FALSE,FALSE,1.38416273298208,2.89644804602722,0.0518170584078265,0.017889862888754,12.50077765625,142.375994205923,20,8.30650713916021e-06,0.000114429535988059,1.32845853222534e-05,0.000136020628449472,0,94,58.1,35.5536079406738,"UP055",1,"Sustainability","granite4.1:8b",130,0.000136020628449472,0.0518170584078265,1.38416273298208,4.86753445045558,-8.9027040039549,-2.96003587103589,0.325095431917748
"M1S__UP056","classification","granite4.1:8b","True","stop",1.693404163,0.291365595,3069,0.023859,170,1.337649,"False",741,0,FALSE,FALSE,FALSE,FALSE,FALSE,1.69701660599094,3.20821056899149,0.0639357798700119,0.0199287978438742,12.50202145625,161.081012411902,20,9.39102603207777e-06,0.000143419559179847,1.5021885899801e-05,0.000167832471111726,0,95,58.1,35.5540771484375,"UP056",1,"Sustainability","granite4.1:8b",170,0.000167832471111726,0.0639357798700119,1.69701660599094,5.13579843705026,-8.69254427185503,-2.74987613893601,0.528871771702702
"M1G__UP056","classification","granite4.1:8b","True","stop",3.068015506,0.285316871,3008,0.024131,348,2.72192,"False",1589,0,FALSE,FALSE,FALSE,FALSE,FALSE,3.07182766398182,4.58347875101026,0.118487397495438,0.0258509756305342,12.502027559375,215.510488211222,20,1.4166402735074e-05,0.000274205497142077,2.26594624943876e-05,0.000311031362371539,0,62.6666666666667,58.1,35.5651245117188,"UP056",1,"General","granite4.1:8b",348,0.000311031362371539,0.118487397495438,3.07182766398182,5.85220247977447,-8.07561680723103,-2.13294867431201,1.12227271474757
"M1G__UP057","classification","granite4.1:8b","True","stop",1.020902481,0.248584956,2958,0.016282,92,0.719352,"False",451,0,FALSE,FALSE,FALSE,FALSE,FALSE,1.02412694500526,2.53440046100877,0.0386875652153307,0.0152649771851493,12.50000050625,118.329739819767,20,7.05275096965982e-06,8.32197887978836e-05,1.12829536445335e-05,0.000101555493412077,50,61,58.1,35.5607299804688,"UP057",1,"General","granite4.1:8b",92,0.000101555493412077,0.0386875652153307,1.02412694500526,4.52178857704904,-9.19490517576262,-3.2522370428436,0.0238404886654071
"M1S__UP057","classification","granite4.1:8b","True","stop",1.51493468,0.291048241,3019,0.025857,148,1.156395,"False",603,0,FALSE,FALSE,FALSE,FALSE,FALSE,1.51885303697782,3.02969012700487,0.0565035663002262,0.0186499489821044,12.50202145625,149.276494856528,20,8.77325715861032e-06,0.000125517600413794,1.40319309831183e-05,0.000148322788555522,0,95,58.1,35.5596733093262,"UP057",1,"Sustainability","granite4.1:8b",148,0.000148322788555522,0.0565035663002262,1.51885303697782,4.99721227376411,-8.81611965538278,-2.87345152246376,0.417955469083045
"M1S__UP058","classification","granite4.1:8b","True","stop",0.993348483,0.300902337,3049,0.020101,80,0.631725,"False",321,0,FALSE,FALSE,FALSE,FALSE,FALSE,0.996994032000657,2.50863452098565,0.0358918867212039,0.0143073398779117,12.5000001125,109.372167613066,20,6.96048088885755e-06,7.61236720094871e-05,1.11326385997624e-05,9.4216791498107e-05,0,0,0,0,"UP058",1,"Sustainability","granite4.1:8b",80,9.4216791498107e-05,0.0358918867212039,0.996994032000657,4.38202663467388,-9.26991213857186,-3.32724400565284,-0.00301049499542911
"M1G__UP058","classification","granite4.1:8b","True","stop",3.010426219,0.290805142,2988,0.022373,340,2.653773,"False",1560,0,FALSE,FALSE,FALSE,FALSE,FALSE,3.01424272498116,4.52574054402066,0.117233190502149,0.0259036481128012,12.501843228125,216.051686509851,20,1.39660844231477e-05,0.000271433828258338,2.23391357557072e-05,0.000307739048437193,0,62.6666666666667,58.1,35.5524597167969,"UP058",1,"General","granite4.1:8b",340,0.000307739048437193,0.117233190502149,3.01424272498116,5.82894561761021,-8.08625837943967,-2.14359024652065,1.10334862947041
"M1G__UP059","classification","granite4.1:8b","True","stop",2.028521113,0.287507711,2971,0.019358,215,1.679233,"False",893,0,FALSE,FALSE,FALSE,FALSE,FALSE,2.0323284920305,3.54377884103451,0.0768335065672545,0.0216812363338185,12.5012291375,177.166164308058,20,1.0555005712838e-05,0.000174250972733603,1.68832368501979e-05,0.000201689215296639,0,47.5,58.1,35.5598964691162,"UP059",1,"General","granite4.1:8b",215,0.000201689215296639,0.0768335065672545,2.0323284920305,5.37063802812766,-8.50878258346368,-2.56611445054466,0.709182176114582
"M1S__UP059","classification","granite4.1:8b","True","stop",1.484569046,0.286257276,3032,0.026321,144,1.12768,"False",563,0,FALSE,FALSE,FALSE,FALSE,FALSE,1.48836844303878,3.00025107199326,0.0563059728447616,0.0187670869849415,12.5018432,150.472302937863,20,8.66744756266227e-06,0.000125274266886244,1.38623880442335e-05,0.00014780410249314,0,95,58.1,35.5619964599609,"UP059",1,"Sustainability","granite4.1:8b",144,0.00014780410249314,0.0563059728447616,1.48836844303878,4.969813299576,-8.81962279277761,-2.8769546598586,0.397680515329783
"M1S__UP060","classification","granite4.1:8b","True","stop",1.081046598,0.260707847,3031,0.019317,97,0.762314,"False",394,0,FALSE,FALSE,FALSE,FALSE,FALSE,1.08296961401356,2.59270855400246,0.040210786360467,0.0155091810448159,12.50001220625,120.519827186787,20,7.25150849087269e-06,8.67017360288713e-05,1.16007293888187e-05,0.000105553973908563,0,95,58.1,35.5617446899414,"UP060",1,"Sustainability","granite4.1:8b",97,0.000105553973908563,0.040210786360467,1.08296961401356,4.57471097850338,-9.15628813484231,-3.21362000192329,0.0797069103893822
"M1G__UP060","classification","granite4.1:8b","True","stop",1.932090345,0.299075794,2970,0.01969,202,1.574293,"False",862,0,FALSE,FALSE,FALSE,FALSE,FALSE,1.93575975997373,3.44698553305352,0.0728795831999162,0.0211429907381583,12.50202145625,172.203249904945,20,1.02199837611144e-05,0.000164742076237623,1.63480415891778e-05,0.000191310101587915,0,93,58.1,35.5595169067383,"UP060",1,"General","granite4.1:8b",202,0.000191310101587915,0.0728795831999162,1.93575975997373,5.30826769740121,-8.56161487795708,-2.61894674503806,0.660499890231812
"M1G__UP061","information_extraction","granite4.1:8b","True","stop",1.486022032,0.277863168,3195,0.044328,143,1.118977,"False",572,0,FALSE,FALSE,FALSE,FALSE,FALSE,1.4898140449659,3.00185467500705,0.056526284518391,0.0188304533823771,12.50184325625,151.065469647466,20,8.6734364916633e-06,0.000125837600670309,1.38713870889559e-05,0.000148382424250928,0,95,58.1,35.5695419311523,"UP061",1,"General","granite4.1:8b",143,0.000148382424250928,0.056526284518391,1.4898140449659,4.96284463025991,-8.81571766921176,-2.87304953629274,0.398651310132635
"M1S__UP061","information_extraction","granite4.1:8b","True","stop",1.41436065,0.277134339,3256,0.04974,133,1.040624,"False",568,0,FALSE,FALSE,FALSE,FALSE,FALSE,1.41828464803984,2.92995642998721,0.0535853362416642,0.0182887826225791,12.5009891,146.0788762031,20,8.42307613940069e-06,0.000118766761679545,1.347254895534e-05,0.000140662386774286,100,67,58.1,35.572998046875,"UP061",1,"Sustainability","granite4.1:8b",133,0.000140662386774286,0.0535853362416642,1.41828464803984,4.89034912822175,-8.86914795883446,-2.92647982591545,0.349448147061749
"M1S__UP062","information_extraction","granite4.1:8b","True","stop",3.714448386,0.271036955,3834,0.114025,414,3.277813,"False",1884,0,FALSE,FALSE,FALSE,FALSE,FALSE,3.71836039202753,5.23015205800766,0.14628962928019,0.0279704352106193,12.503037753125,235.092039255752,20,1.64133766122851e-05,0.000341346661966391,2.62526383610546e-05,0.00038401267693973,0,94.3333333333333,58.1,35.5703188578288,"UP062",1,"Sustainability","granite4.1:8b",414,0.00038401267693973,0.14628962928019,3.71836039202753,6.02586597382531,-7.86483499305758,-1.92216686013856,1.31328281629279
"M1G__UP062","information_extraction","granite4.1:8b","True","stop",3.629294354,0.275956127,3773,0.114245,403,3.187835,"False",1787,0,FALSE,FALSE,FALSE,FALSE,FALSE,3.63329575402895,5.14538021502085,0.144442646315914,0.0280722979215888,12.50285395625,236.118301801179,20,1.61180370383427e-05,0.000337266103145772,2.57801761721364e-05,0.000379164316356252,0,94.6666666666667,58.1,35.5665957132975,"UP062",1,"General","granite4.1:8b",403,0.000379164316356252,0.144442646315914,3.63329575402895,5.99893656194668,-7.87754089444736,-1.93487276152835,1.29014015758569
"M1G__UP063","information_extraction","granite4.1:8b","True","stop",0.825124272,0.294044339,4691,0.213847,32,0.253706,"False",127,0,FALSE,FALSE,FALSE,FALSE,FALSE,0.829212790995371,2.34159838297637,0.031938368041023,0.0136395584628081,12.5,103.54130952962,20,6.37911213885268e-06,6.7257831583234e-05,1.02017963777245e-05,8.38387400998111e-05,0,0,0,0,"UP063",1,"General","granite4.1:8b",32,8.38387400998111e-05,0.031938368041023,0.829212790995371,3.46573590279973,-9.38661536493991,-3.4439472320209,-0.187278472833541
"M1S__UP063","information_extraction","granite4.1:8b","True","stop",0.865607139,0.278850511,4752,0.22608,38,0.302127,"False",107,0,FALSE,FALSE,FALSE,FALSE,FALSE,0.869691195024643,2.38087163097225,0.0344161391711627,0.0144552687022057,12.5000072,111.118135244882,20,6.51816367105544e-06,7.33992253856286e-05,1.04255409109303e-05,9.03429299676143e-05,0,0,0,0,"UP063",1,"Sustainability","granite4.1:8b",38,9.03429299676143e-05,0.0344161391711627,0.869691195024643,3.63758615972639,-9.31189779559146,-3.36922966267244,-0.139617078590084
"M1S__UP064","information_extraction","granite4.1:8b","True","stop",0.889057659,0.279288373,3357,0.054514,65,0.509973,"False",248,0,FALSE,FALSE,FALSE,FALSE,FALSE,0.892903184983879,2.40474800701486,0.032635872558353,0.0135714313779038,12.5,102.705353465338,20,6.59893467713523e-06,6.85158881461589e-05,1.0554878078013e-05,8.56697009013072e-05,0,0,0,0,"UP064",1,"Sustainability","granite4.1:8b",65,8.56697009013072e-05,0.032635872558353,0.892903184983879,4.17438726989564,-9.365011343283,-3.42234321036398,-0.1132771194546
"M1G__UP064","information_extraction","granite4.1:8b","True","stop",1.519129442,0.290848105,3296,0.05369,144,1.128877,"False",604,0,FALSE,FALSE,FALSE,FALSE,FALSE,1.52181880496209,3.03191107197199,0.0576326301999833,0.0190086809381577,12.50241216875,152.693842424099,20,8.77874114376545e-06,0.000128466213883627,1.40416447888128e-05,0.000151286599816205,0,94,58.1,35.5571784973145,"UP064",1,"General","granite4.1:8b",144,0.000151286599816205,0.0576326301999833,1.52181880496209,4.969813299576,-8.79633450807041,-2.85366637515139,0.419906201736175
"M1G__UP065","information_extraction","granite4.1:8b","True","stop",1.242725258,0.292474119,3431,0.065619,107,0.837406,"False",444,0,FALSE,FALSE,FALSE,FALSE,FALSE,1.24589357496006,2.75605023896787,0.0467305703519752,0.0169556308122582,12.5044217,133.794911070326,20,7.82523161151008e-06,0.000102328137418617,1.25151448220196e-05,0.000122668513852147,0,94,58.1,35.5617294311523,"UP065",1,"General","granite4.1:8b",107,0.000122668513852147,0.0467305703519752,1.24589357496006,4.67282883446191,-9.00602484999955,-3.06335671708053,0.219853003362649
"M1S__UP065","information_extraction","granite4.1:8b","True","stop",1.349301845,0.283210646,3492,0.077486,120,0.940688,"False",512,0,FALSE,FALSE,FALSE,FALSE,FALSE,1.35256953397766,2.86489144398365,0.0516290605826173,0.0180212973482956,12.50077765625,143.750876830176,20,8.19307466951082e-06,0.000114228424715535,1.31056316888943e-05,0.00013552713107394,0,94,58.1,35.5607032775879,"UP065",1,"Sustainability","granite4.1:8b",120,0.00013552713107394,0.0516290605826173,1.35256953397766,4.78749174278205,-8.90633870835977,-2.96367057544075,0.302006141860716
"M1S__UP066","information_extraction","granite4.1:8b","True","stop",0.459194067,0.291654408,3134,0.030687,11,0.092076,"False",42,0,FALSE,FALSE,FALSE,FALSE,FALSE,0.463181691011414,1.97589041403262,0.0150001731420548,0.00759160175864246,12.5000009,47.6720251180618,20,5.10609740235447e-06,2.61039097715354e-05,8.16569342213269e-06,3.93757005960226e-05,0,0,0,0,"UP066",1,"Sustainability","granite4.1:8b",11,3.93757005960226e-05,0.0150001731420548,0.463181691011414,2.39789527279837,-10.1423616680619,-4.19969353514289,-0.769635880682002
"M1G__UP066","information_extraction","granite4.1:8b","True","stop",0.463772328,0.296201771,3073,0.030755,11,0.092333,"False",42,0,FALSE,FALSE,FALSE,FALSE,FALSE,0.467527550994419,1.97938657703344,0.0148433595608605,0.00749896949544169,12.5,46.7291083502344,20,5.12082014595055e-06,2.5651687187711e-05,8.19155503898704e-06,3.89640623726486e-05,0,0,0,0,"UP066",1,"General","granite4.1:8b",11,3.89640623726486e-05,0.0148433595608605,0.467527550994419,2.39789527279837,-10.1528708142805,-4.2102026813615,-0.760296999381471
"M1G__UP067","information_extraction","granite4.1:8b","True","stop",1.990897049,0.294140243,3087,0.030925,207,1.621262,"False",974,0,FALSE,FALSE,FALSE,FALSE,FALSE,1.994848174043,3.50661574699916,0.0751059440294028,0.0214183558873469,12.5018432,174.733902912425,20,1.04260772062552e-05,0.000170051247152081,1.66770109334417e-05,0.000197154335291778,0,94,58.1,35.5582237243652,"UP067",1,"General","granite4.1:8b",207,0.000197154335291778,0.0751059440294028,1.994848174043,5.33271879326537,-8.53152370806868,-2.58885557514966,0.690567944209237
"M1S__UP067","information_extraction","granite4.1:8b","True","stop",0.671369895,0.278561523,3148,0.039485,39,0.30925,"False",179,0,FALSE,FALSE,FALSE,FALSE,FALSE,0.674824791960418,2.18637540895725,0.0239476834714129,0.0109531434415622,12.5,78.6228466121609,20,5.83966409370381e-06,4.76819825907526e-05,9.34141532213996e-06,6.28630620065964e-05,0,0,0,0,"UP067",1,"Sustainability","granite4.1:8b",39,6.28630620065964e-05,0.0239476834714129,0.674824791960418,3.66356164612965,-9.67455181625408,-3.73188368333506,-0.39330218926912
"M1S__UP068","information_extraction","granite4.1:8b","True","stop",1.005276437,0.287941066,3500,0.065974,77,0.601799,"False",341,0,FALSE,FALSE,FALSE,FALSE,FALSE,1.00923018198228,2.52079227700597,0.0373804269650062,0.0148288406410878,12.5000001125,114.272351389633,20,7.00169225067877e-06,7.99217306033384e-05,1.1200811205587e-05,9.81242340596042e-05,0,0,58.1,35.5566596984863,"UP068",1,"Sustainability","granite4.1:8b",77,9.81242340596042e-05,0.0373804269650062,1.00923018198228,4.34380542185368,-9.22927618765416,-3.28660805473514,0.00918784417691807
"M1G__UP068","information_extraction","granite4.1:8b","True","stop",1.08382874,0.276141328,3439,0.073115,88,0.686484,"False",374,0,FALSE,FALSE,FALSE,FALSE,FALSE,1.08747130900156,2.5989810010069,0.0407700441641462,0.0156869342824557,12.50001215,122.187076731528,20,7.27454154652671e-06,8.81114593775933e-05,1.16360338944812e-05,0.000107022034818601,0,0,58.1,35.567798614502,"UP068",1,"General","granite4.1:8b",88,0.000107022034818601,0.0407700441641462,1.08747130900156,4.47733681447821,-9.14247581181951,-3.19980767890049,0.0838551011053737
"M1G__UP069","information_extraction","granite4.1:8b","True","stop",0.97807147,0.301904023,3071,0.030347,76,0.600767,"False",402,0,FALSE,FALSE,FALSE,FALSE,FALSE,0.981569340976421,2.4960946799838,0.0353954341020017,0.0141803251238176,12.5000001125,108.366096052588,20,6.90555510391397e-06,7.49606155237004e-05,1.10474246001104e-05,9.29135952277247e-05,0,0,0,0,"UP069",1,"General","granite4.1:8b",76,9.29135952277247e-05,0.0353954341020017,0.981569340976421,4.33073334028633,-9.28384058024953,-3.34117244733051,-0.018602619797321
"M1S__UP069","information_extraction","granite4.1:8b","True","stop",1.149745319,0.297745313,3132,0.036872,98,0.770132,"False",529,0,FALSE,FALSE,FALSE,FALSE,FALSE,1.15342856600182,2.66514183196705,0.0421881728983271,0.0158296164175208,12.500074925,123.385718451304,20,7.50193981359376e-06,9.12414618818858e-05,1.20012443166666e-05,0.000110744646012146,0,0,58.1,35.562686920166,"UP069",1,"Sustainability","granite4.1:8b",98,0.000110744646012146,0.0421881728983271,1.15342856600182,4.58496747867057,-9.10828349321304,-3.16561536029402,0.14273886867055
"M1S__UP070","information_extraction","granite4.1:8b","True","stop",0.752535699,0.261447508,3425,0.059689,49,0.384125,"False",212,0,FALSE,FALSE,FALSE,FALSE,FALSE,0.756221265008207,2.26756426302018,0.0276106184360205,0.0121763333839306,12.5000001125,89.9109609335703,20,6.1234169369784e-06,5.65589341361417e-05,9.79597531097372e-06,7.24783263840938e-05,0,0,0,0,"UP070",1,"Sustainability","granite4.1:8b",49,7.24783263840938e-05,0.0276106184360205,0.756221265008207,3.89182029811063,-9.53222298722333,-3.58955485430431,-0.27942126704234
"M1G__UP070","information_extraction","granite4.1:8b","True","stop",1.151428066,0.289555428,3364,0.060277,97,0.757866,"False",428,0,FALSE,FALSE,FALSE,FALSE,FALSE,1.15515858196886,2.6668008370325,0.0434875480571265,0.0163070100523583,12.500074925,127.898470839139,20,7.50900038030606e-06,9.46353534860833e-05,1.20111732556122e-05,0.000114155527122002,0,95,58.1,35.5643424987793,"UP070",1,"General","granite4.1:8b",97,0.000114155527122002,0.0434875480571265,1.15515858196886,4.57471097850338,-9.07794876634463,-3.13528063342561,0.14423763495486
"M1G__UP071","information_extraction","granite4.1:8b","True","stop",0.711175389,0.289896018,3040,0.027025,44,0.349888,"False",186,0,FALSE,FALSE,FALSE,FALSE,FALSE,0.715027226018719,2.23059837002074,0.0246531380241727,0.0110522532229517,12.5000001125,79.581886652945,20,5.98200718243689e-06,4.91653171099671e-05,9.56756748912287e-06,6.47148917815268e-05,0,0,0,0,"UP071",1,"General","granite4.1:8b",44,6.47148917815268e-05,0.0246531380241727,0.715027226018719,3.78418963391826,-9.64551921630295,-3.70285108338393,-0.335434658665232
"M1S__UP071","information_extraction","granite4.1:8b","True","stop",0.708017312,0.280326338,3101,0.033458,44,0.348611,"False",186,0,FALSE,FALSE,FALSE,FALSE,FALSE,0.711713096010499,2.22359092498664,0.0249249684338223,0.011209331785689,12.5000001125,80.9183712039673,20,5.96959938347483e-06,4.99105954832046e-05,9.54825619992334e-06,6.54284510666028e-05,0,0,0,0,"UP071",1,"Sustainability","granite4.1:8b",44,6.54284510666028e-05,0.0249249684338223,0.711713096010499,3.78418963391826,-9.6345533625005,-3.69188522958148,-0.340080403819795
"M1S__UP072","information_extraction","granite4.1:8b","True","stop",2.573158884,0.28705801,3358,0.053782,279,2.185006,"False",1238,0,FALSE,FALSE,FALSE,FALSE,FALSE,2.57633573602652,4.08797555498313,0.100025775711253,0.0244682910565167,12.5024576375,202.891506666609,20,1.24452633669886e-05,0.000230216295283192,1.9907743649997e-05,0.000262569302300178,0,95,58.1,35.5713062286377,"UP072",1,"Sustainability","granite4.1:8b",279,0.000262569302300178,0.100025775711253,2.57633573602652,5.63121178182137,-8.24499550201419,-2.30232736909518,0.946368132058022
"M1G__UP072","information_extraction","granite4.1:8b","True","stop",2.365132901,0.28604425,3297,0.053796,253,1.978397,"False",1133,0,FALSE,FALSE,FALSE,FALSE,FALSE,2.36906430701492,3.88079186895629,0.0912468437253472,0.0235124291140837,12.5021265125,194.066687404809,20,1.17261990506201e-05,0.000209043778345297,1.87544844110057e-05,0.000239524461806923,0,95,58.1,35.575439453125,"UP072",1,"General","granite4.1:8b",253,0.000239524461806923,0.0912468437253472,2.36906430701492,5.53338948872752,-8.33685500934804,-2.39418687642902,0.862495070023472
"M1G__UP073","information_extraction","granite4.1:8b","True","stop",0.437382087,0.266634481,3299,0.053493,9,0.071104,"False",21,0,FALSE,FALSE,FALSE,FALSE,FALSE,0.441172619990539,1.95315179799218,0.015471069022227,0.00792107865765025,12.5,50.8352620376927,20,5.03063396172365e-06,2.75358553620819e-05,8.04532068335296e-06,4.06118100071585e-05,0,0,0,0,"UP073",1,"General","granite4.1:8b",9,4.06118100071585e-05,0.015471069022227,0.441172619990539,2.19722457733622,-10.1114516467801,-4.16878351386113,-0.818319051573486
"M1S__UP073","information_extraction","granite4.1:8b","True","stop",0.410236955,0.231960264,3360,0.060095,9,0.07123,"False",21,0,FALSE,FALSE,FALSE,FALSE,FALSE,0.412361342983786,1.92181057599373,0.0150737680669964,0.00784352435941926,12.5000030375,50.2081225634829,20,4.9247661690209e-06,2.67652991903233e-05,7.87882312207431e-06,3.95688884814185e-05,0,0,0,0,"UP073",1,"Sustainability","granite4.1:8b",9,3.95688884814185e-05,0.0150737680669964,0.412361342983786,2.19722457733622,-10.1374673928928,-4.19479925997375,-0.885855267935641
"M1S__UP074","information_extraction","granite4.1:8b","True","stop",1.003075826,0.302022012,3382,0.057862,76,0.59369,"False",372,0,FALSE,FALSE,FALSE,FALSE,FALSE,1.00695409899345,2.51864762499463,0.0368114412721109,0.0146155583285254,12.5000001125,112.256090446452,20,6.99500568437627e-06,7.84472849799656e-05,1.11883466164323e-05,9.66306372807741e-05,0,0,58.1,35.571418762207,"UP074",1,"Sustainability","granite4.1:8b",76,9.66306372807741e-05,0.0368114412721109,1.00695409899345,4.33073334028633,-9.2446147109135,-3.30194657799448,0.0069300307645152
"M1G__UP074","information_extraction","granite4.1:8b","True","stop",1.065757049,0.291272128,3321,0.057951,85,0.668779,"False",408,0,FALSE,FALSE,FALSE,FALSE,FALSE,1.06788230099482,2.57865282701096,0.0388947380138016,0.0150833557764681,12.50000365625,116.536175197924,20,7.20295326661021e-06,8.33756222569093e-05,1.15207498834934e-05,0.000102099325407013,0,77,58.1,35.5849380493164,"UP074",1,"General","granite4.1:8b",85,0.000102099325407013,0.0388947380138016,1.06788230099482,4.44265125649032,-9.18956443999459,-3.24689630707557,0.0656775294039535
"M1G__UP075","information_extraction","granite4.1:8b","True","stop",1.823762193,0.301757571,3261,0.049639,182,1.426904,"False",901,0,FALSE,FALSE,FALSE,FALSE,FALSE,1.82767118001357,3.3393408950069,0.0691729675378642,0.020714557067622,12.50221085,168.319840975668,20,9.84572567271553e-06,0.000155986791456897,1.57476575333729e-05,0.000181580174662985,0,95,58.1,35.5798454284668,"UP075",1,"General","granite4.1:8b",182,0.000181580174662985,0.0691729675378642,1.82767118001357,5.2040066870768,-8.61381326811461,-2.67114513519559,0.603042577209206
"M1S__UP075","information_extraction","granite4.1:8b","True","stop",0.846431126,0.264707382,3322,0.058098,61,0.48164,"False",233,0,FALSE,FALSE,FALSE,FALSE,FALSE,0.849650365998968,2.36384429602185,0.0319158497187038,0.0135016717354927,12.5000001125,102.30458700371,20,6.44813357194669e-06,6.70164425011777e-05,1.03150530611553e-05,8.37796291342797e-05,0,0,0,0,"UP075",1,"Sustainability","granite4.1:8b",61,8.37796291342797e-05,0.0319158497187038,0.849650365998968,4.11087386417331,-9.38732066911692,-3.4446525361979,-0.16293034823772
"M1S__UP076","information_extraction","granite4.1:8b","True","stop",0.890286756,0.294667487,3132,0.030598,66,0.521669,"False",299,0,FALSE,FALSE,FALSE,FALSE,FALSE,0.894092987000477,2.40609059401322,0.0318924113403979,0.0132548672189451,12.5000001125,99.7055610121,20,6.60311375396165e-06,6.65525532417277e-05,1.0562436010999e-05,8.37181030066883e-05,0,0,0,0,"UP076",1,"Sustainability","granite4.1:8b",66,8.37181030066883e-05,0.0318924113403979,0.894092987000477,4.18965474202643,-9.38805531942618,-3.44538718650716,-0.111945496912744
"M1G__UP076","information_extraction","granite4.1:8b","True","stop",1.109166362,0.274725316,3071,0.026131,100,0.778116,"False",483,0,FALSE,FALSE,FALSE,FALSE,FALSE,1.11226337600965,2.62294832296902,0.041716296979191,0.0159043533621625,12.50002925,124.160597607008,20,7.35990682970778e-06,9.03709056307989e-05,1.17751515221446e-05,0.000109505963982651,0,44,58.1,35.5702819824219,"UP076",1,"General","granite4.1:8b",100,0.000109505963982651,0.041716296979191,1.11226337600965,4.60517018598809,-9.11953154459593,-3.17686341167691,0.106397016713653
"M1G__UP077","information_extraction","granite4.1:8b","True","stop",1.735698314,0.279509974,3157,0.039655,175,1.3721,"False",854,0,FALSE,FALSE,FALSE,FALSE,FALSE,1.73945951694623,3.25130965403514,0.0660009793704057,0.0202998134270272,12.50202145625,164.533853448621,20,9.53985511369179e-06,0.000148454840985579,1.52589575833796e-05,0.00017325365368265,0,94,58.1,35.5645713806152,"UP077",1,"General","granite4.1:8b",175,0.00017325365368265,0.0660009793704057,1.73945951694623,5.16478597392351,-8.66075383103929,-2.71808569812027,0.553574442528596
"M1S__UP077","information_extraction","granite4.1:8b","True","stop",0.798964721,0.292887516,3218,0.048275,53,0.416671,"False",254,0,FALSE,FALSE,FALSE,FALSE,FALSE,0.802815567993093,2.31492597301258,0.0287387439741382,0.0124145412463183,12.5,92.0287685613969,20,6.28667680211947e-06,5.90978250558649e-05,1.00551725720935e-05,7.54396744300779e-05,0,0,0,0,"UP077",1,"Sustainability","granite4.1:8b",53,7.54396744300779e-05,0.0287387439741382,0.802815567993093,3.97029191355212,-9.49217723526241,-3.54950910234339,-0.219630270129028
"M1S__UP078","information_extraction","granite4.1:8b","True","stop",0.478545043,0.286650445,3238,0.03961,13,0.105441,"False",40,0,FALSE,FALSE,FALSE,FALSE,FALSE,0.48232841398567,1.99472331197467,0.0156124004890713,0.00782685016781392,12.5,49.7705803902825,20,5.17463582279258e-06,2.7532799803609e-05,8.2753717999569e-06,4.09828074263585e-05,0,0,0,0,"UP078",1,"Sustainability","granite4.1:8b",13,4.09828074263585e-05,0.0156124004890713,0.48232841398567,2.56494935746154,-10.1023579102682,-4.15968977734923,-0.729130040132965
"M1G__UP078","information_extraction","granite4.1:8b","True","stop",0.64129719,0.279286638,3177,0.03981,35,0.277208,"False",127,0,FALSE,FALSE,FALSE,FALSE,FALSE,0.645132570993155,2.15734609495848,0.0222350905385796,0.01030668680864,12.5000001125,72.6109711785788,20,5.73962545777993e-06,4.34483680917808e-05,9.17948391094493e-06,5.83674774605056e-05,0,0,0,0,"UP078",1,"General","granite4.1:8b",35,5.83674774605056e-05,0.0222350905385796,0.645132570993155,3.55534806148941,-9.74875171605204,-3.80608358313302,-0.438299446882585
"M1G__UP079","information_extraction","granite4.1:8b","True","stop",0.552440706,0.266247293,2980,0.019405,28,0.224326,"False",108,0,FALSE,FALSE,FALSE,FALSE,FALSE,0.555631204973906,2.06660461000865,0.0191982900734183,0.00928977414472036,12.5000001125,63.2941286635766,20,5.42677792037681e-06,3.62869734740201e-05,8.6820750222412e-06,5.03958264166381e-05,0,0,0,0,"UP079",1,"General","granite4.1:8b",28,5.03958264166381e-05,0.0191982900734183,0.555631204973906,3.3322045101752,-9.89560219550951,-3.95293406259049,-0.587650505219238
"M1S__UP079","information_extraction","granite4.1:8b","True","stop",0.556145001,0.264632084,3041,0.026999,28,0.223249,"False",108,0,FALSE,FALSE,FALSE,FALSE,FALSE,0.559328396979254,2.07105550600681,0.0194302357264046,0.00938180346690365,12.5,64.1743797989969,20,5.43947607649089e-06,3.68628072680011e-05,8.70240421661745e-06,5.10046875611094e-05,0,0,0,0,"UP079",1,"Sustainability","granite4.1:8b",28,5.10046875611094e-05,0.0194302357264046,0.559328396979254,3.3322045101752,-9.88359301650076,-3.94092488358174,-0.581018506086497
"M1S__UP080","information_extraction","granite4.1:8b","True","stop",1.026341348,0.296776707,3250,0.043995,81,0.637579,"False",226,0,FALSE,FALSE,FALSE,FALSE,FALSE,1.02946255501593,2.54059684899403,0.037074204232244,0.014592714403674,12.500001575,111.976743968844,20,7.07218519305328e-06,7.89333964803518e-05,1.13148126887002e-05,9.73203943621053e-05,0,93,58.1,35.5698013305664,"UP080",1,"Sustainability","granite4.1:8b",81,9.73203943621053e-05,0.037074204232244,1.02946255501593,4.39444915467244,-9.2375019878366,-3.29483385491758,0.0290368748144435
"M1G__UP080","information_extraction","granite4.1:8b","True","stop",0.946963095,0.277063639,3189,0.044313,74,0.579792,"False",204,0,FALSE,FALSE,FALSE,FALSE,FALSE,0.950116108986549,2.46109801001148,0.0351086715515089,0.0142654503838086,12.5,109.085905861871,20,6.79699574640027e-06,7.44908929259935e-05,1.08729501555596e-05,9.21608388279534e-05,0,0,0,0,"UP080",1,"General","granite4.1:8b",74,9.21608388279534e-05,0.0351086715515089,0.950116108986549,4.30406509320417,-9.2919752591923,-3.34930712627328,-0.0511710818699634
"M1G__UP081","closed_qa","granite4.1:8b","True","stop",5.963620161,0.28315532,3168,0.039388,713,5.599026,"False",3617,0,FALSE,FALSE,FALSE,FALSE,FALSE,5.96754414000316,7.47928942897124,0.234615698857226,0.0313687150477738,12.5031314375,266.238072450992,20,2.42246942369501e-05,0.00055289766453992,3.87476999112146e-05,0.000615870058688084,0,94,58.1,35.5584571838379,"UP081",1,"General","granite4.1:8b",713,0.000615870058688084,0.234615698857226,5.96754414000316,6.5694814204143,-7.39247456037068,-1.44980642745166,1.78633547593632
"M1S__UP081","closed_qa","granite4.1:8b","True","stop",1.99667462,0.279259684,3229,0.048642,207,1.622178,"False",1119,0,FALSE,FALSE,FALSE,FALSE,FALSE,2.00054767099209,3.51240064401645,0.0769229833047354,0.0219004012072989,12.50184365,179.28872353313,20,1.04462845406114e-05,0.000174768750926368,1.6709057733533e-05,0.000201924093200513,0,94,58.1,35.5543937683105,"UP081",1,"Sustainability","granite4.1:8b",207,0.000201924093200513,0.0769229833047354,2.00054767099209,5.33271879326537,-8.50761870741974,-2.56495057450072,0.693420978569895
"M1S__UP082","closed_qa","granite4.1:8b","True","stop",0.975963772,0.292918784,3170,0.033619,77,0.605067,"False",320,0,FALSE,FALSE,FALSE,FALSE,FALSE,0.97977732704021,2.49159868899733,0.0357443844893226,0.0143459637569912,12.5000001125,109.789882871144,20,6.90043688504334e-06,7.5891727378874e-05,1.10374314555277e-05,9.3829595719445e-05,0,0,0,0,"UP082",1,"Sustainability","granite4.1:8b",77,9.3829595719445e-05,0.0357443844893226,0.97977732704021,4.34380542185368,-9.2740302323208,-3.33136209940178,-0.0204299504411902
"M1G__UP082","closed_qa","granite4.1:8b","True","stop",2.364309482,0.281929318,3109,0.033589,256,2.005149,"False",1140,0,FALSE,FALSE,FALSE,FALSE,FALSE,2.36821620695991,3.87975910503883,0.0910004233254312,0.0234551735975681,12.5017472375,193.52439498956,20,1.1722766273773e-05,0.000208404055612732,1.87507823277782e-05,0.000238877604214283,0,93.5,58.1,35.5712642669678,"UP082",1,"General","granite4.1:8b",256,0.000238877604214283,0.0910004233254312,2.36821620695991,5.54517744447956,-8.33955925346731,-2.39689112054829,0.862137016468667
"M1G__UP083","closed_qa","granite4.1:8b","True","stop",1.190065275,0.280257963,3025,0.025866,107,0.840794,"False",550,0,FALSE,FALSE,FALSE,FALSE,FALSE,1.19387346500298,2.70845691597788,0.044172598444877,0.0163091383083451,12.5001236375,127.9901688092,20,7.64366041164809e-06,9.60842435340226e-05,1.22258916833541e-05,0.000115953795629025,0,95,58.1,35.5652847290039,"UP083",1,"General","granite4.1:8b",107,0.000115953795629025,0.044172598444877,1.19387346500298,4.67282883446191,-9.06231875974871,-3.11965062682969,0.177203033645191
"M1S__UP083","closed_qa","granite4.1:8b","True","stop",1.36189635,0.294133037,3086,0.032984,126,0.987701,"False",615,0,FALSE,FALSE,FALSE,FALSE,FALSE,1.36577844701242,2.87784404400736,0.0510584839841886,0.0177419218009779,12.5008789625,141.013555443238,20,8.24217163514535e-06,0.000112605923417775,1.31812630890636e-05,0.000134029358141983,0,94,58.1,35.5685272216797,"UP083",1,"Sustainability","granite4.1:8b",126,0.000134029358141983,0.0510584839841886,1.36577844701242,4.83628190695148,-8.91745169139839,-2.97478355847937,0.311724556934482
"M1S__UP084","closed_qa","granite4.1:8b","True","stop",1.146876561,0.275308382,3154,0.033008,101,0.793167,"False",360,0,FALSE,FALSE,FALSE,FALSE,FALSE,1.14886189601384,2.66460391605506,0.0424153057541311,0.0159180527727089,12.50005625,124.486875446916,20,7.48569237314416e-06,9.18834068395213e-05,1.19717742723878e-05,0.000111340873485053,0,95,58.1,35.5711250305176,"UP084",1,"Sustainability","granite4.1:8b",101,0.000111340873485053,0.0424153057541311,1.14886189601384,4.61512051684126,-9.10291413003533,-3.16024599711631,0.138771796702542
"M1G__UP084","closed_qa","granite4.1:8b","True","stop",1.437703749,0.274803041,3093,0.033174,139,1.089098,"False",558,0,FALSE,FALSE,FALSE,FALSE,FALSE,1.44144592899829,2.95292568800505,0.0543026524789101,0.0183894409193873,12.5013719375,146.981917113114,20,8.50331181412996e-06,0.000120439818573459,1.36022232780104e-05,0.000142545353665599,0,94,58.1,35.5694541931152,"UP084",1,"General","granite4.1:8b",139,0.000142545353665599,0.0543026524789101,1.44144592899829,4.93447393313069,-8.85585033755561,-2.91318220463659,0.365646727159211
"M1G__UP085","closed_qa","granite4.1:8b","True","stop",2.434051876,0.259398545,3366,0.059556,265,2.077704,"False",1336,0,FALSE,FALSE,FALSE,FALSE,FALSE,2.43719841301208,3.94781354401493,0.0956641251145352,0.0242321791665076,12.50196695,200.772333850039,20,1.19620521227029e-05,0.00022002295379675,1.91348920055639e-05,0.000251119897925017,0,93,58.1,35.5667610168457,"UP085",1,"General","granite4.1:8b",265,0.000251119897925017,0.0956641251145352,2.43719841301208,5.57972982598622,-8.28958005190957,-2.34691191899055,0.890849188239883
"M1S__UP085","closed_qa","granite4.1:8b","True","stop",1.528115621,0.272536946,3427,0.065587999,146,1.141784,"False",692,0,FALSE,FALSE,FALSE,FALSE,FALSE,1.53181260701967,3.04348031501286,0.0584050029315396,0.0191902022968376,12.50184325625,154.393577356723,20,8.81729999435781e-06,0.000130392882091712,1.41039088222897e-05,0.00015331409090836,0,94,58.1,35.5584831237793,"UP085",1,"Sustainability","granite4.1:8b",146,0.00015331409090836,0.0584050029315396,1.53181260701967,4.98360662170834,-8.7830218591002,-2.84035372618118,0.42645174465904
"M1S__UP086","closed_qa","granite4.1:8b","True","stop",1.158845689,0.28533558,3412,0.059458,98,0.767014,"False",460,0,FALSE,FALSE,FALSE,FALSE,FALSE,1.16243499901611,2.67444737796905,0.0437667312807978,0.0163647756322781,12.500074925,128.426296611483,20,7.53540137521104e-06,9.53000762393685e-05,1.20529100499375e-05,0.000114888387664517,0,2,58.1,35.5669326782227,"UP086",1,"Sustainability","granite4.1:8b",98,0.000114888387664517,0.0437667312807978,1.16243499901611,4.58496747867057,-9.07154944292959,-3.12888131001057,0.150516942091234
"M1G__UP086","closed_qa","granite4.1:8b","True","stop",3.079000974,0.29077963,3351,0.059547,342,2.684125,"False",1606,0,FALSE,FALSE,FALSE,FALSE,FALSE,3.08220804599114,4.59566729300423,0.119888637400295,0.0260873187192631,12.50184674375,217.852667645646,20,1.42018548407584e-05,0.000277790222231289,2.27175630389765e-05,0.000314709640111024,0,62.6666666666667,58.1,35.5688056945801,"UP086",1,"General","granite4.1:8b",342,0.000314709640111024,0.119888637400295,3.08220804599114,5.8348107370626,-8.06386012166202,-2.12119198874301,1.1256462381859
"M1G__UP087","closed_qa","granite4.1:8b","True","stop",1.351808632,0.27557038,3026,0.026121,128,1.006932,"False",693,0,FALSE,FALSE,FALSE,FALSE,FALSE,1.35461028799182,2.86633939296007,0.050332243228778,0.0175597639806359,12.50059900625,139.331503745335,20,8.20116133555623e-06,0.000110803144197646,1.31186587108661e-05,0.000132122964244069,0,94,58.1,35.566837310791,"UP087",1,"General","granite4.1:8b",128,0.000132122964244069,0.050332243228778,1.35461028799182,4.85203026391962,-8.93177752169527,-2.98910938877625,0.303513802625737
"M1S__UP087","closed_qa","granite4.1:8b","True","stop",1.131042776,0.281457391,3087,0.032645,99,0.777614,"False",513,0,FALSE,FALSE,FALSE,FALSE,FALSE,1.13484637596412,2.64661475998582,0.041895034072682,0.0158296684149477,12.5000410625,123.43261398288,20,7.43852036952205e-06,9.06384058438903e-05,1.18982255720766e-05,0.000109975151785489,0,94,58.1,35.5717086791992,"UP087",1,"Sustainability","granite4.1:8b",99,0.000109975151785489,0.041895034072682,1.13484637596412,4.59511985013459,-9.11525611054868,-3.17258797762967,0.126497290199049
"M1S__UP088","closed_qa","granite4.1:8b","True","stop",1.082281986,0.272489989,3283,0.048069,91,0.716642,"False",357,0,FALSE,FALSE,FALSE,FALSE,FALSE,1.08481567195849,2.59917330701137,0.0403885586226845,0.0155390017717306,12.50018315,121.036896524787,20,7.26032506423172e-06,8.71447919381652e-05,1.16155120110812e-05,0.000106020629013478,0,0,58.1,35.5727653503418,"UP088",1,"Sustainability","granite4.1:8b",91,0.000106020629013478,0.0403885586226845,1.08481567195849,4.51085950651685,-9.15187686945223,-3.20920873653321,0.0814100849640334
"M1G__UP088","closed_qa","granite4.1:8b","True","stop",1.100677217,0.26475642,3222,0.048364,96,0.751443,"False",385,0,FALSE,FALSE,FALSE,FALSE,FALSE,1.10346552898409,2.61425918096211,0.041328710116139,0.015808956670061,12.50001220625,123.313653834033,20,7.32630075823783e-06,8.94442382222138e-05,1.17180031278015e-05,0.000108488542108253,0,0,58.1,35.5798950195312,"UP088",1,"General","granite4.1:8b",96,0.000108488542108253,0.041328710116139,1.10346552898409,4.56434819146784,-9.12886599324903,-3.18619786033001,0.0984557083328473
"M1G__UP089","closed_qa","granite4.1:8b","True","stop",1.612239296,0.291771205,3341,0.058821,155,1.21428,"False",640,0,FALSE,FALSE,FALSE,FALSE,FALSE,1.61542381998152,3.12612103502033,0.061056708104995,0.0195311401641229,12.50184325625,157.439671172313,20,9.10768291920852e-06,0.000136598720390957,1.45684571833246e-05,0.00016027486049349,0,94,58.1,35.5754165649414,"UP089",1,"General","granite4.1:8b",155,0.00016027486049349,0.061056708104995,1.61542381998152,5.04342511691925,-8.73862033851099,-2.79595220559197,0.479597349479753
"M1S__UP089","closed_qa","granite4.1:8b","True","stop",1.439377402,0.275625057,3402,0.064709999,135,1.056146,"False",593,0,FALSE,FALSE,FALSE,FALSE,FALSE,1.44317600200884,2.95466663304251,0.054788587585571,0.0185430691140792,12.50137188125,148.436055492154,20,8.50913297017093e-06,0.000121701486250458,1.36103220723776e-05,0.000143820941293007,0,95,58.1,35.5673408508301,"UP089",1,"Sustainability","granite4.1:8b",135,0.000143820941293007,0.054788587585571,1.44317600200884,4.90527477843843,-8.84694149537318,-2.90427336245416,0.366846241868153
"M1S__UP090","closed_qa","granite4.1:8b","True","stop",0.442466285,0.280172973,3156,0.033287,10,0.083778,"False",37,0,FALSE,FALSE,FALSE,FALSE,FALSE,0.44628582597943,1.9582020980306,0.0148006161588846,0.0075582679508769,12.5000001125,47.3786085538337,20,5.04790179543492e-06,2.57302983621699e-05,8.0736600835937e-06,3.88518602411985e-05,0,0,0,0,"UP090",1,"Sustainability","granite4.1:8b",10,3.88518602411985e-05,0.0148006161588846,0.44628582597943,2.30258509299405,-10.1557545996406,-4.2130864667216,-0.806795666803894
"M1G__UP090","closed_qa","granite4.1:8b","True","stop",1.209532965,0.267847784,3095,0.033357999,110,0.864146,"False",534,0,FALSE,FALSE,FALSE,FALSE,FALSE,1.21270201198058,2.72480397101026,0.0453757856753381,0.0166528624290408,12.50015440625,131.089536718169,20,7.70842917555757e-06,9.90711903678942e-05,1.23325623054471e-05,0.000119112181848899,0,95,58.1,35.5612449645996,"UP090",1,"General","granite4.1:8b",110,0.000119112181848899,0.0453757856753381,1.21270201198058,4.70048036579242,-9.03544480430708,-3.09277667138806,0.192850937770997
"M1G__UP091","closed_qa","granite4.1:8b","True","stop",1.036398238,0.258253566,3243,0.048835,88,0.691527,"False",397,0,FALSE,FALSE,FALSE,FALSE,FALSE,1.04021721798927,2.55259143898729,0.0394832869389103,0.0154679226514114,12.500001575,120.273513605745,20,7.11036030220127e-06,8.51609014613786e-05,1.13730142277847e-05,0.000103644275991364,0,0,58.1,35.5809288024902,"UP091",1,"General","granite4.1:8b",88,0.000103644275991364,0.0394832869389103,1.04021721798927,4.47733681447821,-9.17454594500331,-3.23187781208429,0.0394295547955646
"M1S__UP091","closed_qa","granite4.1:8b","True","stop",0.56639742,0.275423867,3304,0.05419,24,0.18926,"False",93,0,FALSE,FALSE,FALSE,FALSE,FALSE,0.570241175999399,2.08551925898064,0.0195049460704216,0.00935256099239057,12.5000001125,64.0147217672274,20,5.47711844165907e-06,3.69630851260183e-05,8.76059987220085e-06,5.12008034398782e-05,0,0,0,0,"UP091",1,"Sustainability","granite4.1:8b",24,5.12008034398782e-05,0.0195049460704216,0.570241175999399,3.17805383034795,-9.87975533385681,-3.93708720093779,-0.561695891853365
"M1S__UP092","closed_qa","granite4.1:8b","True","stop",1.027031433,0.297917453,3137,0.030709,83,0.653656,"False",421,0,FALSE,FALSE,FALSE,FALSE,FALSE,1.03091300401138,2.54573169705691,0.0370024328081214,0.0145350874371009,12.50000050625,111.590400684421,20,7.07883348463313e-06,7.87306185392467e-05,1.13225411723963e-05,9.71319931962761e-05,0,0,58.1,35.5795936584473,"UP092",1,"Sustainability","granite4.1:8b",83,9.71319931962761e-05,0.0370024328081214,1.03091300401138,4.4188406077966,-9.23943974984762,-3.2967716169286,0.0304448212722675
"M1G__UP092","closed_qa","granite4.1:8b","True","stop",2.366592577,0.259917637,3076,0.030917,260,2.036904,"False",1349,0,FALSE,FALSE,FALSE,FALSE,FALSE,2.37056707398733,3.88227755704429,0.0916343832141733,0.0236032539837099,12.501866075,194.916049828195,20,1.17321338764326e-05,0.000210044612479976,1.87650129667923e-05,0.000240541759323201,0,59,58.1,35.580057144165,"UP092",1,"General","granite4.1:8b",260,0.000240541759323201,0.0916343832141733,2.37056707398733,5.56068163101553,-8.33261684805184,-2.38994871513282,0.863129198250738
"M1G__UP093","closed_qa","granite4.1:8b","True","stop",0.474819918,0.284966562,3015,0.024169,15,0.122106,"False",63,0,FALSE,FALSE,FALSE,FALSE,FALSE,0.478543473000173,1.99274387699552,0.0159981377731612,0.00802819567423878,12.5000001125,51.7678367581848,20,5.16093670614841e-06,2.85805784194793e-05,8.25385900000886e-06,4.19953741256365e-05,0,0,0,0,"UP093",1,"General","granite4.1:8b",15,4.19953741256365e-05,0.0159981377731612,0.478543473000173,2.70805020110221,-10.0779510856125,-4.13528295269352,-0.737008219551044
"M1S__UP093","closed_qa","granite4.1:8b","True","stop",0.480839841,0.285013599,3076,0.030357,15,0.120912,"False",63,0,FALSE,FALSE,FALSE,FALSE,FALSE,0.484576313989237,1.99669581797207,0.0160730125858659,0.00804980530393977,12.5,51.8699019586506,20,5.18150457638613e-06,2.87236340890118e-05,8.28678307201092e-06,4.21919217374089e-05,0,0,0,0,"UP093",1,"Sustainability","granite4.1:8b",15,4.21919217374089e-05,0.0160730125858659,0.484576313989237,2.70805020110221,-10.0732817832705,-4.13061365035146,-0.724480349241143
"M1S__UP094","closed_qa","granite4.1:8b","True","stop",0.732782745,0.287738906,3637,0.088918,39,0.305102,"False",178,0,FALSE,FALSE,FALSE,FALSE,FALSE,0.735622675972991,2.24693455494707,0.0266739283626959,0.0118712529049713,12.5000001125,87.1028563187641,20,6.05092431486689e-06,5.42892100980907e-05,9.67936516099144e-06,7.00194995739491e-05,0,0,0,0,"UP094",1,"Sustainability","granite4.1:8b",39,7.00194995739491e-05,0.0266739283626959,0.735622675972991,3.66356164612965,-9.56673678936491,-3.62406865644589,-0.307037960227654
"M1G__UP094","closed_qa","granite4.1:8b","True","stop",1.243635579,0.30584877,3576,0.088166,102,0.801716,"False",406,0,FALSE,FALSE,FALSE,FALSE,FALSE,1.24746272200719,2.75903719197959,0.0466708920783206,0.0169156444189992,12.50023045625,133.44613561889,20,7.82908103263836e-06,0.000102160359505277,1.25224168667854e-05,0.0001225118574047,0,95,58.1,35.5747413635254,"UP094",1,"General","granite4.1:8b",102,0.0001225118574047,0.0466708920783206,1.24746272200719,4.62497281328427,-9.00730273752343,-3.06463460460441,0.221111666038487
"M1G__UP095","closed_qa","granite4.1:8b","True","stop",3.568654751,0.303542793,3070,0.030409,407,3.190751,"False",2289,0,FALSE,FALSE,FALSE,FALSE,FALSE,3.57256496697664,5.08416882000165,0.137209057746287,0.0269875101720643,12.502853928125,225.895787095316,20,1.59058452091267e-05,0.00031882997728605,2.54402051889984e-05,0.000360176027684176,0,94,58.1,35.5834503173828,"UP095",1,"General","granite4.1:8b",407,0.000360176027684176,0.137209057746287,3.57256496697664,6.00881318544259,-7.92891768022956,-1.98624954731054,1.27328381595441
"M1S__UP095","closed_qa","granite4.1:8b","True","stop",1.871398486,0.269832542,3131,0.033046,195,1.523654,"False",1042,0,FALSE,FALSE,FALSE,FALSE,FALSE,1.87510220799595,3.38694214599673,0.0720722608514464,0.0212794484655233,12.50202145625,173.59113715639,20,1.00098269752062e-05,0.000163169852758216,1.60111874445445e-05,0.000189190867177967,0,94,58.1,35.5761947631836,"UP095",1,"Sustainability","granite4.1:8b",195,0.000189190867177967,0.0720722608514464,1.87510220799595,5.27299955856375,-8.57275417324113,-2.63008604032211,0.628663168867881
"M1S__UP096","closed_qa","granite4.1:8b","True","stop",1.973658667,0.274529607,3326,0.052479,204,1.600025,"False",990,0,FALSE,FALSE,FALSE,FALSE,FALSE,1.9776517280261,3.48923052399186,0.076161986278746,0.0218277312877605,12.5020215125,178.63775999243,20,1.03660149715333e-05,0.000172980138383849,1.65803101667229e-05,0.000199926463522105,0,95,58.1,35.5746231079102,"UP096",1,"Sustainability","granite4.1:8b",204,0.000199926463522105,0.076161986278746,1.9776517280261,5.31811999384422,-8.51756094141745,-2.57489280849844,0.681910144910275
"M1G__UP096","closed_qa","granite4.1:8b","True","stop",2.637606969,0.281610387,3265,0.052634,289,2.261032,"False",1373,0,FALSE,FALSE,FALSE,FALSE,FALSE,2.64136568800313,4.15390373399714,0.102535691037716,0.0246841760434948,12.502576475,204.922430144732,20,1.2671258819571e-05,0.000236218522307929,2.02680900831991e-05,0.0002691578712107,0,94.5,58.1,35.5692234039307,"UP096",1,"General","granite4.1:8b",289,0.0002691578712107,0.102535691037716,2.64136568800313,5.66642668811243,-8.22021246868606,-2.27754433576704,0.971296089463364
"M1G__UP097","closed_qa","granite4.1:8b","True","stop",0.952199719,0.303052035,3010,0.02406,75,0.590911,"False",332,0,FALSE,FALSE,FALSE,FALSE,FALSE,0.955980169994291,2.46746839600382,0.0340728565706314,0.0138088320100934,12.5000001125,104.775011141525,20,6.8159585370199e-06,7.17222795998396e-05,1.0903569372345e-05,8.94418075092044e-05,0,0,0,0,"UP097",1,"General","granite4.1:8b",75,8.94418075092044e-05,0.0340728565706314,0.955980169994291,4.31748811353631,-9.32192233958006,-3.37925420666105,-0.0450181088296643
"M1S__UP097","closed_qa","granite4.1:8b","True","stop",0.798001345,0.24151518,3071,0.030364,61,0.483681,"False",234,0,FALSE,FALSE,FALSE,FALSE,FALSE,0.799986832018476,2.31105741695501,0.029684312009781,0.0128444718820064,12.5000001125,96.1169779261163,20,6.27284267088848e-06,6.16169937384115e-05,1.0031969627663e-05,7.79218060369629e-05,0,0,0,0,"UP097",1,"Sustainability","granite4.1:8b",61,7.79218060369629e-05,0.029684312009781,0.799986832018476,4.11087386417331,-9.45980472080616,-3.51713658788714,-0.223160011426582
"M1S__UP098","closed_qa","granite4.1:8b","True","stop",1.228400943,0.301279739,3252,0.044097,107,0.842047,"False",548,0,FALSE,FALSE,FALSE,FALSE,FALSE,1.23233592795441,2.74422969901934,0.0454484008705416,0.0165614419546522,12.50023045625,130.129942215775,20,7.77761306643786e-06,9.90848014890133e-05,1.24403833722075e-05,0.000119302797927659,0,92,58.1,35.5742607116699,"UP098",1,"Sustainability","granite4.1:8b",107,0.000119302797927659,0.0454484008705416,1.23233592795441,4.67282883446191,-9.03384577626317,-3.09117764334416,0.208911496738112
"M1G__UP098","closed_qa","granite4.1:8b","True","stop",2.33678898,0.282941352,3191,0.044446,251,1.964249,"False",1202,0,FALSE,FALSE,FALSE,FALSE,FALSE,2.34061489399755,3.85208019299898,0.0899952031711019,0.023362754320293,12.5016851,192.687354618203,20,1.16252045912461e-05,0.000206017664814873,1.8596015411054e-05,0.000236238884817173,0,95,58.1,35.5753688812256,"UP098",1,"General","granite4.1:8b",251,0.000236238884817173,0.0899952031711019,2.34061489399755,5.52545293913178,-8.35066704109015,-2.40799890817113,0.850413670062881
"M1G__UP099","closed_qa","granite4.1:8b","True","stop",4.205304731,0.26580292,3160,0.03966,492,3.855329,"False",2477,0,FALSE,FALSE,FALSE,FALSE,FALSE,4.20928786997683,5.7250066169654,0.164767631716213,0.0287803390878088,12.502344905,242.664002298156,20,1.8117096526842e-05,0.000385421141669617,2.89794982944538e-05,0.000432517736490913,0,94.25,58.1,35.5714740753174,"UP099",1,"General","granite4.1:8b",492,0.000432517736490913,0.164767631716213,4.20928786997683,6.19847871649231,-7.74588722320565,-1.80321909028663,1.43729348136197
"M1S__UP099","closed_qa","granite4.1:8b","True","stop",2.073888802,0.304441824,3221,0.048482,214,1.675742,"False",1136,0,FALSE,FALSE,FALSE,FALSE,FALSE,2.07783586200094,3.58928244403796,0.0796006114280489,0.0221773049820225,12.501233525,181.79686876326,20,1.07133254831156e-05,0.000181102367104558,1.71372183666487e-05,0.000208952910954322,0,71,58.1,35.5815181732178,"UP099",1,"Sustainability","granite4.1:8b",214,0.000208952910954322,0.0796006114280489,2.07783586200094,5.36597601502185,-8.47340163782342,-2.5307335049044,0.731326901107302
"M1S__UP100","closed_qa","granite4.1:8b","True","stop",2.855342049,0.277279129,3125,0.03046,319,2.50048,"False",1791,0,FALSE,FALSE,FALSE,FALSE,FALSE,2.85927311400883,4.37104251096025,0.109964060083153,0.0251573989059638,12.5026953125,209.1338256923,20,1.3429480152531e-05,0.000253747980774932,2.14800008999494e-05,0.000288657461827412,0,95,58.1,35.5682067871094,"UP100",1,"Sustainability","granite4.1:8b",319,0.000288657461827412,0.109964060083153,2.85927311400883,5.76519110278484,-8.15026982601227,-2.20760169309325,1.0505674365877
"M1G__UP100","closed_qa","granite4.1:8b","True","stop",4.475227186,0.272671284,3064,0.030311,527,4.134488,"False",2912,0,FALSE,FALSE,FALSE,FALSE,FALSE,4.47842392203165,5.99000629695365,0.17531648941657,0.0292681644601493,12.5031090275,246.947153782283,20,1.90518414617556e-05,0.000410682272988794,3.04745465720771e-05,0.000460208661022626,0,94.25,58.1,35.5734586715698,"UP100",1,"General","granite4.1:8b",527,0.000460208661022626,0.17531648941657,4.47842392203165,6.26720054854136,-7.68383056041271,-1.74116242749369,1.49927118141172
"M2G__UP001","summarization","gemma4:12b","True","stop",12.201228171,0.881475565,3478,0.700095,857,10.494825,"True",760,3013,FALSE,FALSE,FALSE,FALSE,FALSE,12.2052309749997,13.7190407089656,0.437154227715351,0.0318647809995683,12.5031673682692,269.941364070285,20,4.58861326620557e-05,0.0010282544337139,7.33964534832113e-05,0.00114753701985917,0,81.1666666666667,59.6,36.505056699117,"UP001",2,"General","gemma4:12b",857,0.00114753701985917,0.437154227715351,12.2052309749997,6.75343791859778,-6.77013735523478,-0.827469222315758,2.50186462828689
"M2S__UP001","summarization","gemma4:12b","True","stop",6.793442238,0.873725989,3543,0.280087,459,5.591576,"True",295,1723,FALSE,FALSE,FALSE,FALSE,FALSE,6.79704022099031,8.30837012501433,0.238101703875606,0.0286580520960114,12.5036374142857,240.383101967279,20,2.71051425814696e-05,0.000554562943650083,4.33527928224066e-05,0.000625020879053959,0,85.8333333333333,59.6,36.489777247111,"UP001",2,"Sustainability","gemma4:12b",459,0.000625020879053959,0.238101703875606,6.79704022099031,6.12905021006055,-7.37772550229952,-1.4350573693805,1.91648725580915
"M2S__UP002","summarization","gemma4:12b","True","stop",3.889490663,0.885606687,3264,0.064937,237,2.879662,"True",111,922,FALSE,FALSE,FALSE,FALSE,FALSE,3.89342621195829,5.40506889903918,0.126571331412651,0.0234171541153066,12.502764828125,191.937233663198,20,1.70200529428166e-05,0.000288007730405937,2.72240381833399e-05,0.000332251821532093,0,85.6666666666667,59.6,36.492192586263,"UP002",2,"Sustainability","gemma4:12b",237,0.000332251821532093,0.126571331412651,3.89342621195829,5.46806014113513,-8.00961737797182,-2.0669492450528,1.35928954425863
"M2G__UP002","summarization","gemma4:12b","True","stop",3.898382904,0.832926407,3199,0.066321,241,2.94001,"True",125,927,FALSE,FALSE,FALSE,FALSE,FALSE,3.90172561601503,5.41280487598851,0.127967074633535,0.0236415458464435,12.5027648,194.044966159137,20,1.70484882341537e-05,0.000291598288835182,2.72688933166339e-05,0.00033591567038597,0,85.6666666666667,59.6,36.4990310668945,"UP002",2,"General","gemma4:12b",241,0.00033591567038597,0.127967074633535,3.90172561601503,5.48479693349065,-7.99865041049621,-2.05598227757719,1.36141892092142
"M2G__UP003","summarization","gemma4:12b","True","stop",20.417842071,0.799112719,3674,0.145261,1609,19.405557,"True",834,6740,FALSE,FALSE,FALSE,FALSE,FALSE,20.4218859039829,21.9333876819583,0.758428330346266,0.0345787135732856,12.5034188294643,300.0393323224,20,7.2670637113698e-05,0.00180198060824921,0.000116235564838603,0.00199088681020151,2.5,89.55,59.6,36.5000900268555,"UP003",2,"General","gemma4:12b",1609,0.00199088681020151,0.758428330346266,20.4218859039829,7.38336814699238,-6.21917510624366,-0.276506973324641,3.01660716420083
"M2S__UP003","summarization","gemma4:12b","True","stop",6.99040601,0.815220002,3739,0.318858,480,5.780334,"True",515,1682,FALSE,FALSE,FALSE,FALSE,FALSE,6.9936764559825,8.50498467299622,0.248809273934747,0.0292545234942903,12.5032138035714,245.969899148694,20,2.77876784394072e-05,0.000580893242491776,4.44475052001912e-05,0.000653128426131374,0,89.8333333333333,59.6,36.4846750895182,"UP003",2,"Sustainability","gemma4:12b",480,0.000653128426131374,0.248809273934747,6.9936764559825,6.17378610390194,-7.33373677707347,-1.39106864415445,1.9450063773456
"M2S__UP004","summarization","gemma4:12b","True","stop",8.335511983,0.834867057,3349,0.266039,586,7.171349,"True",872,1977,FALSE,FALSE,FALSE,FALSE,FALSE,8.33876636100467,9.84919090097537,0.295868932125814,0.0300399225784642,12.5029631,253.103684636922,20,3.24589600079699e-05,0.000692281387157934,5.19204537943652e-05,0.000776660800960269,0,84.875,59.6,36.50155210495,"UP004",2,"Sustainability","gemma4:12b",586,0.000776660800960269,0.295868932125814,8.33876636100467,6.37331978957701,-7.16050685251283,-1.21783871959381,2.12091528708489
"M2G__UP004","summarization","gemma4:12b","True","stop",18.723226855,0.840878559,3284,0.258235,1445,17.559872,"True",2280,4795,FALSE,FALSE,FALSE,FALSE,FALSE,18.7272095759981,20.2386257079779,0.691067268444266,0.0341459582491242,12.50329760375,294.518784384498,20,6.67812905988943e-05,0.00164046603459411,0.000106815592366426,0.00181406291755943,2.77777777777778,87.1666666666667,59.6,36.5010674794515,"UP004",2,"General","gemma4:12b",1445,0.00181406291755943,0.691067268444266,18.7272095759981,7.27586460054653,-6.3121862434588,-0.369518110539783,2.92997752383009
"M2G__UP005","summarization","gemma4:12b","True","stop",11.875555336,0.850719489,3205,0.22791,889,10.73594,"True",873,3081,FALSE,FALSE,FALSE,FALSE,FALSE,11.8796120189945,13.3914721509791,0.435291296758165,0.0325051116001716,12.503605671875,275.962226265591,20,4.47599046473171e-05,0.00102629470992444,7.15921809609022e-05,0.00114264679553266,0,90.4545454545455,59.6,36.4912085099654,"UP005",2,"General","gemma4:12b",889,0.00114264679553266,0.435291296758165,11.8796120189945,6.7900972355139,-6.77440795720654,-0.831739824287522,2.47482365506741
"M2S__UP005","summarization","gemma4:12b","True","stop",7.585307246,0.880843132,3270,0.244658,523,6.409752,"True",431,1739,FALSE,FALSE,FALSE,FALSE,FALSE,7.58930510398932,9.10135664697737,0.268421213619952,0.0294924398670935,12.50318375,248.088815460753,20,2.98584658202424e-05,0.000626994112706392,4.77575110387988e-05,0.000704610089565433,0,80.8571428571429,59.6,36.5129105704171,"UP005",2,"Sustainability","gemma4:12b",523,0.000704610089565433,0.268421213619952,7.58930510398932,6.25958146406492,-7.25786597259475,-1.31519783967574,2.0267400330646
"M2S__UP006","summarization","gemma4:12b","True","stop",8.504911043,0.842999091,3311,0.22888,604,7.375657,"True",905,1606,FALSE,FALSE,FALSE,FALSE,FALSE,8.50870988401584,10.0246645510197,0.304252880742923,0.0303504301011225,12.5032792,256.145059114374,20,3.30510063719629e-05,0.000712754736869492,5.28630603887399e-05,0.000798668803630195,0,88.5,59.6,36.5069627761841,"UP006",2,"Sustainability","gemma4:12b",604,0.000798668803630195,0.304252880742923,8.50870988401584,6.40357419793482,-7.13256421173677,-1.18989607881775,2.1410903310947
"M2G__UP006","summarization","gemma4:12b","True","stop",13.637342638,0.805546139,3246,0.262019,1027,12.502653,"True",2129,2235,FALSE,FALSE,FALSE,FALSE,FALSE,13.6408384700189,15.1563980130013,0.501360987270301,0.0330791647751813,12.5034246366071,281.318611874657,20,5.0875385169939e-05,0.0011838303915086,8.13750404111084e-05,0.00131608081708965,3.84615384615385,86.8461538461538,59.6,36.4977540236253,"UP006",2,"General","gemma4:12b",1027,0.00131608081708965,0.501360987270301,13.6408384700189,6.93439720992856,-6.63309703680225,-0.690428903883235,2.61306812193504
"M2G__UP007","summarization","gemma4:12b","True","stop",7.010078466,0.890910125,3166,0.244223,474,5.81364,"True",428,1660,FALSE,FALSE,FALSE,FALSE,FALSE,7.01383347599767,8.52957015496213,0.24504747471365,0.0287291704343497,12.5028093921875,241.140446319257,20,2.78569913998818e-05,0.000570837956670012,4.45586933886969e-05,0.00064325364145859,0,75.8571428571429,59.6,36.514289855957,"UP007",2,"General","gemma4:12b",474,0.00064325364145859,0.24504747471365,7.01383347599767,6.16120732169508,-7.34897144578682,-1.4063033128678,1.94788440977628
"M2S__UP007","summarization","gemma4:12b","True","stop",6.02842822,0.831283838,3231,0.253675,403,4.88463,"True",382,1443,FALSE,FALSE,FALSE,FALSE,FALSE,6.03213075298117,7.54757894703653,0.211035587883278,0.0279606996315207,12.5026332875,234.133473377091,20,2.44468568593884e-05,0.000490420947891756,3.91040757667118e-05,0.000553971880517857,0,78,59.7,36.5309543609619,"UP007",2,"Sustainability","gemma4:12b",403,0.000553971880517857,0.211035587883278,6.03213075298117,5.99893656194668,-7.49839662969316,-1.55572849677415,1.79710030702596
"M2S__UP008","summarization","gemma4:12b","True","stop",13.615295959,0.884753633,3304,0.265478,1017,12.401098,"True",315,4309,FALSE,FALSE,FALSE,FALSE,FALSE,13.6190250149812,15.135285826982,0.497433919526841,0.0328658424567083,12.5035249464286,279.304356327494,20,5.0802363065578e-05,0.00117371149452428,8.12583422443519e-05,0.00130577219983421,0,88.5384615384615,59.6230769230769,36.5214685293344,"UP008",2,"Sustainability","gemma4:12b",1017,0.00130577219983421,0.497433919526841,13.6190250149812,6.92461239604856,-6.64096068919622,-0.698292556277197,2.61146771335591
"M2G__UP008","summarization","gemma4:12b","True","stop",5.392971759,0.792099765,3239,0.254208,350,4.278983,"True",143,1399,FALSE,FALSE,FALSE,FALSE,FALSE,5.39664120099042,6.90799800900277,0.187152852536994,0.0270921983899083,12.50278716875,225.993938349543,20,2.22400345723685e-05,0.00043346506899411,3.55742048388088e-05,0.000491279308405287,0,86.2,59.6,36.5207450866699,"UP008",2,"General","gemma4:12b",350,0.000491279308405287,0.187152852536994,5.39664120099042,5.85793315448346,-7.61849773568454,-1.67582960276552,1.6857767602315
"M2G__UP009","summarization","gemma4:12b","True","stop",3.274672261,0.818665094,3248,0.229169,180,2.169147,"True",146,483,FALSE,FALSE,FALSE,FALSE,FALSE,3.27821607503574,4.78965947200777,0.108273728751967,0.0226057258109374,12.502125265625,184.657185273607,20,1.48832305978818e-05,0.000245530751980638,2.38063317723572e-05,0.000284220314350877,0,74.6666666666667,59.6,36.5193049112956,"UP009",2,"General","gemma4:12b",180,0.000284220314350877,0.108273728751967,3.27821607503574,5.19295685089021,-8.16576086578865,-2.22309273286964,1.18729939487764
"M2S__UP009","summarization","gemma4:12b","True","stop",3.152043073,0.845864054,3313,0.085251,176,2.156462,"True",91,535,FALSE,FALSE,FALSE,FALSE,FALSE,3.15563956397818,4.67107479303377,0.101538076443753,0.0217376259089626,12.501871353125,176.724947821131,20,1.44556366445375e-05,0.000228959349834135,2.31241300556576e-05,0.00026653911653433,0,58.3333333333333,59.6,36.5181605021159,"UP009",2,"Sustainability","gemma4:12b",176,0.00026653911653433,0.101538076443753,3.15563956397818,5.17048399503815,-8.22998954638887,-2.28732141346985,1.14919118986402
"M2S__UP010","summarization","gemma4:12b","True","stop",21.647546451,0.889083029,8867,1.116039,1603,19.45426,"True",987,4635,FALSE,FALSE,FALSE,FALSE,FALSE,21.6508545239922,23.1621878590086,0.815918564301381,0.0352263166704281,12.5035174025,306.691580994158,20,7.69400462729184e-05,0.00194179266454331,0.000123066906722508,0.00214179961753873,0,87.4761904761905,59.6,36.5197955540248,"UP010",2,"Sustainability","gemma4:12b",1603,0.00214179961753873,0.815918564301381,21.6508545239922,7.37963215260955,-6.14610886056753,-0.203440727648516,3.07504492359994
"M2G__UP010","summarization","gemma4:12b","True","stop",59.202111449,0.886365766,8802,1.046218,4640,56.636243,"True",1016,16295,FALSE,FALSE,FALSE,FALSE,FALSE,59.2045320619945,60.7176854099962,2.26491311156683,0.0373023625039887,12.5036222609375,322.009399169562,20,0.000203840190491064,0.00541554849910142,0.000326045387233413,0.0059454340768259,1.69491525423729,87.864406779661,57.1983050847458,35.0419994936151,"UP010",2,"General","gemma4:12b",4640,0.0059454340768259,2.26491311156683,59.2045320619945,8.4424696452203,-5.12513173605899,0.817536396860032,4.08099809406103
"M2G__UP011","summarization","gemma4:12b","True","stop",12.267860607,0.838482837,3227,0.166606,877,10.740866,"True",507,2681,FALSE,FALSE,FALSE,FALSE,FALSE,12.2714140669559,13.7838049930288,0.440428255300455,0.0319525889638749,12.5033403932692,270.731602317942,20,4.61180859561429e-05,0.00103624610677322,7.37672032555565e-05,0.00115613139598492,8.33333333333333,77.5833333333333,57.1,34.9752740859985,"UP011",2,"General","gemma4:12b",877,0.00115613139598492,0.440428255300455,12.2714140669559,6.77650699237218,-6.76267585084444,-0.820007717925419,2.5072724979632
"M2S__UP011","summarization","gemma4:12b","True","stop",9.119765228,0.835520589,3292,0.262603,652,7.958816,"True",520,1975,FALSE,FALSE,FALSE,FALSE,FALSE,9.12296441302169,10.6344109249767,0.32907128628688,0.0309440070172576,12.50285440625,261.534663598506,20,3.51828048166648e-05,0.000772357006773916,5.6277713772013e-05,0.000863817525362594,5.55555555555556,79,57.1,34.9600139194065,"UP011",2,"Sustainability","gemma4:12b",652,0.000863817525362594,0.32907128628688,9.12296441302169,6.48004456192665,-7.05414900896255,-1.11148087604353,2.21079479655793
"M2S__UP012","summarization","gemma4:12b","True","stop",2.539229531,0.785584255,3137,0.235314,120,1.450908,"True",59,462,FALSE,FALSE,FALSE,FALSE,FALSE,2.54315122298431,4.05494205403375,0.0798475073877871,0.0196914052836728,12.5023459625,157.747523638319,20,1.23310959018111e-05,0.000177546530925277,1.9723390072209e-05,0.000209601016899297,0,92.5,57.1,34.9494285583496,"UP012",2,"Sustainability","gemma4:12b",120,0.000209601016899297,0.0798475073877871,2.54315122298431,4.78749174278205,-8.47030475391037,-2.52763662099136,0.93340395104405
"M2G__UP012","summarization","gemma4:12b","True","stop",2.438715912,0.788099262,3072,0.045607,128,1.542778,"True",183,385,FALSE,FALSE,FALSE,FALSE,FALSE,2.4418821290019,3.95296338998014,0.0762914354901057,0.0192998082611863,12.5019404,154.143803773164,20,1.19772556938967e-05,0.000169129857526151,1.9159156605666e-05,0.000200266269825714,0,88.5,57.1,34.9756202697754,"UP012",2,"General","gemma4:12b",128,0.000200266269825714,0.0762914354901057,2.4418821290019,4.85203026391962,-8.5158627277471,-2.57319459482808,0.892769106301573
"M2G__UP013","summarization","gemma4:12b","True","stop",10.71528769,0.877603185,3102,0.049806,807,9.729946,"True",647,3269,FALSE,FALSE,FALSE,FALSE,FALSE,10.7187998919981,12.2331283099484,0.390542474568302,0.0319249880057826,12.5040680204545,270.663003262316,20,4.07290197071651e-05,0.000919307957667925,6.51434257442209e-05,0.00102518040311931,0,89.7,57.1,34.9646728515625,"UP013",2,"General","gemma4:12b",807,0.00102518040311931,0.390542474568302,10.7187998919981,6.69332366826995,-6.88288667883525,-0.940218545916235,2.37199919900243
"M2S__UP013","summarization","gemma4:12b","True","stop",5.531962725,0.867039755,3167,0.219373,358,4.381245,"True",213,1355,FALSE,FALSE,FALSE,FALSE,FALSE,5.53585255797952,7.04799067700515,0.188988741334536,0.0268145560905938,12.5033133875,223.323234127197,20,2.27265513066529e-05,0.000437022571840195,3.63494234722263e-05,0.000496098546619075,0,88,57.1,34.9704635620117,"UP013",2,"Sustainability","gemma4:12b",358,0.000496098546619075,0.188988741334536,5.53585255797952,5.8805329864007,-7.60873596827439,-1.66606783535537,1.71124558464775
"M2S__UP014","summarization","gemma4:12b","True","stop",41.291880135,0.863713464,5247,0.528145,3274,39.812202,"True",1507,11069,FALSE,FALSE,FALSE,FALSE,FALSE,41.296174824005,42.8080152580515,1.56737313718949,0.0366140108982206,12.5036396528245,316.375474413459,20,0.000143413355194002,0.00374157827103794,0.000229388573766725,0.00411438019999866,0,87.9512195121951,57.1,34.9547571321813,"UP014",2,"Sustainability","gemma4:12b",3274,0.00411438019999866,1.56737313718949,41.296174824005,8.09376775793108,-5.49326707588179,0.449401057037224,3.72076987640407
"M2G__UP014","summarization","gemma4:12b","True","stop",19.599014201,0.864717273,5182,0.492607,1471,17.756298,"True",467,4973,FALSE,FALSE,FALSE,FALSE,FALSE,19.6027604599949,21.1142301329528,0.731008463957995,0.0346216016096706,12.503499509375,299.856486369175,20,6.98272220345791e-05,0.00173739638991588,0.000111685599121847,0.00191890921107231,2.63157894736842,85.3157894736842,58.3,35.7235235916941,"UP014",2,"General","gemma4:12b",1471,0.00191890921107231,0.731008463957995,19.6027604599949,7.29369772060144,-6.2559983736165,-0.313330240697482,2.97567039611514
"M2G__UP015","summarization","gemma4:12b","True","stop",10.239005505,0.907177435,3205,0.186592,708,8.672088,"True",1286,1743,FALSE,FALSE,FALSE,FALSE,FALSE,10.24287649896,11.7540318699903,0.361409838411676,0.0307477334083471,12.5030664022727,259.523327234113,20,3.90715432775297e-05,0.000847137622153937,6.2497589816404e-05,0.000948706755247871,0,79.7,59.5,36.4586154937744,"UP015",2,"General","gemma4:12b",708,0.000948706755247871,0.361409838411676,10.24287649896,6.56244409369372,-6.96041081105968,-1.01774267814066,2.32658248826563
"M2S__UP015","summarization","gemma4:12b","True","stop",8.45001389,0.781409339,3270,0.224769,603,7.385339,"True",413,2142,FALSE,FALSE,FALSE,FALSE,FALSE,8.4521140960278,9.96266142599052,0.305357965718964,0.0306502401981009,12.50309765,258.869381405519,20,3.28499436940697e-05,0.000716175572939903,5.25441531887433e-05,0.000801569669822716,0,87.875,59.6,36.4684205055237,"UP015",2,"Sustainability","gemma4:12b",603,0.000801569669822716,0.305357965718964,8.4521140960278,6.40191719672719,-7.12893866539702,-1.186270532478,2.13441659895609
"M2S__UP016","summarization","gemma4:12b","True","stop",4.918131049,0.859934761,3358,0.276082,303,3.710941,"True",193,1024,FALSE,FALSE,FALSE,FALSE,FALSE,4.92092511197552,6.43162654398475,0.16887343854017,0.026256723300906,12.5028823175,218.286055301396,20,2.05864197918013e-05,0.000389779200712148,3.29299262611635e-05,0.000443295546765113,0,90,59.6,36.470269203186,"UP016",2,"Sustainability","gemma4:12b",303,0.000443295546765113,0.16887343854017,4.92092511197552,5.71373280550937,-7.72127386190976,-1.77860572899074,1.59349654371796
"M2G__UP016","summarization","gemma4:12b","True","stop",6.272064601,0.882613667,3293,0.261504,414,5.065269,"True",289,1399,FALSE,FALSE,FALSE,FALSE,FALSE,6.27601034397958,7.78746572899399,0.217976489505242,0.0279906836307067,12.5027943232143,234.207160036925,20,2.52950533058992e-05,0.000506437071816634,4.04597360278583e-05,0.000572191861150392,0,79.8333333333333,59.5,36.4601434071859,"UP016",2,"General","gemma4:12b",414,0.000572191861150392,0.217976489505242,6.27601034397958,6.02586597382531,-7.46603620123413,-1.52336806831511,1.83673448304973
"M2G__UP017","summarization","gemma4:12b","True","stop",5.234079664,0.869189541,3601,0.297644,327,3.995677,"True",312,1046,FALSE,FALSE,FALSE,FALSE,FALSE,5.23780618602177,6.74948819004931,0.179233328015271,0.0265550991376668,12.5025938375,220.972708623729,20,2.16901447634469e-05,0.000414107831286259,3.46924505555459e-05,0.000470490426605252,0,83,59.5,36.4515174865723,"UP017",2,"General","gemma4:12b",327,0.000470490426605252,0.179233328015271,5.23780618602177,5.78996017089725,-7.6617349464248,-1.71906681350578,1.6559027438778
"M2S__UP017","summarization","gemma4:12b","True","stop",5.146965189,0.869089456,3666,0.146248,332,4.057457,"True",198,1265,FALSE,FALSE,FALSE,FALSE,FALSE,5.15017988695763,6.66116241301643,0.17682872980648,0.0265462270460398,12.5024748875,220.917560274376,20,2.13832207187719e-05,0.000408589493537725,3.42056025999935e-05,0.000464178316856491,0,82,59.5,36.4527793884277,"UP017",2,"Sustainability","gemma4:12b",332,0.000464178316856491,0.17682872980648,5.15017988695763,5.80513496891649,-7.6752417759937,-1.73257364307468,1.63903164357196
"M2S__UP018","summarization","gemma4:12b","True","stop",6.353320216,0.820372417,3257,0.063012,450,5.399713,"True",266,1680,FALSE,FALSE,FALSE,FALSE,FALSE,6.35682972503128,7.86848953401204,0.222696042772102,0.0283022607845489,12.5028796142857,237.132211028114,20,2.55758870519763e-05,0.000518096803365786,4.09080754887934e-05,0.000584580765906556,0,89.1666666666667,59.5,36.4439900716146,"UP018",2,"Sustainability","gemma4:12b",450,0.000584580765906556,0.222696042772102,6.35682972503128,6.10924758276437,-7.44461560711721,-1.50194747419819,1.84952978216708
"M2G__UP018","summarization","gemma4:12b","True","stop",6.772634374,0.869203538,3192,0.224218,458,5.612238,"True",392,1520,FALSE,FALSE,FALSE,FALSE,FALSE,6.7761950949789,8.29121393000241,0.236373156693158,0.0285088720045955,12.5031628571429,239.086776855001,20,2.70319652995367e-05,0.000550213217946904,4.32382310944376e-05,0.000620483414340879,16.6666666666667,87.8333333333333,59.5,36.460791905721,"UP018",2,"General","gemma4:12b",458,0.000620483414340879,0.236373156693158,6.7761950949789,6.12686918411419,-7.3850116831839,-1.44234355026488,1.91341574899237
"M2G__UP019","summarization","gemma4:12b","True","stop",12.5782534,0.793437063,3389,0.247946,948,11.472554,"True",1333,3261,FALSE,FALSE,FALSE,FALSE,FALSE,12.5803925329819,14.0909444359713,0.460380279433962,0.0326720669097739,12.5035125269231,277.473128827258,20,4.71898154784942e-05,0.00108583670200257,7.54792691942485e-05,0.00120850578667532,0,89.5,59.5,36.4495731989543,"UP019",2,"General","gemma4:12b",948,0.00120850578667532,0.460380279433962,12.5803925329819,6.85435450225502,-6.71837056951998,-0.775702436600963,2.53213945372523
"M2S__UP019","summarization","gemma4:12b","True","stop",7.407402201,0.901307868,3454,0.285321,503,6.160184,"True",845,1571,FALSE,FALSE,FALSE,FALSE,FALSE,7.41143279901007,8.9226914710016,0.260784762793843,0.0292271411200739,12.503014775,245.615804323266,20,2.92383722075473e-05,0.000608559375736561,4.67665329164851e-05,0.000684564280860594,0,78,59.5,36.4502432686942,"UP019",2,"Sustainability","gemma4:12b",503,0.000684564280860594,0.260784762793843,7.41143279901007,6.22059017009974,-7.28672800842569,-1.34405987550667,2.00302378080662
"M2S__UP020","summarization","gemma4:12b","True","stop",4.832708292,0.865199046,3294,0.262817,304,3.651378,"True",146,1177,FALSE,FALSE,FALSE,FALSE,FALSE,4.83663351996802,6.3500043739914,0.165621457895715,0.0260821013878469,12.5030962025,216.728907493104,20,2.0297394700065e-05,0.00038199752782031,3.24641216999023e-05,0.000434759044220278,0,89.75,59.5,36.4401712417603,"UP020",2,"Sustainability","gemma4:12b",304,0.000434759044220278,0.165621457895715,4.83663351996802,5.71702770140622,-7.74071860167938,-1.79805046876036,1.5762189249932
"M2G__UP020","summarization","gemma4:12b","True","stop",8.434405607,0.915358286,3229,0.25055,600,7.210353,"True",320,2201,FALSE,FALSE,FALSE,FALSE,FALSE,8.43763034400763,9.94824419700308,0.299927391623056,0.0301487765764144,12.50311565,254.119591799404,20,3.28025234078657e-05,0.000702042228300392,5.24695720167882e-05,0.000787314323725046,0,89.875,59.5,36.4367384910583,"UP020",2,"General","gemma4:12b",600,0.000787314323725046,0.299927391623056,8.43763034400763,6.39692965521615,-7.14688299446158,-1.20421486154257,2.13270150425801
"M2G__UP021","open_qa","gemma4:12b","True","stop",6.061069193,0.876533076,3021,0.2187,404,4.909675,"True",311,1302,FALSE,FALSE,FALSE,FALSE,FALSE,6.06474050501129,7.576170638029,0.209633169037761,0.0276700696240256,12.5026382535714,231.235221403384,20,2.4560415106648e-05,0.000486444000266317,3.92860926668315e-05,0.000550290508039797,0,74,59.5,36.4427623748779,"UP021",2,"General","gemma4:12b",404,0.000550290508039797,0.209633169037761,6.06474050501129,6.00141487796115,-7.5050642227484,-1.56239608982938,1.80249175582714
"M2S__UP021","open_qa","gemma4:12b","True","stop",3.599681272,0.754715283,3086,0.047612,228,2.76383,"True",184,748,FALSE,FALSE,FALSE,FALSE,FALSE,3.60149608296342,5.11171436798759,0.120566085115637,0.0235862328049253,12.50285395625,193.718400999488,20,1.60006262584844e-05,0.000274893831025302,2.55934941944563e-05,0.000316487951478243,0,88.3333333333333,59.5,36.4309323628744,"UP021",2,"Sustainability","gemma4:12b",228,0.000316487951478243,0.120566085115637,3.60149608296342,5.42934562895444,-8.05822538510388,-2.11555725218486,1.28134933773414
"M2S__UP022","open_qa","gemma4:12b","True","stop",4.767980455,0.820363927,3085,0.042396,317,3.848919,"True",63,965,FALSE,FALSE,FALSE,FALSE,FALSE,4.77163660601946,6.28302085201722,0.163209495221458,0.0259762778232796,12.503020445,215.681580425189,20,2.00717499993256e-05,0.000376251967668217,3.21038849613008e-05,0.000428427602628844,0,88.75,59.5,36.4372415542603,"UP022",2,"Sustainability","gemma4:12b",317,0.000428427602628844,0.163209495221458,4.77163660601946,5.75890177387728,-7.75538878955959,-1.81272065664058,1.56268935004084
"M2G__UP022","open_qa","gemma4:12b","True","stop",7.671414039,0.942939336,3020,0.042043,545,6.626541,"True",260,1957,FALSE,FALSE,FALSE,FALSE,FALSE,7.67509725998389,9.18676380597753,0.266829885000632,0.0290450359491134,12.5032256140625,243.842285320054,20,3.01546494463587e-05,0.000622044664302379,4.82335120830814e-05,0.000700432825831819,0,88.8571428571429,59.5,36.4562056405204,"UP022",2,"General","gemma4:12b",545,0.000700432825831819,0.266829885000632,7.67509725998389,6.30078579466324,-7.26381209138665,-1.32114395846763,2.03798096570357
"M2G__UP023","open_qa","gemma4:12b","True","stop",11.022101288,0.875934906,3025,0.209134,820,9.878406,"True",1295,2671,FALSE,FALSE,FALSE,FALSE,FALSE,11.0260941220331,12.5376871980261,0.397213454356953,0.0316815572189015,12.503075684375,268.261914395556,20,4.17931726393872e-05,0.000934049080571597,6.68495812999835e-05,0.00104269183451097,0,81.4545454545455,59.5,36.4433396079324,"UP023",2,"General","gemma4:12b",820,0.00104269183451097,0.397213454356953,11.0260941220331,6.7093043402583,-6.86594960730041,-0.92328147438139,2.40026465650264
"M2S__UP023","open_qa","gemma4:12b","True","stop",8.311456973,0.848163395,3090,0.223538,586,7.17561,"True",645,2106,FALSE,FALSE,FALSE,FALSE,FALSE,8.31493300403235,9.82572128495667,0.293113173991766,0.029831211927467,12.502985375,251.146330831862,20,3.23750552013479e-05,0.000685266659322892,5.17851761222119e-05,0.000769426890646451,6.25,88.25,59.5,36.4363903999329,"UP023",2,"Sustainability","gemma4:12b",586,0.000769426890646451,0.293113173991766,8.31493300403235,6.37331978957701,-7.16986461810547,-1.22719648518645,2.11805305537038
"M2S__UP024","open_qa","gemma4:12b","True","stop",9.446261908,0.80399004,3091,0.194967,693,8.391002,"True",293,2783,FALSE,FALSE,FALSE,FALSE,FALSE,9.4497198460158,10.9607037570095,0.341894846902408,0.0311927823689025,12.503156525,263.835568716509,20,3.63172565250097e-05,0.000803072586902154,5.8089738939048e-05,0.000897479582366212,5.55555555555556,88.8888888888889,59.5,36.4411595662435,"UP024",2,"Sustainability","gemma4:12b",693,0.000897479582366212,0.341894846902408,9.4497198460158,6.5410299991899,-7.0159201873133,-1.07325205439428,2.24598509514195
"M2G__UP024","open_qa","gemma4:12b","True","stop",20.65395309,0.85019351,3026,0.217996,1618,19.52273,"True",994,6263,FALSE,FALSE,FALSE,FALSE,FALSE,20.657184050011,22.1688016100088,0.771741709492999,0.0348120626035361,12.50337909875,301.378106418766,20,7.34849674127981e-05,0.00183480841228967,0.000117541269183211,0.00202583464888568,2.5,86.25,59.5,36.4401517868042,"UP024",2,"General","gemma4:12b",1618,0.00202583464888568,0.771741709492999,20.657184050011,7.38894609761844,-6.20177349105408,-0.259105358135057,3.02806315478961
"M2G__UP025","open_qa","gemma4:12b","True","stop",18.197551507,0.793451856,3024,0.195336,1410,17.155626,"True",2312,4131,FALSE,FALSE,FALSE,FALSE,FALSE,18.20128177898,19.7122641170281,0.674436080715586,0.0342140343043084,12.50291874875,295.613669220569,20,6.49561992019629e-05,0.00160155100346238,0.000103898574250181,0.00177040577691452,0,88.4444444444444,59.5,36.4400193956163,"UP025",2,"General","gemma4:12b",1410,0.00177040577691452,0.674436080715586,18.20128177898,7.25134498337221,-6.33654650617666,-0.393878373257639,2.90149201901934
"M2S__UP025","open_qa","gemma4:12b","True","stop",8.76147671,0.834824179,3089,0.224136,625,7.639099,"True",850,1980,FALSE,FALSE,FALSE,FALSE,FALSE,8.76518107001903,10.2767515869928,0.315754574378347,0.0307251344654468,12.503316425,259.524729707687,20,3.39413220422253e-05,0.000740630592503955,5.42890235778436e-05,0.000828860938124024,6.25,87.5,59.5,36.4412341117859,"UP025",2,"Sustainability","gemma4:12b",625,0.000828860938124024,0.315754574378347,8.76518107001903,6.4377516497364,-7.09545816343315,-1.15279003051413,2.17078717646205
"M2S__UP026","open_qa","gemma4:12b","True","stop",8.095740294,0.858160168,3088,0.222747,579,6.963721,"True",792,2088,FALSE,FALSE,FALSE,FALSE,FALSE,8.09858918597456,9.61271014495287,0.29143734834805,0.0303179170029451,12.5028351,255.884823728887,20,3.16230074156281e-05,0.000682820268477435,5.05845449444476e-05,0.000765027820837511,6.25,78.5,59.5,36.4365358352661,"UP026",2,"Sustainability","gemma4:12b",579,0.000765027820837511,0.29143734834805,8.09858918597456,6.361302477573,-7.17559835769115,-1.23293022477213,2.0916898719372
"M2G__UP026","open_qa","gemma4:12b","True","stop",11.407883276,0.811989212,3023,0.217102,856,10.318338,"True",1975,2259,FALSE,FALSE,FALSE,FALSE,FALSE,11.4114649569965,12.9231596009922,0.416018379258189,0.0321916924423225,12.503180965625,273.045788862862,20,4.31316356894643e-05,0.000979934117279591,6.89893179278847e-05,0.00109205507089694,9.09090909090909,87.7272727272727,59.5,36.4421057267623,"UP026",2,"General","gemma4:12b",856,0.00109205507089694,0.416018379258189,11.4114649569965,6.75227037614174,-6.81969397170673,-0.877025838787713,2.43461854800719
"M2G__UP027","open_qa","gemma4:12b","True","stop",3.501239869,0.867761764,3020,0.218437,194,2.348594,"True",178,711,FALSE,FALSE,FALSE,FALSE,FALSE,3.50470154796494,5.01654703100212,0.113307876955693,0.0225868264077768,12.502764828125,184.347175144702,20,1.56695387937419e-05,0.00025670242758391,2.50630696000169e-05,0.000297435035977669,0,88.3333333333333,59.5,36.4469680786133,"UP027",2,"General","gemma4:12b",194,0.000297435035977669,0.113307876955693,3.50470154796494,5.26785815906333,-8.12031472328563,-2.17764659036661,1.25410536649442
"M2S__UP027","open_qa","gemma4:12b","True","stop",4.89163631,0.840189014,3085,0.047593,323,3.947177,"True",199,1365,FALSE,FALSE,FALSE,FALSE,FALSE,4.89495663298294,6.40577408397803,0.16673658167143,0.0260291074092775,12.503020445,216.134496471901,20,2.04968487767962e-05,0.000384404196410948,3.27852172389006e-05,0.000437686262426645,0,88.25,59.5,36.4458351135254,"UP027",2,"Sustainability","gemma4:12b",323,0.000437686262426645,0.16673658167143,4.89495663298294,5.77765232322266,-7.73400820007984,-1.79134006716082,1.58820541649133
"M2S__UP028","open_qa","gemma4:12b","True","stop",5.148233191,0.807503407,3081,0.056144,346,4.222961,"True",314,1134,FALSE,FALSE,FALSE,FALSE,FALSE,5.15167819103226,6.66291153401835,0.1763590505762,0.0264687666458989,12.5025951875,220.198189672765,20,2.13881145994055e-05,0.000407345881432875,3.42114051390025e-05,0.000462945401171283,0,88.6,59.5,36.453263092041,"UP028",2,"Sustainability","gemma4:12b",346,0.000462945401171283,0.1763590505762,5.15167819103226,5.84643877505772,-7.67790143486773,-1.73523330194871,1.63932252393041
"M2G__UP028","open_qa","gemma4:12b","True","stop",9.26560859,0.850518363,3016,0.042447,689,8.308050999,"True",1292,1919,FALSE,FALSE,FALSE,FALSE,FALSE,9.26953292998951,10.7807789380313,0.333283579486378,0.0309146102894899,12.5028704375,261.234659297713,20,3.56907043943799e-05,0.000782093959008634,5.70902007166296e-05,0.000874874864119644,0,88.4444444444444,59.5,36.4568875630697,"UP028",2,"General","gemma4:12b",689,0.000874874864119644,0.333283579486378,9.26953292998951,6.53524127101366,-7.04142969426861,-1.09876156134959,2.22673299319399
"M2G__UP029","open_qa","gemma4:12b","True","stop",12.521551561,0.801299693,3015,0.210822,944,11.460869,"True",2133,2075,FALSE,FALSE,FALSE,FALSE,FALSE,12.5255338089773,14.037581149023,0.454557395283048,0.0323814616248672,12.5032740269231,274.734806353744,20,4.70024793677126e-05,0.00107103752349591,7.51806173832544e-05,0.00119322062024688,12.5,89.25,59.525,36.4601151148478,"UP029",2,"General","gemma4:12b",944,0.00119322062024688,0.454557395283048,12.5255338089773,6.8501261661455,-6.73109922400562,-0.788431091086605,2.52776926554197
"M2S__UP029","open_qa","gemma4:12b","True","stop",15.762203149,0.839567571,3080,0.223032,1211,14.635011,"True",1332,4054,FALSE,FALSE,FALSE,FALSE,FALSE,15.7662002959987,17.2781265429803,0.57992407031486,0.0335640596723416,12.50286728,238.809986117929,20,5.64981882685461e-05,0.00137544721146909,9.03647992776112e-05,0.00152231019901525,0,86.7333333333333,59.5,36.4523236592611,"UP029",2,"Sustainability","gemma4:12b",1211,0.00152231019901525,0.57992407031486,15.7662002959987,7.09920174355309,-6.48752623018082,-0.544858097261801,2.75786842685733
"M2S__UP030","open_qa","gemma4:12b","True","stop",12.477188803,0.869926861,3086,0.215547,935,11.328311,"True",386,4209,FALSE,FALSE,FALSE,FALSE,FALSE,12.480424430978,13.9985937129823,0.458657529390833,0.0327645432673337,12.5032740269231,278.515699204631,20,4.68430536525979e-05,0.00108221197687897,7.49285090164954e-05,0.00120398353954806,0,87.6666666666667,59.5,36.4378579457601,"UP030",2,"Sustainability","gemma4:12b",935,0.00120398353954806,0.458657529390833,12.480424430978,6.84054652928869,-6.72211960366067,-0.779451470741656,2.52416137125546
"M2G__UP030","open_qa","gemma4:12b","True","stop",16.19328591,0.903135888,3021,0.194543,1249,15.031083,"True",1623,4161,FALSE,FALSE,FALSE,FALSE,FALSE,16.1968798810267,17.7080170050031,0.601295730588496,0.0339561301764399,12.502574645,262.468106883546,20,5.79819907364461e-05,0.00142768975326124,9.27394138668509e-05,0.00157841115786454,3.125,84.125,59.5,36.4514319896698,"UP030",2,"General","gemma4:12b",1249,0.00157841115786454,0.601295730588496,16.1968798810267,7.13009851012558,-6.45133653418269,-0.508668401263674,2.78481862375196
"M2G__UP031","open_qa","gemma4:12b","True","stop",6.872425875,0.90596497,3020,0.202992,468,5.705184,"True",1137,827,FALSE,FALSE,FALSE,FALSE,FALSE,6.87624937895453,8.39021013700403,0.240535688726746,0.028668613157362,12.5032616482143,240.539388777451,20,2.73801659208038e-05,0.000560235725966862,4.37942373333499e-05,0.000631410129221016,0,77,59.5,36.4574330647786,"UP031",2,"General","gemma4:12b",468,0.000631410129221016,0.240535688726746,6.87624937895453,6.14846829591765,-7.36755493949042,-1.4248868065714,1.92807335489006
"M2S__UP031","open_qa","gemma4:12b","True","stop",9.445241975,0.899711531,3085,0.217882,676,8.272281999,"True",593,2317,FALSE,FALSE,FALSE,FALSE,FALSE,9.44888144801371,10.9598745370167,0.337406910510665,0.0307856544681311,12.5032317425,259.988047634914,20,3.63143557129013e-05,0.00079129924414989,5.80850758444285e-05,0.00088569867570722,0,88.3333333333333,59.5,36.4530881245931,"UP031",2,"Sustainability","gemma4:12b",676,0.00088569867570722,0.337406910510665,9.44888144801371,6.51619307604296,-7.02913376034324,-1.08646562742422,2.24589636921037
"M2S__UP032","open_qa","gemma4:12b","True","stop",3.808315771,0.811187499,3083,0.216626,223,2.714758,"True",445,559,FALSE,FALSE,FALSE,FALSE,FALSE,3.81217702798313,5.32410443399567,0.126141885238678,0.0236926016013571,12.503132478125,194.58191716016,20,1.67404929483644e-05,0.000287608285642449,2.67757396889566e-05,0.00033112451827977,0,88.3333333333333,59.5,36.4504992167155,"UP032",2,"Sustainability","gemma4:12b",223,0.00033112451827977,0.126141885238678,3.81217702798313,5.40717177146012,-8.01301606517183,-2.07034793225281,1.33820042437346
"M2G__UP032","open_qa","gemma4:12b","True","stop",14.341316851,0.90186883,3018,0.042243,1095,13.338399,"True",1961,2821,FALSE,FALSE,FALSE,FALSE,FALSE,14.3445115979994,15.8552523509716,0.522261914940236,0.0329393631447457,12.5072273075,279.854335967778,20,5.33351629274731e-05,0.00123232515252614,8.52857796776031e-05,0.00137094609513121,0,88.6428571428571,59.5,36.424832207816,"UP032",2,"General","gemma4:12b",1095,0.00137094609513121,0.522261914940236,14.3445115979994,6.9985096422506,-6.59225419709527,-0.649586064176251,2.66336740200809
"M2G__UP033","open_qa","gemma4:12b","True","stop",8.811416224,0.867985355,3016,0.212214,630,7.676784,"True",1371,1527,FALSE,FALSE,FALSE,FALSE,FALSE,8.8148806039826,10.3259650060209,0.315283388771965,0.0305330677169766,12.503202375,257.696714095325,20,3.41128926367668e-05,0.000738946702267818,5.45644732722495e-05,0.000827624068176834,0,88.25,59.5,36.457022190094,"UP033",2,"General","gemma4:12b",630,0.000827624068176834,0.315283388771965,8.8148806039826,6.44571981938558,-7.09695153062011,-1.15428339770109,2.17644127111631
"M2S__UP033","open_qa","gemma4:12b","True","stop",6.275953074,0.762693986,3081,0.174806,436,5.275406,"True",410,1685,FALSE,FALSE,FALSE,FALSE,FALSE,6.27962290099822,7.79121868300717,0.22294568192869,0.0286149947780236,12.5029847214286,240.117841814879,20,2.53065413830701e-05,0.000519450971116164,4.04785602890317e-05,0.000585236072788266,0,88.8333333333333,59.5,36.4494101206462,"UP033",2,"Sustainability","gemma4:12b",436,0.000585236072788266,0.22294568192869,6.27962290099822,6.07764224334903,-7.44349524890628,-1.50082711598726,1.83730993106543
"M2S__UP034","open_qa","gemma4:12b","True","stop",11.949886857,0.836380262,3093,0.222241,895,10.831373,"True",1161,3049,FALSE,FALSE,FALSE,FALSE,FALSE,11.9537992989644,13.466272982012,0.437588891218676,0.0324951745596721,12.5034701375,275.87025229752,20,4.50174875513632e-05,0.00103165554754625,7.20049835890273e-05,0.00114867801868664,9.09090909090909,88.8181818181818,59.5,36.4482782537287,"UP034",2,"Sustainability","gemma4:12b",895,0.00114867801868664,0.437588891218676,11.9537992989644,6.79682371827486,-6.76914354681333,-0.826475413894312,2.48104916081528
"M2G__UP034","open_qa","gemma4:12b","True","stop",13.235694529,0.907692547,3028,0.213741,995,12.057164,"True",1627,2969,FALSE,FALSE,FALSE,FALSE,FALSE,13.2396859159926,14.7511932639754,0.482584142988287,0.0327149224033847,12.5032321651786,277.82335868942,20,4.94816544722884e-05,0.00113816202163974,7.91476166778011e-05,0.00126679129278983,0,83.5384615384615,59.5,36.449392758883,"UP034",2,"General","gemma4:12b",995,0.00126679129278983,0.482584142988287,13.2396859159926,6.90274273715859,-6.67126811671319,-0.728599983794167,2.58321882787043
"M2G__UP035","open_qa","gemma4:12b","True","stop",5.262497529,0.846761254,3020,0.209305,344,4.153332,"True",483,1140,FALSE,FALSE,FALSE,FALSE,FALSE,5.26384338800563,6.77302261104342,0.181054049559587,0.0267316469997278,12.50249391875,222.617984878491,20,2.17738208187267e-05,0.000418667279378226,3.48287503335289e-05,0.000475269850530482,0,88.6,59.5,36.4380065917969,"UP035",2,"General","gemma4:12b",344,0.000475269850530482,0.181054049559587,5.26384338800563,5.8406416573734,-7.65162780886101,-1.70895967594199,1.66086144206174
"M2S__UP035","open_qa","gemma4:12b","True","stop",4.345606274,0.833414495,3085,0.047789,279,3.402604,"True",87,1055,FALSE,FALSE,FALSE,FALSE,FALSE,4.34880283899838,5.86000406398671,0.145391516915852,0.0248108218575089,12.50238446,204.864575915213,20,1.85998417515081e-05,0.00033330193330805,2.9753342189037e-05,0.000381655117248595,0,89,59.5,36.4369783401489,"UP035",2,"Sustainability","gemma4:12b",279,0.000381655117248595,0.145391516915852,4.34880283899838,5.63121178182137,-7.87099319158593,-1.92832505866691,1.46990059779787
"M2S__UP036","open_qa","gemma4:12b","True","stop",3.959787325,0.717521886,3082,0.040519,257,3.150091,"True",32,1068,FALSE,FALSE,FALSE,FALSE,FALSE,3.96366364200367,5.47580670996103,0.134665543826569,0.0245928227491301,12.5027648,203.010208686949,20,1.72652703424398e-05,0.000308618302450547,2.76156891221439e-05,0.000353499261915131,0,88,59.5,36.4433403015137,"UP036",2,"Sustainability","gemma4:12b",257,0.000353499261915131,0.134665543826569,3.96366364200367,5.54907608489522,-7.94762916056439,-2.00496102764537,1.37716875968982
"M2G__UP036","open_qa","gemma4:12b","True","stop",2.668736406,0.847418413,3017,0.041707,141,1.721073,"True",56,508,FALSE,FALSE,FALSE,FALSE,FALSE,2.67067705397494,4.18088724499103,0.0820312688680293,0.0196205408233164,12.5023459625,156.954375115519,20,1.27675570813453e-05,0.000182142367936677,2.04235015944707e-05,0.000215333426612493,0,84.5,59.5,36.4345111846924,"UP036",2,"General","gemma4:12b",141,0.000215333426612493,0.0820312688680293,2.67067705397494,4.94875989037817,-8.44332290966492,-2.5006547767459,0.982332018534392
"M2G__UP037","open_qa","gemma4:12b","True","stop",9.882972661,0.885039319,3016,0.039865,732,8.896323,"True",1281,1863,FALSE,FALSE,FALSE,FALSE,FALSE,9.88684890297009,11.4008745140163,0.352675663353418,0.0309340886894103,12.50328644,261.394891511418,20,3.7836980837284e-05,0.000827421495269931,6.05209263167732e-05,0.000925779402423988,11.1111111111111,88.6666666666667,59.5,36.4359253777398,"UP037",2,"General","gemma4:12b",732,0.000925779402423988,0.352675663353418,9.88684890297009,6.59578051396131,-6.98487457802248,-1.04220644510346,2.29120548040417
"M2S__UP037","open_qa","gemma4:12b","True","stop",6.387289218,0.871475175,3081,0.216611,432,5.244353,"True",419,1525,FALSE,FALSE,FALSE,FALSE,FALSE,6.39065182500053,7.90193617600016,0.222040243360884,0.0280994731437172,12.5027885857143,235.208083043939,20,2.56916877967385e-05,0.000516072357301667,4.10952365944266e-05,0.000582859281692832,0,84,59.5,36.449457804362,"UP037",2,"Sustainability","gemma4:12b",432,0.000582859281692832,0.222040243360884,6.39065182500053,6.06842558824411,-7.44756477005708,-1.50489663713806,1.85483627022942
"M2S__UP038","open_qa","gemma4:12b","True","stop",5.154943871,0.770278016,3080,0.203975,339,4.134435999,"True",498,1048,FALSE,FALSE,FALSE,FALSE,FALSE,5.15852546697715,6.67152866901597,0.178104441902484,0.0266961967396828,12.50247635,222.403838618407,20,2.1412362324912e-05,0.000411863940602331,3.42507791110418e-05,0.000467527082038284,0,85.6,59.5,36.438614654541,"UP038",2,"Sustainability","gemma4:12b",339,0.000467527082038284,0.178104441902484,5.15852546697715,5.82600010738045,-7.66805328141972,-1.72538514850071,1.64065077644194
"M2G__UP038","open_qa","gemma4:12b","True","stop",6.345393575,0.871130619,3015,0.033919,440,5.379479,"True",520,1427,FALSE,FALSE,FALSE,FALSE,FALSE,6.34819634596352,7.85803139203927,0.219727949256047,0.0279622132177592,12.5028042875,233.902480977554,20,2.55429831563077e-05,0.000510387630530573,4.08588580444403e-05,0.000576789471731321,0,88.3333333333333,59.5,36.4349848429362,"UP038",2,"General","gemma4:12b",440,0.000576789471731321,0.219727949256047,6.34819634596352,6.08677472691231,-7.45803322505311,-1.5153650921341,1.84817073255185
"M2G__UP039","open_qa","gemma4:12b","True","stop",4.8593486,0.821361404,3019,0.041982,323,3.948835,"True",456,805,FALSE,FALSE,FALSE,FALSE,FALSE,4.86306762596359,6.37487160897581,0.164195425003833,0.0257566638318874,12.5029491425,213.577159711514,20,2.03885027365882e-05,0.000378016135746506,3.26110459999957e-05,0.00043101568448309,0,88.25,59.5,36.4494638442993,"UP039",2,"General","gemma4:12b",323,0.00043101568448309,0.164195425003833,4.86306762596359,5.77765232322266,-7.74936607761062,-1.8066979446916,1.58166943754819
"M2S__UP039","open_qa","gemma4:12b","True","stop",5.32332079,0.84890725,3084,0.047733,358,4.36044,"True",166,1278,FALSE,FALSE,FALSE,FALSE,FALSE,5.32643826800631,6.83740881900303,0.182124150365269,0.0266364283877683,12.50263139375,221.706727453809,20,2.19951119994798e-05,0.000420899781163442,3.51839895389276e-05,0.000478078882701849,0,85.4,59.5,36.4570640563965,"UP039",2,"Sustainability","gemma4:12b",358,0.000478078882701849,0.182124150365269,5.32643826800631,5.8805329864007,-7.6457348125153,-1.70306667959628,1.67268277240397
"M2S__UP040","open_qa","gemma4:12b","True","stop",8.620079188,0.832630802,3086,0.042198,633,7.686663,"True",153,2301,FALSE,FALSE,FALSE,FALSE,FALSE,8.62375378998695,10.1356879009982,0.308330161089161,0.0304202501202505,12.50312795,256.669404668711,20,3.34501971932142e-05,0.000722417800155917,5.35037340832383e-05,0.000809371731432369,6.25,86.25,59.5,36.4518237113953,"UP040",2,"Sustainability","gemma4:12b",633,0.000809371731432369,0.308330161089161,8.62375378998695,6.45047042214418,-7.11925225146924,-1.17658411855022,2.15452046436055
"M2G__UP040","open_qa","gemma4:12b","True","stop",6.015524584,0.867403441,3021,0.201087,406,4.889139,"True",298,1413,FALSE,FALSE,FALSE,FALSE,FALSE,6.01929654099513,7.5305400689831,0.207645021004805,0.0275737223496169,12.5026363732143,230.342873424393,20,2.44009174788837e-05,0.000481639274200418,3.90313951557295e-05,0.000545071586835031,0,74.1666666666667,59.5,36.448673248291,"UP040",2,"General","gemma4:12b",406,0.000545071586835031,0.207645021004805,6.01929654099513,6.00635315960173,-7.51459341993606,-1.57192528701705,1.79497039883752
"M2G__UP041","classification","gemma4:12b","True","stop",41.593048564,0.878004598,3031,0.043194,3354,40.608278,"True",882,13135,FALSE,FALSE,FALSE,FALSE,FALSE,41.5954254890094,43.1071520270198,1.57101262333954,0.0364443613058645,12.5035886741226,315.103444025057,20,0.000144433220884358,0.00374847744322437,0.000231023246744492,0.00412393391085322,1.21951219512195,88.8780487804878,59.5,36.4450614743116,"UP041",2,"General","gemma4:12b",3354,0.00412393391085322,1.57101262333954,41.5954254890094,8.11790894238315,-5.49094773845214,0.451720394466877,3.72799019701421
"M2S__UP041","classification","gemma4:12b","True","stop",21.240967073,0.854597573,3096,0.168364,1612,19.755224,"True",259,6469,FALSE,FALSE,FALSE,FALSE,FALSE,21.2450056960224,22.7563826779951,0.780215058005023,0.034285548324843,12.5033032165625,299.447196202156,20,7.55255432148807e-05,0.00185174953695366,0.000120802247577942,0.00204807732774648,0,84.1904761904762,60.7,37.1753643580845,"UP041",2,"Sustainability","gemma4:12b",1612,0.00204807732774648,0.780215058005023,21.2450056960224,7.38523092306657,-6.19085381482897,-0.248185681909948,3.05612184167794
"M2S__UP042","classification","gemma4:12b","True","stop",25.741506125,0.807237526,3127,0.221623,2039,24.646587,"True",157,7368,FALSE,FALSE,FALSE,FALSE,FALSE,25.7451326270238,27.2563118530088,0.971386715760839,0.0356389639581266,12.50357211125,308.336947714045,20,9.1147258927812e-05,0.00231296879481846,0.000145790012038843,0.00254990606578511,4,89.36,60.7,37.1695143127441,"UP042",2,"Sustainability","gemma4:12b",2039,0.00254990606578511,0.971386715760839,25.7451326270238,7.62021477057445,-5.97169875743731,-0.0290306245182944,3.24824558504917
"M2G__UP042","classification","gemma4:12b","True","stop",12.741837415,0.82007804,3062,0.222044,962,11.646258,"True",204,3583,FALSE,FALSE,FALSE,FALSE,FALSE,12.7459283720236,14.2577629619627,0.471434194114231,0.033065088497539,12.5034868163462,281.175290128179,20,4.77679321260393e-05,0.00111334950178943,7.6405060149975e-05,0.00123752249406544,4.16666666666667,88.8333333333333,60.7,37.1644550959269,"UP042",2,"General","gemma4:12b",962,0.00123752249406544,0.471434194114231,12.7459283720236,6.86901445066571,-6.69464388666405,-0.75197575374503,2.54521187723279
"M2G__UP043","classification","gemma4:12b","True","stop",2.855383467,0.806077798,3025,0.218654,146,1.769547,"True",59,523,FALSE,FALSE,FALSE,FALSE,FALSE,2.85859565599822,4.36902450403431,0.0912179494633904,0.0208783332249935,12.5024576,168.650550908185,20,1.34251089059267e-05,0.000204549608083582,2.14738969057281e-05,0.000239448613895237,0,88.5,60.7,37.1740455627441,"UP043",2,"General","gemma4:12b",146,0.000239448613895237,0.0912179494633904,2.85859565599822,4.98360662170834,-8.3371717198947,-2.39450358697568,1.05033047486611
"M2S__UP043","classification","gemma4:12b","True","stop",11.711660927,0.806691081,3090,0.048943,893,10.795123,"True",42,3625,FALSE,FALSE,FALSE,FALSE,FALSE,11.7147641349584,13.225346331019,0.428495144447593,0.0323995405279175,12.50321174375,274.968799644363,20,4.4184435022225e-05,0.00100994691906742,7.06754301276912e-05,0.00112480678421733,4.54545454545455,89.1818181818182,60.7,37.1632152904164,"UP043",2,"Sustainability","gemma4:12b",893,0.00112480678421733,0.428495144447593,11.7147641349584,6.7945865808765,-6.79014400543839,-0.847475872519373,2.46084993816411
"M2S__UP044","classification","gemma4:12b","True","stop",7.496194004,0.91870245,3103,0.222261,516,6.288179,"True",199,1931,FALSE,FALSE,FALSE,FALSE,FALSE,7.49978894402739,9.01334378001047,0.264958484302444,0.0293962474714502,12.5032729765625,247.258489222062,20,2.95456702133198e-05,0.000618715772749745,4.72589253331535e-05,0.000695520368296218,0,78.8571428571429,60.7,37.160827091762,"UP044",2,"Sustainability","gemma4:12b",516,0.000695520368296218,0.264958484302444,7.49978894402739,6.24610676548156,-7.27085026119751,-1.32818212827849,2.01487487934996
"M2G__UP044","classification","gemma4:12b","True","stop",14.14069035,0.860213975,3038,0.218129,1074,12.999052,"True",821,3683,FALSE,FALSE,FALSE,FALSE,FALSE,14.1442672300036,15.6574085159809,0.520207474969147,0.0332243662441451,12.5032284875,282.606124813434,20,5.2623166890413e-05,0.00122875737189432,8.41726177165078e-05,0.00136555315650124,0,83,60.7,37.1585164751325,"UP044",2,"General","gemma4:12b",1074,0.00136555315650124,0.520207474969147,14.1442672300036,6.97914527506881,-6.59619568957587,-0.653527556656856,2.64930939924082
"M2G__UP045","classification","gemma4:12b","True","stop",6.58789294,0.857512299,3034,0.219115,447,5.452145,"True",101,1680,FALSE,FALSE,FALSE,FALSE,FALSE,6.59108752897009,8.10182268504286,0.230515861947007,0.0284523459606902,12.5030640821429,238.474550891116,20,2.6389649340589e-05,0.000536507373650075,4.22108965447276e-05,0.000605107919535391,16.6666666666667,76.8333333333333,60.7,37.1555938720703,"UP045",2,"General","gemma4:12b",447,0.000605107919535391,0.230515861947007,6.59108752897009,6.10255859461357,-7.4101037364438,-1.46743560352479,1.88571836205676
"M2S__UP045","classification","gemma4:12b","True","stop",6.091678581,0.880630284,3099,0.220504,405,4.925004,"True",55,1532,FALSE,FALSE,FALSE,FALSE,FALSE,6.09551451500738,7.60810633603251,0.21133778175911,0.0277779742323264,12.5027416732143,232.289726718678,20,2.46674641751149e-05,0.000490641225846744,3.94564543779577e-05,0.000554765144399817,0,73.6666666666667,60.7,37.1583023071289,"UP045",2,"Sustainability","gemma4:12b",405,0.000554765144399817,0.21133778175911,6.09551451500738,6.00388706710654,-7.49696569702024,-1.55429756410123,1.80755317528631
"M2S__UP046","classification","gemma4:12b","True","stop",18.853432914,0.892301583,3126,0.20927,1444,17.686883,"True",331,5109,FALSE,FALSE,FALSE,FALSE,FALSE,18.8569557039882,20.3683336339891,0.692239435898208,0.0339860613213372,12.5034841325,293.98755212574,20,6.7236952886905e-05,0.00164235936944213,0.000107543554027992,0.00181713987635702,2.77777777777778,88.2777777777778,60.7,37.1516312493218,"UP046",2,"Sustainability","gemma4:12b",1444,0.00181713987635702,0.692239435898208,18.8569557039882,7.27517231945277,-6.31049151049638,-0.367823377577364,2.9368818486933
"M2G__UP046","classification","gemma4:12b","True","stop",18.944610778,0.846064662,3061,0.202348,1472,17.835435,"True",1345,4306,FALSE,FALSE,FALSE,FALSE,FALSE,18.9486271429923,20.4606701080338,0.707827573660617,0.0345945450429158,12.50351978,297.965892186644,20,6.75452633974884e-05,0.00168247745709138,0.000108036273238961,0.00185805899372783,2.77777777777778,88.8888888888889,60.7,37.1534879472521,"UP046",2,"General","gemma4:12b",1472,0.00185805899372783,0.707827573660617,18.9486271429923,7.29437729928882,-6.2882228878955,-0.345554754976483,2.94173148262399
"M2G__UP047","classification","gemma4:12b","True","stop",12.110391366,0.86091008,3022,0.218244,912,10.967862,"True",1703,2674,FALSE,FALSE,FALSE,FALSE,FALSE,12.1136603609775,13.6249805769767,0.444621011310914,0.0326327812945458,12.50307575,277.143652951091,20,4.55691661746827e-05,0.00104867806116449,7.28902219610366e-05,0.00116713744930021,12.5,81.8333333333333,60.7,37.1604820887248,"UP047",2,"General","gemma4:12b",912,0.00116713744930021,0.444621011310914,12.1136603609775,6.81563999007433,-6.75320115257879,-0.81053301965977,2.4943337712644
"M2S__UP047","classification","gemma4:12b","True","stop",8.96146715,0.880234162,3087,0.224203,636,7.790522,"True",489,2433,FALSE,FALSE,FALSE,FALSE,FALSE,8.96484527300345,10.4762803209596,0.320986294146462,0.03063933803912,12.5032395875,258.68220483929,20,3.46341781269982e-05,0.000752562824271941,5.53972859498269e-05,0.000842594288348766,0,88,60.7,37.1434764862061,"UP047",2,"Sustainability","gemma4:12b",636,0.000842594288348766,0.320986294146462,8.96484527300345,6.45519856334012,-7.07902498704574,-1.13635685412673,2.19331084790129
"M2S__UP048","classification","gemma4:12b","True","stop",5.345289569,0.877129229,3103,0.226975,345,4.183259,"True",137,1266,FALSE,FALSE,FALSE,FALSE,FALSE,5.34889999794541,6.86090625496581,0.184264831365329,0.0268572145599513,12.50265726875,223.791169195469,20,2.20761505878104e-05,0.0004263117299379,3.53103249220617e-05,0.000483698205447773,0,88.4,60.7,37.154704284668,"UP048",2,"Sustainability","gemma4:12b",345,0.000483698205447773,0.184264831365329,5.34889999794541,5.84354441703136,-7.63404938819437,-1.69138125527536,1.67689093190705
"M2G__UP048","classification","gemma4:12b","True","stop",11.57342303,0.873384815,3038,0.052464,880,10.583038,"True",193,3465,FALSE,FALSE,FALSE,FALSE,FALSE,11.5765186870121,13.0873124229838,0.422780150829369,0.0323045815034481,12.503442284375,274.094592790444,20,4.37032503564143e-05,0.000996197463623005,6.99041182278759e-05,0.0011098048322073,0,89.4545454545455,60.7,37.1610423001376,"UP048",2,"General","gemma4:12b",880,0.0011098048322073,0.422780150829369,11.5765186870121,6.77992190747225,-6.80357110595752,-0.860902973038501,2.44897879542732
"M2G__UP049","classification","gemma4:12b","True","stop",3.936531449,0.870498238,3025,0.220392,230,2.786052,"True",82,804,FALSE,FALSE,FALSE,FALSE,FALSE,3.9406005560304,5.45278056396637,0.129915320223318,0.023825517770115,12.502765025,195.805404122671,20,1.71830795665662e-05,0.000296362181534171,2.74845859220174e-05,0.000341029847022755,0,85.6666666666667,60.7,37.1668256123861,"UP049",2,"General","gemma4:12b",230,0.000341029847022755,0.129915320223318,3.9406005560304,5.4380793089232,-7.98354055658514,-2.04087242366612,1.3713331370827
"M2S__UP049","classification","gemma4:12b","True","stop",2.919577461,0.90787683,3090,0.046381,157,1.90541,"True",74,555,FALSE,FALSE,FALSE,FALSE,FALSE,2.92322090995731,4.43830835598055,0.0907817050801719,0.0204541230123961,12.5024576375,164.744654407272,20,1.36506077452777e-05,0.000202817940031075,2.18349174557564e-05,0.000238303465232109,0,84.5,60.7,37.1567897796631,"UP049",2,"Sustainability","gemma4:12b",157,0.000238303465232109,0.0907817050801719,2.92322090995731,5.05624580534831,-8.34196563249611,-2.39929749957709,1.07268605972129
"M2S__UP050","classification","gemma4:12b","True","stop",3.36857219,0.836501009,3086,0.042146,199,2.422913,"True",27,821,FALSE,FALSE,FALSE,FALSE,FALSE,3.37225910101552,4.88420290197246,0.10888066739737,0.0222924128220389,12.502232225,181.634062048713,20,1.52110224001107e-05,0.000246272974797179,2.43295410554209e-05,0.000285813538252711,0,89,60.7,37.1793696085612,"UP050",2,"Sustainability","gemma4:12b",199,0.000285813538252711,0.10888066739737,3.37225910101552,5.29330482472449,-8.16017092391683,-2.21750279099781,1.21558287616022
"M2G__UP050","classification","gemma4:12b","True","stop",4.897019041,0.846412535,3021,0.042547,324,3.947082,"True",198,1058,FALSE,FALSE,FALSE,FALSE,FALSE,4.9007216199534,6.41226597299101,0.1646249920999,0.0256734503517655,12.50294912,212.767174873627,20,2.05190238719893e-05,0.000378802803041367,3.28214782445381e-05,0.000432143305157894,0,88.5,60.7,37.1749200820923,"UP050",2,"General","gemma4:12b",324,0.000432143305157894,0.1646249920999,4.9007216199534,5.78074351579233,-7.74675329982617,-1.80408516690715,1.58938246365176
"M2G__UP051","classification","gemma4:12b","True","stop",3.410870115,0.833512134,3025,0.042594,203,2.470784,"True",80,678,FALSE,FALSE,FALSE,FALSE,FALSE,3.41420082002878,4.92518183903303,0.109708099076445,0.0222749337307685,12.503107615625,181.440137154999,20,1.53540920540097e-05,0.000248073531792237,2.45579361391719e-05,0.000287985559985418,0,89,60.7,37.1705284118652,"UP051",2,"General","gemma4:12b",203,0.000287985559985418,0.109708099076445,3.41420082002878,5.31320597904179,-8.15260021802485,-2.20993208510583,1.22794344514631
"M2S__UP051","classification","gemma4:12b","True","stop",4.571750266,0.805352277,3090,0.049143,300,3.65105,"True",64,1100,FALSE,FALSE,FALSE,FALSE,FALSE,4.57489874202292,6.08615468197968,0.153608149212995,0.0252389492609856,12.50294912,208.805776740228,20,1.938645662107e-05,0.000352828337818245,3.1009117394246e-05,0.000403223911833561,0,88,60.7,37.1685485839844,"UP051",2,"Sustainability","gemma4:12b",300,0.000403223911833561,0.153608149212995,4.57489874202292,5.7037824746562,-7.81601853782283,-1.87335040490382,1.52058456559138
"M2S__UP052","classification","gemma4:12b","True","stop",7.91287747,0.84250851,3109,0.037751,571,6.965406,"True",294,2003,FALSE,FALSE,FALSE,FALSE,FALSE,7.9167175340117,9.4282359489589,0.279447859911727,0.0296394639914145,12.50318645,249.416114498908,20,3.09933094442147e-05,0.000652986911277686,4.95749962664882e-05,0.000733555216988389,0,88.5714285714286,60.7,37.1739251273019,"UP052",2,"Sustainability","gemma4:12b",571,0.000733555216988389,0.279447859911727,7.9167175340117,6.34738920965601,-7.2176076844301,-1.27493955151108,2.06897666714074
"M2G__UP052","classification","gemma4:12b","True","stop",16.563378963,0.78260798,3044,0.204926,1268,15.511933,"True",501,4631,FALSE,FALSE,FALSE,FALSE,FALSE,16.5659672570182,18.0770408750395,0.603600273848459,0.033390435858443,12.5030162,268.847802515368,20,5.92739327013142e-05,0.00143037725541273,9.4809433617047e-05,0.00158446062173109,6.25,88.3125,60.7,37.1721620559692,"UP052",2,"General","gemma4:12b",1268,0.00158446062173109,0.603600273848459,16.5659672570182,7.14519613499717,-6.44751123131562,-0.5048430983966,2.80735042565705
"M2G__UP053","classification","gemma4:12b","True","stop",3.058339692,0.890036273,3037,0.218348,158,1.897051,"True",90,445,FALSE,FALSE,FALSE,FALSE,FALSE,3.06213296897477,4.57389105402399,0.0968821519398447,0.0211815609063557,12.50193415625,171.373573363523,20,1.41323164945563e-05,0.00021757934073019,2.26055811000859e-05,0.000254317238324832,0,66,60.7,37.1600621541341,"UP053",2,"General","gemma4:12b",158,0.000254317238324832,0.0968821519398447,3.06213296897477,5.06259503302697,-8.27692810047687,-2.33425996755785,1.11911172182325
"M2S__UP053","classification","gemma4:12b","True","stop",3.993208995,0.861927258,3102,0.050637,248,3.013981,"True",16,925,FALSE,FALSE,FALSE,FALSE,FALSE,3.99628431798192,5.51069091801764,0.132370410385745,0.0240206559132085,12.5032452875,197.73935844855,20,1.7376314067812e-05,0.000302304686288224,2.7793498622163e-05,0.000347474498978199,0,89.3333333333333,60.7,37.1574249267578,"UP053",2,"Sustainability","gemma4:12b",248,0.000347474498978199,0.132370410385745,3.99628431798192,5.51342874616498,-7.96481927988758,-2.02215114696856,1.38536500890135
"M2S__UP054","classification","gemma4:12b","True","stop",7.687952906,0.895589654,3127,0.042939,548,6.683005,"True",179,1850,FALSE,FALSE,FALSE,FALSE,FALSE,7.69171302794712,9.20457072003046,0.268577498692705,0.0291787098890166,12.5034261453125,245.121927301068,20,3.02151699141222e-05,0.000626478001181319,4.8327169350038e-05,0.000705020340445479,0,86.7142857142857,60.7,37.167836870466,"UP054",2,"Sustainability","gemma4:12b",548,0.000705020340445479,0.268577498692705,7.69171302794712,6.30627528694802,-7.25728390387249,-1.31461577095347,2.04014351917139
"M2G__UP054","classification","gemma4:12b","True","stop",9.713782648,0.928576402,3062,0.183768,707,8.54404,"True",186,2464,FALSE,FALSE,FALSE,FALSE,FALSE,9.71764284698293,11.2288384279818,0.346570277084093,0.0308643034902394,12.50331777125,260.69593972473,20,3.7248762009844e-05,0.000812924817006788,5.95790842832584e-05,0.000909752663299891,0,89.5555555555556,60.7,37.1617685953776,"UP054",2,"General","gemma4:12b",707,0.000909752663299891,0.346570277084093,9.71764284698293,6.56103066589657,-7.00233779396885,-1.05966966104983,2.27394308360871
"M2G__UP055","classification","gemma4:12b","True","stop",5.603848714,0.887794829,3027,0.215078,369,4.43698,"True",129,1373,FALSE,FALSE,FALSE,FALSE,FALSE,5.60761193500366,7.11861244298052,0.192422598735619,0.0270309137176532,12.5030162,225.33639308383,20,2.29730386352641e-05,0.00044539368964891,3.6745750349817e-05,0.000505112478633991,0,88.8,60.7,37.1755836486816,"UP055",2,"General","gemma4:12b",369,0.000505112478633991,0.192422598735619,5.60761193500366,5.91079664404053,-7.59072942352125,-1.64806129060223,1.72412494887214
"M2S__UP055","classification","gemma4:12b","True","stop",3.968238305,0.859508865,3092,0.049825,246,2.994149,"True",74,897,FALSE,FALSE,FALSE,FALSE,FALSE,3.97130298899719,5.48217718797969,0.131061693368012,0.0239068692736491,12.5027648,196.505050262466,20,1.72907443577044e-05,0.000299090794827706,2.76575561499663e-05,0.000344039095335376,0,88.6666666666667,60.7,37.1680971781413,"UP055",2,"Sustainability","gemma4:12b",246,0.000344039095335376,0.131061693368012,3.97130298899719,5.50533153593236,-7.97475525781772,-2.0320871248987,1.37909424966578
"M2S__UP056","classification","gemma4:12b","True","stop",8.68886118,0.87181028,3147,0.047591,630,7.702154,"True",148,2360,FALSE,FALSE,FALSE,FALSE,FALSE,8.69199858000502,10.2020883910009,0.308146947299252,0.0302043008734432,12.5032768125,254.599661346862,20,3.36847484080427e-05,0.000721325299281261,5.38807445386839e-05,0.000808890792227988,0,87.75,60.7,37.1724948883057,"UP056",2,"Sustainability","gemma4:12b",630,0.000808890792227988,0.308146947299252,8.69199858000502,6.44571981938558,-7.11984664108342,-1.17717850816441,2.16240289902613
"M2G__UP056","classification","gemma4:12b","True","stop",8.010325954,0.844288138,3082,0.222976,563,6.888221,"True",201,2085,FALSE,FALSE,FALSE,FALSE,FALSE,8.01421090494841,9.52560834999895,0.281991758770851,0.0296035432499051,12.502867225,249.0442073192,20,3.13328030602584e-05,0.000658781915913842,5.0118274255591e-05,0.000740232993229691,0,77.25,60.7,37.1721620559692,"UP056",2,"General","gemma4:12b",563,0.000740232993229691,0.281991758770851,8.01421090494841,6.33327962813969,-7.20854556560692,-1.2658774326879,2.08121632893135
"M2G__UP057","classification","gemma4:12b","True","stop",5.218822891,0.881016045,3037,0.210838,335,4.072065,"True",159,1290,FALSE,FALSE,FALSE,FALSE,FALSE,5.22283602901734,6.73443418100942,0.176319767173568,0.0261818235109902,12.50262790625,217.44708621031,20,2.16372929131468e-05,0.000406595325276093,3.46096634056367e-05,0.000462842281594877,0,86.6,60.7,37.1938537597656,"UP057",2,"General","gemma4:12b",335,0.000462842281594877,0.176319767173568,5.22283602901734,5.81413053182507,-7.67812420641406,-1.73545607349505,1.65304055493826
"M2S__UP057","classification","gemma4:12b","True","stop",11.710539623,0.919354446,3102,0.050538,875,10.68184,"True",99,3759,FALSE,FALSE,FALSE,FALSE,FALSE,11.7137316460139,13.2250892309821,0.420100563220914,0.0317654237248361,12.5033513,268.985514563272,20,4.41804477416419e-05,0.000987921345892318,7.06690771388821e-05,0.00110277087077284,4.54545454545455,88.5454545454545,60.7,37.1907587918368,"UP057",2,"Sustainability","gemma4:12b",875,0.00110277087077284,0.420100563220914,11.7137316460139,6.77422388635761,-6.80992929304375,-0.867261160124733,2.46076179857932
"M2S__UP058","classification","gemma4:12b","True","stop",8.567277586,0.791110211,3129,0.230531,614,7.477564,"True",178,2247,FALSE,FALSE,FALSE,FALSE,FALSE,8.57087721000426,10.0814366889535,0.306815823275962,0.0304337400255806,12.5033560375,256.801689089103,20,3.32634966646308e-05,0.000718928075141179,5.32049980221523e-05,0.000805396569827962,0,89,60.7,37.173595905304,"UP058",2,"Sustainability","gemma4:12b",614,0.000805396569827962,0.306815823275962,8.57087721000426,6.41999492814714,-7.12417576852301,-1.18150763560399,2.14837008559831
"M2G__UP058","classification","gemma4:12b","True","stop",21.714536974,0.856515588,3064,0.219037,1678,20.575118,"True",357,6493,FALSE,FALSE,FALSE,FALSE,FALSE,21.7176872499986,23.2292691009934,0.799365559278883,0.0344119978895375,12.5034804945312,297.747434735617,20,7.71671051408494e-05,0.00189775207375575,0.000123428528883637,0.00209834770778024,7.14285714285714,87.3809523809524,60.7,37.1555302937826,"UP058",2,"General","gemma4:12b",1678,0.00209834770778024,0.799365559278883,21.7176872499986,7.42535788702715,-6.16660504976585,-0.223936916846829,3.07812700919367
"M2G__UP059","classification","gemma4:12b","True","stop",17.766795731,0.810075393,3047,0.207937,1380,16.690712,"True",280,4754,FALSE,FALSE,FALSE,FALSE,FALSE,17.7699804949807,19.2803878149716,0.660428186132225,0.0342538849565769,12.50319282875,291.974548868263,20,6.34580703056617e-05,0.00156867347715917,0.000101503276349912,0.00173363482381474,0,89.1764705882353,60.7,37.1697331596823,"UP059",2,"General","gemma4:12b",1380,0.00173363482381474,0.660428186132225,17.7699804949807,7.22983877815125,-6.35753502037192,-0.414866887452905,2.87751054452841
"M2S__UP059","classification","gemma4:12b","True","stop",7.026557541,0.867120477,3112,0.227551,483,5.86689,"True",140,1627,FALSE,FALSE,FALSE,FALSE,FALSE,7.03040930704447,8.54263197199907,0.248092277387785,0.0290416675096129,12.50289861875,243.979946148717,20,2.79145412376482e-05,0.000578681574055828,4.46501831388256e-05,0.000651246298432302,0,76.7142857142857,60.7,37.1622565133231,"UP059",2,"Sustainability","gemma4:12b",483,0.000651246298432302,0.248092277387785,7.03040930704447,6.18001665365257,-7.33662264870202,-1.393954515783,1.95024492703586
"M2S__UP060","classification","gemma4:12b","True","stop",4.576759685,0.750261072,3113,0.232058,291,3.529451,"True",90,921,FALSE,FALSE,FALSE,FALSE,FALSE,4.58059448399581,6.09196591295768,0.157820249682207,0.0259062923097652,12.50295344,215.109039508544,20,1.94071374392919e-05,0.000363831679953464,3.10419272776926e-05,0.000414280744670448,12.5,81,60.7,37.1687784194946,"UP060",2,"Sustainability","gemma4:12b",291,0.000414280744670448,0.157820249682207,4.58059448399581,5.67332326717149,-7.78896668674003,-1.84629855382101,1.52182878970189
"M2G__UP060","classification","gemma4:12b","True","stop",12.04741887,0.809958578,3048,0.038464,918,11.133182,"True",179,3209,FALSE,FALSE,FALSE,FALSE,FALSE,12.0512179040234,13.5633284759824,0.439229196785063,0.0323835847198451,12.5031211653846,274.805021916627,20,4.53534779140736e-05,0.00103508582806811,7.25445417276609e-05,0.00115298384770984,0,81.5,60.7,37.1609630584717,"UP060",2,"General","gemma4:12b",918,0.00115298384770984,0.439229196785063,12.0512179040234,6.82219739062049,-6.76540204671802,-0.822733913799006,2.48916572570266
"M2G__UP061","information_extraction","gemma4:12b","True","stop",14.894128577,0.792858361,3272,0.261154,1139,13.774042,"True",411,4019,FALSE,FALSE,FALSE,FALSE,FALSE,14.8972856489709,16.4088377149892,0.550265967792792,0.0335347315483615,12.5033513375,285.455635760947,20,5.52379400456848e-05,0.00130086298513454,8.83562681333084e-05,0.00144445719331354,0,84.2857142857143,60.7,37.1625881195068,"UP061",2,"General","gemma4:12b",1139,0.00144445719331354,0.550265967792792,14.8972856489709,7.03790596344718,-6.54002167275563,-0.597353539836611,2.70117902514621
"M2S__UP061","information_extraction","gemma4:12b","True","stop",7.480305165,0.869194086,3337,0.245235,519,6.303944,"True",338,1689,FALSE,FALSE,FALSE,FALSE,FALSE,7.484255259973,8.99622691096738,0.267563433630058,0.0297417390955167,12.5032283,250.468689505731,20,2.94920403592778e-05,0.000625693278331951,4.71730843276924e-05,0.000702358403018922,0,89,60.7,37.1520118713379,"UP061",2,"Sustainability","gemma4:12b",519,0.000702358403018922,0.267563433630058,7.484255259973,6.25190388316589,-7.26106673861153,-1.31839860569251,2.01280151525577
"M2S__UP062","information_extraction","gemma4:12b","True","stop",17.108850403,0.813144957,3945,0.33549,1295,15.881932,"True",1344,3453,FALSE,FALSE,FALSE,FALSE,FALSE,17.1128356840345,18.6271904099849,0.630405914594842,0.0338433172539493,12.5028379690625,279.474134367226,20,6.11750122875517e-05,0.00149580119664083,9.78496595447521e-05,0.00165482586847314,5.88235294117647,84.7058823529412,60.7,37.1510050156537,"UP062",2,"Sustainability","gemma4:12b",1295,0.00165482586847314,0.630405914594842,17.1128356840345,7.16626597413364,-6.40405949111273,-0.461391358193709,2.83982880672806
"M2G__UP062","information_extraction","gemma4:12b","True","stop",19.303972148,0.872092309,3880,0.343174,1474,18.025852,"True",1673,4080,FALSE,FALSE,FALSE,FALSE,FALSE,19.3080095670302,20.8191057880176,0.715251865130708,0.0343555516943657,12.503178625625,297.722511254631,20,6.87990130567057e-05,0.00169870497007452,0.00011004389751114,0.00187754788064236,7.89473684210526,85.8947368421053,60.7,37.1735886021664,"UP062",2,"General","gemma4:12b",1474,0.00187754788064236,0.715251865130708,19.3080095670302,7.29573507274928,-6.27778867231169,-0.335120539392671,2.96052001329379
"M2G__UP063","information_extraction","gemma4:12b","True","stop",22.202263204,0.821435773,4780,0.492839,1696,20.798726,"True",296,7324,FALSE,FALSE,FALSE,FALSE,FALSE,22.2065272839973,23.7179419579916,0.828206681078485,0.0349189943438338,12.5033553575,302.796962871789,20,7.88683196804813e-05,0.00196903740856236,0.00012615039743897,0.00217405612568181,2.27272727272727,84.9090909090909,60.7,37.1659580577504,"UP063",2,"General","gemma4:12b",1696,0.00217405612568181,0.828206681078485,22.2065272839973,7.43602781635185,-6.13116067383541,-0.188492540916387,3.10038626746397
"M2S__UP063","information_extraction","gemma4:12b","True","stop",17.994136738,0.866006566,4845,0.439373,1315,16.128841,"True",161,5027,FALSE,FALSE,FALSE,FALSE,FALSE,17.9983374439762,19.5098659640062,0.656839508753982,0.0336670436365779,12.50334414125,291.239898305406,20,6.42497897158374e-05,0.00155719985687064,0.000102764840233269,0.00172421448681975,0,85.4117647058823,61.7764705882353,37.8130033156451,"UP063",2,"Sustainability","gemma4:12b",1315,0.00172421448681975,0.656839508753982,17.9983374439762,7.18159194461187,-6.36298370217077,-0.420315569251749,2.89027938940678
"M2S__UP064","information_extraction","gemma4:12b","True","stop",4.720957406,0.861783206,3487,0.234663,256,3.128966,"True",125,993,FALSE,FALSE,FALSE,FALSE,FALSE,4.72478547994979,6.23637307004537,0.150425565967876,0.024120681087923,12.5030962025,198.169813813499,20,1.99078153830666e-05,0.000343119718939633,3.1842044277841e-05,0.000394869578600541,0,66.5,63,38.5825328826904,"UP064",2,"Sustainability","gemma4:12b",256,0.000394869578600541,0.150425565967876,4.72478547994979,5.54517744447956,-7.83695502834295,-1.89428689542393,1.55282215884622
"M2G__UP064","information_extraction","gemma4:12b","True","stop",4.208277379,0.812973325,3422,0.102566,266,3.225958,"True",125,967,FALSE,FALSE,FALSE,FALSE,FALSE,4.21214697998948,5.72386197501328,0.142248348679376,0.0248518132163811,12.5022878,205.322804491613,20,1.81271215390812e-05,0.000326282483248619,2.89946442722188e-05,0.000373404249059919,0,80,63,38.589973449707,"UP064",2,"General","gemma4:12b",266,0.000373404249059919,0.142248348679376,4.21214697998948,5.5834963087817,-7.89284894754293,-1.95018081462391,1.43797248919696
"M2G__UP065","information_extraction","gemma4:12b","True","stop",7.009199339,0.789725664,3559,0.284725,478,5.863562,"True",184,1551,FALSE,FALSE,FALSE,FALSE,FALSE,7.01317383401329,8.52886457799468,0.248793058585091,0.029170712737895,12.5027229640625,245.287271201123,20,2.78561341535658e-05,0.000580671575646896,4.45581507720312e-05,0.000653085860572493,0,75.8571428571429,63,38.5932519095285,"UP065",2,"General","gemma4:12b",478,0.000653085860572493,0.248793058585091,7.01317383401329,6.16961073249146,-7.33380195100294,-1.39113381808392,1.9477903566443
"M2S__UP065","information_extraction","gemma4:12b","True","stop",9.840163618,0.86458711,3624,0.276664,704,8.633229,"True",160,2436,FALSE,FALSE,FALSE,FALSE,FALSE,9.84412926796358,11.3553715639864,0.351559044394198,0.0309597129792889,12.50335341125,261.580371127229,20,3.76882541366463e-05,0.000824876771011063,6.02832341886824e-05,0.000922848259336391,0,87.5555555555556,63,38.5826327006022,"UP065",2,"Sustainability","gemma4:12b",704,0.000922848259336391,0.351559044394198,9.84412926796358,6.55677835615804,-6.98804573639535,-1.04537760347633,2.28687526409269
"M2S__UP066","information_extraction","gemma4:12b","True","stop",2.681426425,0.834694476,3227,0.253305,125,1.525237,"True",42,478,FALSE,FALSE,FALSE,FALSE,FALSE,2.68527697998798,4.19865989399841,0.08144288377398,0.0193973519718506,12.5024576,154.89863296933,20,1.2824553469631e-05,0.000180451811028881,2.05125415888486e-05,0.000213788906087361,0,63,63,38.5889167785645,"UP066",2,"Sustainability","gemma4:12b",125,0.000213788906087361,0.08144288377398,2.68527697998798,4.8283137373023,-8.45052144992748,-2.50785331700846,0.987783880922678
"M2G__UP066","information_extraction","gemma4:12b","True","stop",2.131005093,0.854913009,3162,0.054169,95,1.158332,"True",42,325,FALSE,FALSE,FALSE,FALSE,FALSE,2.13445367995882,3.64569038298214,0.0617076987950372,0.0169262039045019,12.501256175,132.061021082912,20,1.09087963701726e-05,0.000133623440231823,1.74514851332383e-05,0.000161983721735234,0,81,63,38.5811614990234,"UP066",2,"General","gemma4:12b",95,0.000161983721735234,0.0617076987950372,2.13445367995882,4.55387689160054,-8.7280147108965,-2.78534657797748,0.75821072632866
"M2G__UP067","information_extraction","gemma4:12b","True","stop",6.65985135,0.715976623,3159,0.059773,481,5.815306,"True",497,1484,FALSE,FALSE,FALSE,FALSE,FALSE,6.6636722330004,8.17528579296777,0.236890807542009,0.0289764558134197,12.5031150285714,243.423524687054,20,2.66427709727913e-05,0.000552584053178151,4.26154321609324e-05,0.000621842256311875,8.33333333333333,89.8333333333333,63,38.5895709991455,"UP067",2,"General","gemma4:12b",481,0.000621842256311875,0.236890807542009,6.6636722330004,6.17586727010576,-7.38282410460448,-1.44015597168546,1.8966707189311
"M2S__UP067","information_extraction","gemma4:12b","True","stop",5.104296907,0.854781405,3224,0.223299,327,3.962367,"True",141,1276,FALSE,FALSE,FALSE,FALSE,FALSE,5.10816059901845,6.61976787599269,0.172216117786912,0.0260154315095356,12.50247081875,215.925267376479,20,2.12388146811125e-05,0.000396858373042264,3.39729469056086e-05,0.000452070134628985,10,71.2,63,38.5999137878418,"UP067",2,"Sustainability","gemma4:12b",327,0.000452070134628985,0.172216117786912,5.10816059901845,5.78996017089725,-7.70167322506053,-1.75900509214151,1.63083937836094
"M2S__UP068","information_extraction","gemma4:12b","True","stop",54.739088571,0.890436027,3583,0.295237,4383,53.485703,"True",108,15197,FALSE,FALSE,FALSE,FALSE,FALSE,54.7425939270179,56.2538091709721,2.06518965856101,0.0367119967340217,12.5039102684268,316.88042165555,20,0.000188357084815107,0.00493153088966469,0.00030126876147244,0.00542115673595224,3.7037037037037,88.3333333333333,63,38.5834621146873,"UP068",2,"Sustainability","gemma4:12b",4383,0.00542115673595224,2.06518965856101,54.7425939270179,8.38548870041881,-5.21744606638399,0.725222066535033,4.0026420888073
"M2G__UP068","information_extraction","gemma4:12b","True","stop",12.17404716,0.894308822,3518,0.234659,861,10.508219,"True",170,2853,FALSE,FALSE,FALSE,FALSE,FALSE,12.1780143610085,13.6899606100051,0.436092851918715,0.0318549383991656,12.5033021951923,269.791040758218,20,4.57948108544203e-05,0.00102570637611965,7.32497040056235e-05,0.00114475089097969,0,81.5,63.35,38.7893193562826,"UP068",2,"General","gemma4:12b",861,0.00114475089097969,0.436092851918715,12.1780143610085,6.75809450442773,-6.77256822810923,-0.82990009519021,2.49963222444407
"M2G__UP069","information_extraction","gemma4:12b","True","stop",3.180937285,0.856255118,3171,0.241432,166,2.017046,"True",50,523,FALSE,FALSE,FALSE,FALSE,FALSE,3.1848429350066,4.69679363502655,0.10219118597322,0.0217576487097762,12.5018918,176.714596478704,20,1.45601041572155e-05,0.0002304049065458,2.32885290613113e-05,0.000268253539764327,0,65,63.2,38.7201105753581,"UP069",2,"General","gemma4:12b",166,0.000268253539764327,0.10219118597322,3.1848429350066,5.11198778835654,-8.22357798077417,-2.28090984785515,1.15840297383848
"M2S__UP069","information_extraction","gemma4:12b","True","stop",3.290985261,0.822921394,3236,0.070074,192,2.340583,"True",49,610,FALSE,FALSE,FALSE,FALSE,FALSE,3.29495021404,4.80632775201229,0.108825902193827,0.0226422141411943,12.5020361375,184.993311089021,20,1.49412259538601e-05,0.000246829086352207,2.38994663888459e-05,0.000285669778694913,0,58.6666666666667,63.2,38.6803944905599,"UP069",2,"Sustainability","gemma4:12b",192,0.000285669778694913,0.108825902193827,3.29495021404,5.25749537202778,-8.16067403417943,-2.21800590126041,1.19239105829252
"M2S__UP070","information_extraction","gemma4:12b","True","stop",11.312329264,0.900206171,3498,0.275629,833,10.081283,"True",145,3713,FALSE,FALSE,FALSE,FALSE,FALSE,11.3163049300201,12.8281783249695,0.41026317978801,0.0319814060418423,12.5031381125,271.068547472918,20,4.28016249311762e-05,0.000965684105879383,6.84618470553283e-05,0.00107694757786589,0,81.1818181818182,63.1,38.6327351656827,"UP070",2,"Sustainability","gemma4:12b",833,0.00107694757786589,0.41026317978801,11.3163049300201,6.72503364216684,-6.83362455621175,-0.890956423292727,2.42624459987903
"M2G__UP070","information_extraction","gemma4:12b","True","stop",16.01794213,0.837817984,3433,0.282732,1211,14.832229,"True",236,4917,FALSE,FALSE,FALSE,FALSE,FALSE,16.0218725260347,17.5331051539979,0.587629318800055,0.0335154163303506,12.50251705625,261.644867547804,20,5.73888925871464e-05,0.00139335583690592,9.17918732108471e-05,0.00154253660270391,3.125,83.125,63,38.5960781574249,"UP070",2,"General","gemma4:12b",1211,0.00154253660270391,0.587629318800055,16.0218725260347,7.09920174355309,-6.47432707299858,-0.531658940079562,2.7739548215782
"M2G__UP071","information_extraction","gemma4:12b","True","stop",3.912818108,0.911601704,3135,0.237485,222,2.699946,"True",130,598,FALSE,FALSE,FALSE,FALSE,FALSE,3.91679545695661,5.42874056700384,0.127125819506944,0.0234171845086172,12.502764828125,191.927754772658,20,1.71018174650378e-05,0.000289251620289477,2.73539241222251e-05,0.00033370736187674,0,86.6666666666667,63.1,38.6246655782064,"UP071",2,"General","gemma4:12b",222,0.00033370736187674,0.127125819506944,3.91679545695661,5.40267738187228,-8.00524611108757,-2.06257797816856,1.36527383400866
"M2S__UP071","information_extraction","gemma4:12b","True","stop",4.725611917,0.884346902,3200,0.065941999,306,3.715364,"True",77,1041,FALSE,FALSE,FALSE,FALSE,FALSE,4.7294838950038,6.24141179496655,0.161009447595116,0.0257969595476722,12.5029491425,214.013572693704,20,1.99251487342685e-05,0.000370857241130729,3.18700516499424e-05,0.00042265244151494,0,87.5,63.1,38.615026473999,"UP071",2,"Sustainability","gemma4:12b",306,0.00042265244151494,0.161009447595116,4.7294838950038,5.72358510195238,-7.76896036792333,-1.82629223500431,1.55381608344355
"M2S__UP072","information_extraction","gemma4:12b","True","stop",27.765766342,0.87201945,3478,0.292349,2207,26.554087,"True",729,7344,FALSE,FALSE,FALSE,FALSE,FALSE,27.7694260880235,29.2801347710192,1.04864079295994,0.0358140698859714,12.5036848627679,309.317006813128,20,9.81855878566065e-05,0.00249746755352831,0.000157046144505471,0.00275269928589039,7.40740740740741,89.8518518518518,63,38.6014069451226,"UP072",2,"Sustainability","gemma4:12b",2207,0.00275269928589039,1.04864079295994,27.7694260880235,7.69938940625674,-5.89517329021161,0.0474948427074049,3.32393563448734
"M2G__UP072","information_extraction","gemma4:12b","True","stop",30.002056903,0.87004225,3413,0.280045,2368,28.783393,"True",968,7482,FALSE,FALSE,FALSE,FALSE,FALSE,30.0058640029747,31.5172678999952,1.16209516951764,0.0368716975470394,8.33574208380208,205.839887920693,20,0.000105937948519543,0.00269457382232385,0.000250007114883435,0.00305051888572683,3.44827586206897,88.8965517241379,63,38.5992551343194,"UP072",2,"General","gemma4:12b",2368,0.00305051888572683,1.16209516951764,30.0058640029747,7.7698009960039,-5.79244357636487,0.150224556554149,3.40139282932684
"M2G__UP073","information_extraction","gemma4:12b","True","stop",3.362664697,0.831040276,3318,0.26523,181,2.203165,"True",21,618,FALSE,FALSE,FALSE,FALSE,FALSE,3.36649967095582,4.87846461602021,0.111095578044484,0.0227726522151378,12.502321128125,186.180167190691,20,1.51909924343354e-05,0.000252140479489071,2.4296243116583e-05,0.00029162771503999,0,71,63.1,38.6104431152344,"UP073",2,"General","gemma4:12b",181,0.00029162771503999,0.111095578044484,3.36649967095582,5.19849703126583,-8.14003251762748,-2.19736438470846,1.21387353126246
"M2S__UP073","information_extraction","gemma4:12b","True","stop",3.863047834,0.799492761,3383,0.272986,224,2.737265,"True",21,783,FALSE,FALSE,FALSE,FALSE,FALSE,3.86696944804862,5.37799972499488,0.130742881820508,0.024310689569742,12.502597371875,200.38498203429,20,1.69284399296857e-05,0.00029919690602398,2.70768638389806e-05,0.000343202209792646,0,88,63.1,38.6158765157064,"UP073",2,"Sustainability","gemma4:12b",224,0.000343202209792646,0.130742881820508,3.86696944804862,5.41164605185504,-7.97719075158143,-2.03452261866242,1.35247111190831
"M2S__UP074","information_extraction","gemma4:12b","True","stop",10.383990429,0.791949053,3468,0.284921,763,9.235852,"True",94,3013,FALSE,FALSE,FALSE,FALSE,FALSE,10.3877154790098,11.8989890139783,0.380158280588494,0.0319487882661212,12.5032243829545,270.855179418593,20,3.95763589234251e-05,0.000895040993809992,6.33043708221521e-05,0.00099792172355557,0,89,63.1,38.6162029266357,"UP074",2,"Sustainability","gemma4:12b",763,0.00099792172355557,0.380158280588494,10.3877154790098,6.63725803128446,-6.90983571803992,-0.967167585120897,2.34062390403474
"M2G__UP074","information_extraction","gemma4:12b","True","stop",9.254276359,0.815448659,3403,0.278978,667,8.095669,"True",144,2598,FALSE,FALSE,FALSE,FALSE,FALSE,9.25757329299813,10.7684082419728,0.336120909768181,0.0312136113541887,12.50296179875,264.053097396344,20,3.56501195147486e-05,0.000789647020606132,5.70257625387361e-05,0.000882322902659617,0,89.1111111111111,63.0777777777778,38.609555138482,"UP074",2,"General","gemma4:12b",667,0.000882322902659617,0.336120909768181,9.25757329299813,6.50279004591562,-7.03295246616808,-1.09028433324906,2.22544195092235
"M2G__UP075","information_extraction","gemma4:12b","True","stop",6.330470469,0.869610013,3335,0.237347,429,5.166285,"True",279,1574,FALSE,FALSE,FALSE,FALSE,FALSE,6.33411976502975,7.84562431002269,0.223895336830929,0.0285376061844952,12.5028329267857,239.364673530573,20,2.54961602829472e-05,0.000521449583826161,4.0783188377908e-05,0.000587728932487016,8.33333333333333,89,63,38.5958677927653,"UP075",2,"General","gemma4:12b",429,0.000587728932487016,0.223895336830929,6.33411976502975,6.06145691892802,-7.43924471553017,-1.49657658261116,1.8459508562152
"M2S__UP075","information_extraction","gemma4:12b","True","stop",5.698598167,0.848349201,3400,0.285476,367,4.505095,"True",210,1350,FALSE,FALSE,FALSE,FALSE,FALSE,5.70218071603449,7.21383855800377,0.196769458835981,0.027276665155982,12.50301618125,227.635920827732,20,2.330281611693e-05,0.000455947309202287,3.7272932394343e-05,0.00051652305771356,0,88.4,63,38.6045303344727,"UP075",2,"Sustainability","gemma4:12b",367,0.00051652305771356,0.196769458835981,5.70218071603449,5.90536184805457,-7.5683906281676,-1.62572249524858,1.7408486834352
"M2S__UP076","information_extraction","gemma4:12b","True","stop",4.798687285,0.85546252,3211,0.231196,304,3.645551,"True",247,1092,FALSE,FALSE,FALSE,FALSE,FALSE,4.80231461202493,6.31365897099022,0.164309236179733,0.0260244078647097,12.5028151775,216.133981694367,20,2.01755643665421e-05,0.000378866691981727,3.22721843387828e-05,0.000431314440687052,0,89.25,63,38.5940551757812,"UP076",2,"Sustainability","gemma4:12b",304,0.000431314440687052,0.164309236179733,4.80231461202493,5.71702770140622,-7.74867317310179,-1.80600504018277,1.56909801252609
"M2G__UP076","information_extraction","gemma4:12b","True","stop",6.83588386,0.91907488,3146,0.239359,461,5.612373,"True",349,1766,FALSE,FALSE,FALSE,FALSE,FALSE,6.83982112002559,8.35154752101516,0.236528194463708,0.0283214810031946,12.5030162535714,237.189969190511,20,2.72537709471565e-05,0.000550044051146337,4.35925689386851e-05,0.000620890391032178,0,88,63.1,38.6266218821208,"UP076",2,"General","gemma4:12b",461,0.000620890391032178,0.236528194463708,6.83982112002559,6.13339804299665,-7.3843559955834,-1.44168786266438,1.92276157924945
"M2G__UP077","information_extraction","gemma4:12b","True","stop",6.32541315,0.811188813,3231,0.252872,431,5.195725,"True",545,1439,FALSE,FALSE,FALSE,FALSE,FALSE,6.32936990598682,7.84121930005495,0.22240448754084,0.0283635081522693,12.5029379535714,237.717071059011,20,2.54818939430345e-05,0.000517574858503345,4.0758676194754e-05,0.000583815428641133,0,89.3333333333333,63.1,38.6168333689372,"UP077",2,"General","gemma4:12b",431,0.000583815428641133,0.22240448754084,6.32936990598682,6.06610809010375,-7.44592567193675,-1.50325753901773,1.84520069028321
"M2S__UP077","information_extraction","gemma4:12b","True","stop",4.933519106,0.880624446,3296,0.266591,303,3.717579,"True",383,1044,FALSE,FALSE,FALSE,FALSE,FALSE,4.93744573998265,6.44946955895284,0.164337315419106,0.0254807490626855,12.503020445,210.938405258992,20,2.06474392010358e-05,0.000377716413283657,3.3024296666392e-05,0.000431388149151085,0,91.25,63.025,38.6057367324829,"UP077",2,"Sustainability","gemma4:12b",303,0.000431388149151085,0.164337315419106,4.93744573998265,5.71373280550937,-7.74850229506089,-1.80583416214188,1.59684814079625
"M2S__UP078","information_extraction","gemma4:12b","True","stop",2.919559502,0.780583548,3341,0.261380999,149,1.816759,"True",4,579,FALSE,FALSE,FALSE,FALSE,FALSE,2.92271621600958,4.43476093700156,0.0929535025082648,0.0209602059341473,12.502346,169.389022089448,20,1.36500677912379e-05,0.00020851933348176,2.18350678391289e-05,0.000244004469112127,0,94.5,63,38.6019744873047,"UP078",2,"Sustainability","gemma4:12b",149,0.000244004469112127,0.0929535025082648,2.92271621600958,5.00394630594546,-8.3183240168055,-2.37565588388648,1.07251339486427
"M2G__UP078","information_extraction","gemma4:12b","True","stop",3.139394164,0.836155101,3276,0.263685999,162,1.975152,"True",36,546,FALSE,FALSE,FALSE,FALSE,FALSE,3.14311326300958,4.65691406500991,0.0995798999116344,0.0213832375950065,12.50186373125,173.28898119987,20,1.44148319858712e-05,0.000223927401363788,2.30566376613246e-05,0.000261398871010984,0,65,63.1,38.6141535441081,"UP078",2,"General","gemma4:12b",162,0.000261398871010984,0.0995798999116344,3.14311326300958,5.08759633523238,-8.24946307579272,-2.3067949428737,1.14521379375842
"M2G__UP079","information_extraction","gemma4:12b","True","stop",2.932739922,0.889060113,3059,0.042846,160,1.942861,"True",59,576,FALSE,FALSE,FALSE,FALSE,FALSE,2.93639429000905,4.4523992309696,0.0907761137515548,0.0203881343613893,12.5024576375,164.146552656335,20,1.36970713057459e-05,0.000202683773258272,2.19079433387378e-05,0.000238288787902756,0,80.5,63.1,38.6181640625,"UP079",2,"General","gemma4:12b",160,0.000238288787902756,0.0907761137515548,2.93639429000905,5.07517381523383,-8.34202722531161,-2.39935909239259,1.07718239669772
"M2S__UP079","information_extraction","gemma4:12b","True","stop",2.190765341,0.828254896,3124,0.053255,103,1.253481,"True",73,348,FALSE,FALSE,FALSE,FALSE,FALSE,2.1940143610118,3.70449857600033,0.0638899850599139,0.0172465945793113,12.5013111875,134.992400552147,20,1.11163911399621e-05,0.00013881233327151,1.7783534572421e-05,0.000167712258983893,0,81.5,63.1,38.6152458190918,"UP079",2,"Sustainability","gemma4:12b",103,0.000167712258983893,0.0638899850599139,2.1940143610118,4.63472898822964,-8.69326079112769,-2.75059265820867,0.785732907415844
"M2S__UP080","information_extraction","gemma4:12b","True","stop",62.060168307,0.885051894,3344,0.078637,5044,61.030759,"True",226,15915,FALSE,FALSE,FALSE,FALSE,FALSE,62.0642820849898,63.5759380329982,2.35699692292606,0.0370737262532044,12.5032856965625,313.900492487964,20,0.000212030622633876,0.00563598034211399,0.000339144627655494,0.00618715559240336,1.61290322580645,88.6774193548387,63.0516129032258,38.6097590538763,"UP080",2,"Sustainability","gemma4:12b",5044,0.00618715559240336,2.35699692292606,62.0642820849898,8.52595469708481,-5.08527981447031,0.857388318448712,4.1281706557535
"M2G__UP080","information_extraction","gemma4:12b","True","stop",32.38437668,0.891109624,3279,0.205393,2538,30.715075,"True",226,7828,FALSE,FALSE,FALSE,FALSE,FALSE,32.3872082019807,33.8982215110445,1.21568331651799,0.0358627462541628,12.5030981510938,303.678035274646,20,0.00011246615761492,0.00289883037461802,0.000179892118555856,0.0031911886507888,3.125,87.9375,63.325,38.7698293924332,"UP080",2,"General","gemma4:12b",2538,0.0031911886507888,1.21568331651799,32.3872082019807,7.83913164827433,-5.74736181378803,0.195306319130993,3.47776353626001
"M2G__UP081","closed_qa","gemma4:12b","True","stop",9.890546621,0.841736858,3263,0.257011,719,8.725852,"True",963,2397,FALSE,FALSE,FALSE,FALSE,FALSE,9.89374849200249,11.4049133130466,0.36071546582447,0.0316280760689196,12.503150315,267.895719176625,20,3.78590546360853e-05,0.000848467623216997,6.05573379612502e-05,0.000946884015814333,0,88.1111111111111,63.1,38.6525959438748,"UP081",2,"General","gemma4:12b",719,0.000946884015814333,0.36071546582447,9.89374849200249,6.57786135772105,-6.96233394765977,-1.01966581474075,2.29190309222797
"M2S__UP081","closed_qa","gemma4:12b","True","stop",7.448189943,0.843482223,3328,0.250903,523,6.309211,"True",423,2025,FALSE,FALSE,FALSE,FALSE,FALSE,7.45181845099432,8.96264488995075,0.269754664195504,0.0300976628559682,12.5032414765625,253.826806523685,20,2.93789086507696e-05,0.000631740227613697,4.69912829388502e-05,0.000708110419203317,0,91.1428571428571,63.1,38.6443584987095,"UP081",2,"Sustainability","gemma4:12b",523,0.000708110419203317,0.269754664195504,7.45181845099432,6.25958146406492,-7.25291051710423,-1.31024238418521,2.00845808998878
"M2S__UP082","closed_qa","gemma4:12b","True","stop",5.415736531,0.874509046,3272,0.239443,347,4.247246,"True",137,1247,FALSE,FALSE,FALSE,FALSE,FALSE,5.4196752620046,6.93141850200482,0.188072071762952,0.0271332731833396,12.50288609375,226.373751059524,20,2.23215014098571e-05,0.000435667848533328,3.57029240112752e-05,0.00049369227395446,0,75.8,63.1,38.6564903259277,"UP082",2,"Sustainability","gemma4:12b",347,0.00049369227395446,0.188072071762952,5.4196752620046,5.84932477994686,-7.61359816209381,-1.6709300291748,1.6900358988973
"M2G__UP082","closed_qa","gemma4:12b","True","stop",6.977572746,0.817101245,3207,0.235691,480,5.879302,"True",520,1303,FALSE,FALSE,FALSE,FALSE,FALSE,6.98036059900187,8.49031000997638,0.246158147732408,0.0289928338827633,12.5030640982143,243.486293642737,20,2.77386786341479e-05,0.00057406018147077,4.4370316250004e-05,0.000646169176354922,0,87.8333333333333,63.2,38.6700089772542,"UP082",2,"General","gemma4:12b",480,0.000646169176354922,0.246158147732408,6.98036059900187,6.17378610390194,-7.34444920556466,-1.40178107264564,1.94310057718798
"M2G__UP083","closed_qa","gemma4:12b","True","stop",4.323190295,0.818449224,3107,0.216718,269,3.223056,"True",225,934,FALSE,FALSE,FALSE,FALSE,FALSE,4.32700844103238,5.83865650004009,0.146972387864203,0.0251722956922015,12.502491515,208.295511773492,20,1.85259376818564e-05,0.000337645825670307,2.96331660721787e-05,0.000385804929424343,0,88.25,63.1,38.6499652862549,"UP083",2,"General","gemma4:12b",269,0.000385804929424343,0.146972387864203,4.32700844103238,5.59471137960184,-7.8601786804246,-1.91751054750558,1.46487641202254
"M2S__UP083","closed_qa","gemma4:12b","True","stop",4.225113549,0.857517685,3172,0.059819,270,3.24435,"True",142,977,FALSE,FALSE,FALSE,FALSE,FALSE,4.22891747299582,5.74093425599858,0.142560803732489,0.0248323351871746,12.5023841,205.141778373691,20,1.81853933300354e-05,0.000326950261559489,2.90887938110649e-05,0.000374224448700589,12.5,89.75,63.1,38.6561622619629,"UP083",2,"Sustainability","gemma4:12b",270,0.000374224448700589,0.142560803732489,4.22891747299582,5.59842195899838,-7.89065481034039,-1.94798667742137,1.44194604375651
"M2S__UP084","closed_qa","gemma4:12b","True","stop",6.494064734,0.852308427,3261,0.063888,450,5.514289,"True",231,1235,FALSE,FALSE,FALSE,FALSE,FALSE,6.49727121397154,8.00859886105172,0.225289620042104,0.0281309657220761,12.5037850142857,235.476805365325,20,2.60643899589735e-05,0.000523638474465571,4.1686084366908e-05,0.000591388948791452,0,88.3333333333333,63.1,38.6550890604655,"UP084",2,"Sustainability","gemma4:12b",450,0.000591388948791452,0.225289620042104,6.49727121397154,6.10924758276437,-7.43303663724154,-1.49036850432252,1.8713822755202
"M2G__UP084","closed_qa","gemma4:12b","True","stop",6.356342703,0.869944545,3196,0.243373,424,5.176873,"True",302,1056,FALSE,FALSE,FALSE,FALSE,FALSE,6.35975796100684,7.87130410701502,0.219924062362343,0.027939977845138,12.5030420482143,233.706448869582,20,2.55858448318539e-05,0.000510791797521115,4.09266294998815e-05,0.000577304271852851,0,76.6666666666667,63.1,38.6593596140544,"UP084",2,"General","gemma4:12b",424,0.000577304271852851,0.219924062362343,6.35975796100684,6.04973345523196,-7.4571410962143,-1.51447296329528,1.8499903201824
"M2G__UP085","closed_qa","gemma4:12b","True","stop",4.525836416,0.839432658,3480,0.296247,272,3.324383,"True",257,831,FALSE,FALSE,FALSE,FALSE,FALSE,4.52972117700847,6.04118766001193,0.152315287195575,0.0252128051250232,12.503091725,208.576321321639,20,1.92310015062351e-05,0.000349839724314904,3.07594020055452e-05,0.000399830127826685,0,71,63.1,38.6568298339844,"UP085",2,"General","gemma4:12b",272,0.000399830127826685,0.152315287195575,4.52972117700847,5.605802066296,-7.82447078149186,-1.88180264857284,1.51066038727139
"M2S__UP085","closed_qa","gemma4:12b","True","stop",4.883604948,0.88363198,3545,0.299331,296,3.629585,"True",226,996,FALSE,FALSE,FALSE,FALSE,FALSE,4.88749563205056,6.39917511603562,0.164839441879244,0.0257594828849386,12.5029491425,213.588569707304,20,2.04741465976915e-05,0.00037948447025471,3.27476224946117e-05,0.000432706239347013,12.5,88.25,63.1,38.6530666351318,"UP085",2,"Sustainability","gemma4:12b",296,0.000432706239347013,0.164839441879244,4.88749563205056,5.69035945432406,-7.74545149126954,-1.80278335835052,1.58668003161299
"M2S__UP086","closed_qa","gemma4:12b","True","stop",16.529283657,0.854583367,3495,0.102144,1301,15.511848,"True",626,5064,FALSE,FALSE,FALSE,FALSE,FALSE,16.5332688249764,18.0446561139543,0.608550408137885,0.0337246885889547,12.5056877825,273.36389028386,20,5.91511727613148e-05,0.00144370115495995,9.4602477733214e-05,0.00159745480545448,3.125,89.625,63.1,38.6456806659698,"UP086",2,"Sustainability","gemma4:12b",1301,0.00159745480545448,0.608550408137885,16.5332688249764,7.1708884785125,-6.43934366290809,-0.496675529989074,2.80537464334002
"M2G__UP086","closed_qa","gemma4:12b","True","stop",12.142897099,0.833122519,3430,0.274921,910,10.967482,"True",1143,3004,FALSE,FALSE,FALSE,FALSE,FALSE,12.1464310199954,13.657716035028,0.447501878751842,0.0327654988289501,12.5032135625,278.396728420438,20,4.56831231251716e-05,0.00105594501142203,7.30716390499664e-05,0.00117469977359717,4.16666666666667,82.25,63.1,38.6460879643758,"UP086",2,"General","gemma4:12b",910,0.00117469977359717,0.447501878751842,12.1464310199954,6.8134445995109,-6.74674267586692,-0.804074542947901,2.49703538342531
"M2G__UP087","closed_qa","gemma4:12b","True","stop",5.009543465,0.820824088,3108,0.233727,318,3.890019,"True",205,1136,FALSE,FALSE,FALSE,FALSE,FALSE,5.0132066939841,6.52974127198104,0.17109339271063,0.026202170282732,12.5024615,217.90105912134,20,2.09096441815672e-05,0.000394767260258,3.34460584443554e-05,0.000449122962883923,0,74.2,63.1,38.6434455871582,"UP087",2,"General","gemma4:12b",318,0.000449122962883923,0.17109339271063,5.0132066939841,5.76205138278018,-7.708213848285,-1.76554571536598,1.61207576902604
"M2S__UP087","closed_qa","gemma4:12b","True","stop",3.84189043,0.857772326,3173,0.062756,233,2.860031,"True",149,892,FALSE,FALSE,FALSE,FALSE,FALSE,3.84588895796333,5.35734091798076,0.127338995484141,0.0237690670490569,12.502764828125,195.283130945421,20,1.6856137837396e-05,0.000290450510138207,2.69603043387178e-05,0.000334266952314321,0,87.6666666666667,63.1,38.6378542582194,"UP087",2,"Sustainability","gemma4:12b",233,0.000334266952314321,0.127338995484141,3.84588895796333,5.4510384535657,-8.00357062579839,-2.06090249287937,1.34700477466536
"M2S__UP088","closed_qa","gemma4:12b","True","stop",4.096922219,0.809536361,3350,0.079612,258,3.154656,"True",96,905,FALSE,FALSE,FALSE,FALSE,FALSE,4.10089660499943,5.61272781901062,0.13825923853448,0.0246331628742424,12.5022167225,203.313155706015,20,1.77410219605331e-05,0.000316813864561283,2.83778829610027e-05,0.000362932769482819,0,66.25,63.1,38.648889541626,"UP088",2,"Sustainability","gemma4:12b",258,0.000362932769482819,0.13825923853448,4.10089660499943,5.55295958492162,-7.92129294888886,-1.97862481596984,1.41120563394857
"M2G__UP088","closed_qa","gemma4:12b","True","stop",5.241583196,0.833126643,3285,0.262815,334,4.080282,"True",140,1116,FALSE,FALSE,FALSE,FALSE,FALSE,5.24536635098048,6.75715288502397,0.17936981211337,0.0265451759291863,12.50253455,220.872317086116,20,2.17166771449202e-05,0.000414396164851283,3.4735857605766e-05,0.000470848699601969,0,71,63.1,38.6484817504883,"UP088",2,"General","gemma4:12b",334,0.000470848699601969,0.17936981211337,5.24536635098048,5.8111409929767,-7.66097374782157,-1.71830561490256,1.65734508706975
"M2G__UP089","closed_qa","gemma4:12b","True","stop",7.825508862,0.818068624,3387,0.282963,554,6.65752,"True",502,1657,FALSE,FALSE,FALSE,FALSE,FALSE,7.82929738500388,9.34020509297261,0.28071483018557,0.0300544610521213,12.50318645,253.348646166053,20,3.06894108565325e-05,0.000657103025681671,4.90885982053846e-05,0.000736881034743588,0,80.8571428571429,63.1,38.6424751281738,"UP089",2,"General","gemma4:12b",554,0.000736881034743588,0.28071483018557,7.82929738500388,6.31716468674728,-7.21308409706263,-1.27041596414361,2.05787277226042
"M2S__UP089","closed_qa","gemma4:12b","True","stop",4.337844296,0.783231132,3452,0.279283,267,3.202366,"True",108,812,FALSE,FALSE,FALSE,FALSE,FALSE,4.34176148998085,5.8535842319834,0.147537138557001,0.0252045811096171,12.5023844375,208.596627087445,20,1.85772637454126e-05,0.000338994993418495,2.97151520945287e-05,0.000387287409258437,0,75.5,63.1,38.6559238433838,"UP089",2,"Sustainability","gemma4:12b",267,0.000387287409258437,0.147537138557001,4.34176148998085,5.58724865840025,-7.85634348098714,-1.91367534806812,1.46828013903552
"M2S__UP090","closed_qa","gemma4:12b","True","stop",3.153952985,0.885205989,3237,0.236764,161,1.96407,"True",64,602,FALSE,FALSE,FALSE,FALSE,FALSE,3.15779508696869,4.66972418397199,0.0999231844143746,0.0213980912957008,12.501969790625,173.335694999012,20,1.44658979845511e-05,0.000224696013089165,2.31380873890076e-05,0.000262299998462724,0,58.6666666666667,63.1,38.6488240559896,"UP090",2,"Sustainability","gemma4:12b",161,0.000262299998462724,0.0999231844143746,3.15779508696869,5.08140436498446,-8.2460216769522,-2.30335354403318,1.14987402676452
"M2G__UP090","closed_qa","gemma4:12b","True","stop",1.813967822,0.826654486,3172,0.062297,70,0.863189,"True",65,199,FALSE,FALSE,FALSE,FALSE,FALSE,1.81668783799978,3.32641548098763,0.0508981696583706,0.0153012063433695,12.50390560625,117.117487531501,20,9.80446610739015e-06,0.000108125086499378,1.567897779977e-05,0.000133608530406538,0,88,63.2,38.682559967041,"UP090",2,"General","gemma4:12b",70,0.000133608530406538,0.0508981696583706,1.81668783799978,4.24849524204936,-8.92059644855174,-2.97792831563272,0.597014973883969
"M2G__UP091","closed_qa","gemma4:12b","True","stop",3.31707346,0.815975622,3338,0.086864,192,2.343919,"True",72,651,FALSE,FALSE,FALSE,FALSE,FALSE,3.32092859398108,4.83309154800372,0.108756549696263,0.0225024807860682,12.502192821875,183.657920189174,20,1.50330815290523e-05,0.000246409919349766,2.40447263721661e-05,0.000285487727250984,0,88.3333333333333,63.2,38.6744740804036,"UP091",2,"General","gemma4:12b",192,0.000285487727250984,0.108756549696263,3.32092859398108,5.25749537202778,-8.16131151665387,-2.21864338373485,1.20024444080274
"M2S__UP091","closed_qa","gemma4:12b","True","stop",4.70503875,0.881954029,3403,0.278986,285,3.477861,"True",13,1249,FALSE,FALSE,FALSE,FALSE,FALSE,4.70894786500139,6.22089025902096,0.157557572521065,0.0253271744012184,12.5029491425,209.584407430092,20,1.98537572385241e-05,0.000361982511807746,3.17549437666053e-05,0.000413591212812875,0,70.75,63.1,38.6560392379761,"UP091",2,"Sustainability","gemma4:12b",285,0.000413591212812875,0.157557572521065,4.70894786500139,5.65248918026865,-7.79063248061259,-1.84796434769357,1.5494644998477
"M2S__UP092","closed_qa","gemma4:12b","True","stop",5.791559511,0.876448833,3226,0.250672,376,4.604771,"True",118,1509,FALSE,FALSE,FALSE,FALSE,FALSE,5.79529342596652,7.30682832596358,0.197614645983162,0.0270452017164509,12.5030162,225.411955787282,20,2.36267728717391e-05,0.000457323699191825,3.77912157777852e-05,0.000518741687841349,0,88.8,63.1,38.6526428222656,"UP092",2,"Sustainability","gemma4:12b",376,0.000518741687841349,0.197614645983162,5.79529342596652,5.92958914338989,-7.56410450998611,-1.62143637706709,1.75704610984401
"M2G__UP092","closed_qa","gemma4:12b","True","stop",5.284116675,0.825112476,3161,0.243411,339,4.148054,"True",227,1201,FALSE,FALSE,FALSE,FALSE,FALSE,5.28795360401273,6.79937488998985,0.178887491845384,0.0263094026641692,12.50265295625,218.632557626348,20,2.18625623025954e-05,0.000412749219088404,3.49708195943903e-05,0.00046958260098539,0,90,63.1,38.6380271911621,"UP092",2,"General","gemma4:12b",339,0.00046958260098539,0.178887491845384,5.28795360401273,5.82600010738045,-7.66366634084932,-1.72099820793031,1.66543132868577
"M2G__UP093","closed_qa","gemma4:12b","True","stop",3.630285457,0.904223311,3096,0.169366,205,2.492138,"True",49,687,FALSE,FALSE,FALSE,FALSE,FALSE,3.63405684800819,5.14712545799557,0.116661702307894,0.0226654087334652,12.5026811,185.043890948136,20,1.61198302166164e-05,0.00026433576702356,2.57832853110611e-05,0.000306238882551238,16.6666666666667,92.6666666666667,63.1,38.6548589070638,"UP093",2,"General","gemma4:12b",205,0.000306238882551238,0.116661702307894,3.63405684800819,5.32300997913841,-8.09114509863778,-2.14847696571876,1.29034961322207
"M2S__UP093","closed_qa","gemma4:12b","True","stop",2.525114862,0.724336842,3161,0.05994,137,1.673761,"True",45,477,FALSE,FALSE,FALSE,FALSE,FALSE,2.52709657000378,4.03921848698519,0.0792601892815841,0.0196226546142451,12.5024576375,157.193091912873,20,1.22703805486396e-05,0.000176163474264079,1.96254424220468e-05,0.000208059297234766,0,87.5,63.1,38.6446990966797,"UP093",2,"Sustainability","gemma4:12b",137,0.000208059297234766,0.0792601892815841,2.52709657000378,4.91998092582813,-8.4776874360319,-2.53501930311288,0.927071042952397
"M2S__UP094","closed_qa","gemma4:12b","True","stop",5.124928872,0.854719486,3780,0.158092,333,4.042907,"True",78,1457,FALSE,FALSE,FALSE,FALSE,FALSE,5.12884641904384,6.64091155299684,0.175466887167444,0.0264221087372051,12.50259010625,219.761504094837,20,2.1312260190946e-05,0.000405203101939478,3.4088095455728e-05,0.000460603457586151,0,91.4,63.1,38.6381233215332,"UP094",2,"Sustainability","gemma4:12b",333,0.000460603457586151,0.175466887167444,5.12884641904384,5.80814248998044,-7.68297306390558,-1.74030493098656,1.63488076431363
"M2G__UP094","closed_qa","gemma4:12b","True","stop",2.744451803,0.8795956,3715,0.313318,121,1.475194,"True",78,440,FALSE,FALSE,FALSE,FALSE,FALSE,2.74834246997489,4.26008396199904,0.0844845998709907,0.0198316748272131,12.5024576,158.873716642524,20,1.3043566552197e-05,0.000187867372515527,2.08625216777566e-05,0.00022177346074548,0,94.5,63.1,38.6369132995605,"UP094",2,"General","gemma4:12b",121,0.00022177346074548,0.0844845998709907,2.74834246997489,4.79579054559674,-8.41385414419503,-2.47118601127601,1.01099799176784
"M2G__UP095","closed_qa","gemma4:12b","True","stop",13.560110107,0.847669728,3146,0.054972,1041,12.589521,"True",2313,2916,FALSE,FALSE,FALSE,FALSE,FALSE,13.5622378150001,15.0729121899931,0.494138510977857,0.0327832143350451,12.5033752410714,278.459828284825,20,5.05965613801109e-05,0.00116559509914183,8.09300378055519e-05,0.00129712169832749,11.5384615384615,89.0769230769231,63.1,38.6315389779898,"UP095",2,"General","gemma4:12b",1041,0.00129712169832749,0.494138510977857,13.5622378150001,6.94793706861497,-6.64760754741936,-0.704939414500338,2.60728929950093
"M2S__UP095","closed_qa","gemma4:12b","True","stop",9.494203804,0.819483405,3211,0.246077,690,8.366485,"True",769,2701,FALSE,FALSE,FALSE,FALSE,FALSE,9.49814585695276,11.0098290540045,0.341534957882316,0.0310209137859495,12.50328428,262.20887609299,20,3.64874268801626e-05,0.000801686474681595,5.83609662222443e-05,0.000896534867784002,11.1111111111111,83,63.1,38.6386358473036,"UP095",2,"Sustainability","gemma4:12b",690,0.000896534867784002,0.341534957882316,9.49814585695276,6.5366915975913,-7.01697337244172,-1.0743052395227,2.25109660660543
"M2S__UP096","closed_qa","gemma4:12b","True","stop",6.42982933,0.860786908,3439,0.266567,428,5.238477,"True",291,1284,FALSE,FALSE,FALSE,FALSE,FALSE,6.43236314598471,7.94292106298963,0.226048930184142,0.0284591686599312,12.5030068035714,238.595441610762,20,2.58346828213275e-05,0.000526222643200569,4.13248243499159e-05,0.000593382150371812,0,88.1666666666667,63.1,38.6338640848796,"UP096",2,"Sustainability","gemma4:12b",428,0.000593382150371812,0.226048930184142,6.43236314598471,6.0591231955818,-7.42967193082318,-1.48700379790416,1.86134198954669
"M2G__UP096","closed_qa","gemma4:12b","True","stop",9.227650814,0.887519812,3374,0.255124,659,8.019018,"True",375,2187,FALSE,FALSE,FALSE,FALSE,FALSE,9.23159092001151,10.7434506269637,0.3288619144527,0.0306104552318906,12.5029871,258.368624711147,20,3.556107518571e-05,0.00077082533888273,5.68815067944039e-05,0.000863267920862844,0,90.1111111111111,63.1,38.6427171495226,"UP096",2,"General","gemma4:12b",659,0.000863267920862844,0.3288619144527,9.23159092001151,6.49072353450251,-7.05478546214963,-1.11211732923061,2.22263139769337
"M2G__UP097","closed_qa","gemma4:12b","True","stop",3.958519513,0.913599049,3093,0.216995,227,2.760986,"True",191,669,FALSE,FALSE,FALSE,FALSE,FALSE,3.96236481005326,5.47439968696563,0.128744955598247,0.0235176390033751,12.502948653125,192.851662370199,20,1.72595937913808e-05,0.000293090790028039,2.7607236861109e-05,0.000337957620680529,0,90,63.1,38.6362101236979,"UP097",2,"General","gemma4:12b",227,0.000337957620680529,0.128744955598247,3.96236481005326,5.4249500174814,-7.9925900529443,-2.04992192002528,1.37684102128467
"M2S__UP097","closed_qa","gemma4:12b","True","stop",3.979222419,0.851767107,3158,0.05993,246,3.004664,"True",119,799,FALSE,FALSE,FALSE,FALSE,FALSE,3.98214942601044,5.49289785401197,0.13218597323955,0.0240648882889753,12.5026811,198.009638143771,20,1.73253219365783e-05,0.000301953019340218,2.77120071667014e-05,0.000346990348443497,0,84.6666666666667,63.1,38.6448745727539,"UP097",2,"Sustainability","gemma4:12b",246,0.000346990348443497,0.13218597323955,3.98214942601044,5.50533153593236,-7.96621359268811,-2.02354545976909,1.38182173030471
"M2S__UP098","closed_qa","gemma4:12b","True","stop",5.05737603,0.870812746,3333,0.078481,331,4.049334,"True",258,1246,FALSE,FALSE,FALSE,FALSE,FALSE,5.06111339398194,6.57341298699612,0.173433717676077,0.0263841200939563,12.502403,219.456209982457,20,2.10754558641615e-05,0.000400479764827821,3.3711133622435e-05,0.000455266354314418,10,70.6,63.1,38.6525062561035,"UP098",2,"Sustainability","gemma4:12b",331,0.000455266354314418,0.173433717676077,5.06111339398194,5.80211837537706,-7.69462791619199,-1.75195978327297,1.62158649743084
"M2G__UP098","closed_qa","gemma4:12b","True","stop",7.105439355,0.867200655,3268,0.250329,483,5.917597,"True",458,1806,FALSE,FALSE,FALSE,FALSE,FALSE,7.10938391601667,8.62480289803352,0.24616400697023,0.0285414066710274,12.5027723234375,239.308565717899,20,2.81908214119749e-05,0.000572902124988062,4.50916105502984e-05,0.000646184556950335,0,81.4285714285714,63.1,38.6405056544713,"UP098",2,"General","gemma4:12b",483,0.000646184556950335,0.24616400697023,7.10938391601667,6.18001665365257,-7.34442540311024,-1.40175727019122,1.96141558971152
"M2G__UP099","closed_qa","gemma4:12b","True","stop",5.874934177,0.858788581,3237,0.253301,383,4.695432,"True",344,1396,FALSE,FALSE,FALSE,FALSE,FALSE,5.87773236900102,7.38798312598374,0.200974821983187,0.0272029346245193,12.5031908375,226.865266625213,20,2.39106070519422e-05,0.000465405094545623,3.82465033720817e-05,0.000527562204969647,10,88.6,63.1,38.6404838562012,"UP099",2,"General","gemma4:12b",383,0.000527562204969647,0.200974821983187,5.87773236900102,5.94803498918065,-7.54724377545348,-1.60457564253446,1.77117103599742
"M2S__UP099","closed_qa","gemma4:12b","True","stop",3.325800574,0.85400058,3302,0.266081,175,2.140639999,"True",125,669,FALSE,FALSE,FALSE,FALSE,FALSE,3.32956366502913,4.84149686800083,0.106135473818282,0.0219220370707599,12.502103890625,178.165968380316,20,1.50620798401627e-05,0.000239454080451118,2.40911997777099e-05,0.000278607360068991,0,91.3333333333333,63.1,38.6349131266276,"UP099",2,"Sustainability","gemma4:12b",175,0.000278607360068991,0.106135473818282,3.32956366502913,5.16478597392351,-8.18570707891658,-2.24303894599756,1.20284126388419
"M2S__UP100","closed_qa","gemma4:12b","True","stop",4.792129159,0.905939333,3207,0.05785,307,3.757737,"True",141,1232,FALSE,FALSE,FALSE,FALSE,FALSE,4.79607194202254,6.30781225400278,0.159309232281728,0.0252558614408084,12.502815155,208.866487110726,20,2.01555169272854e-05,0.000365793903745804,3.22399277498739e-05,0.000418189348422963,0,86.75,63.1,38.6496505737305,"UP100",2,"Sustainability","gemma4:12b",307,0.000418189348422963,0.159309232281728,4.79607194202254,5.7268477475872,-7.77957624134919,-1.83690810843018,1.56779723747448
"M2G__UP100","closed_qa","gemma4:12b","True","stop",6.863631184,0.878667461,3142,0.216464,469,5.704113,"True",255,1815,FALSE,FALSE,FALSE,FALSE,FALSE,6.86748828104464,8.37959869200131,0.238948387169868,0.0285154929194824,12.5031597714286,239.021642837821,20,2.73508780373561e-05,0.00055614488936051,4.37476691945146e-05,0.000627243436592381,8.33333333333333,87.8333333333333,63.1,38.6366653442383,"UP100",2,"General","gemma4:12b",469,0.000627243436592381,0.238948387169868,6.86748828104464,6.15060276844628,-7.37417583655506,-1.43150770363604,1.92679843254894
"M3G__UP001","summarization","qwen3.5:9b","True","stop",18.156711817,0.785633181,3471,0.441231,2079,16.773911,"True",884,8570,FALSE,FALSE,FALSE,FALSE,FALSE,18.1606438739691,19.6721143039758,0.671302246737581,0.0341245600937723,12.50314382375,294.749774754542,20,6.48150415816158e-05,0.00159369349717586,0.000103670872549992,0.00176217941130747,2.77777777777778,83.2222222222222,54.9,33.6078978644477,"UP001",3,"General","qwen3.5:9b",2079,0.00176217941130747,0.671302246737581,18.1606438739691,7.63964228785801,-6.34120393411626,-0.398535801197239,2.89925682815965
"M3S__UP001","summarization","qwen3.5:9b","True","stop",16.646557034,0.769506399,3536,0.177495,1937,15.650776,"True",390,9240,FALSE,FALSE,FALSE,FALSE,FALSE,16.6507170100231,18.1613210269716,0.618128094852469,0.034035414821118,12.50334696125,279.547220411617,20,5.95698977727449e-05,0.00146774839642028,9.5278096022149e-05,0.00162259639021517,0,87.1875,54.9,33.6308259963989,"UP001",3,"Sustainability","qwen3.5:9b",1937,0.00162259639021517,0.618128094852469,16.6507170100231,7.568895663407,-6.42372770269753,-0.481059569778513,2.81245327916429
"M3S__UP002","summarization","qwen3.5:9b","True","stop",19.089119206,0.778226953,3258,0.138211,2245,18.124838,"True",122,10266,FALSE,FALSE,FALSE,FALSE,FALSE,19.0930853990139,20.6045529210242,0.715168881810132,0.0347092647217984,12.50345551625,298.40625109136,20,6.80600423711803e-05,0.00170041024921552,0.000108859756477695,0.0018773300480644,2.63157894736842,82.4736842105263,54.9,33.6364717985454,"UP002",3,"Sustainability","qwen3.5:9b",2245,0.0018773300480644,0.715168881810132,19.0930853990139,7.71646080017636,-6.27790469876173,-0.335236565842715,2.94932624851313
"M3G__UP002","summarization","qwen3.5:9b","True","stop",10.990450012,0.749320522,3193,0.131003999,1251,10.063442,"True",524,5214,FALSE,FALSE,FALSE,FALSE,FALSE,10.9944276789902,12.5061500259908,0.403967622708524,0.0323015174029563,12.5036105545455,274.127425903153,20,4.16841461497481e-05,0.000952063817206472,6.66736738888883e-05,0.00106042163724511,5,87.2,54.9,33.6338771820068,"UP002",3,"General","qwen3.5:9b",1251,0.00106042163724511,0.403967622708524,10.9944276789902,7.13169851046691,-6.84908867896212,-0.906420546043098,2.39738856980883
"M3G__UP003","summarization","qwen3.5:9b","True","stop",18.482067382,0.71691042,3671,0.177894,2169,17.541534,"True",1144,9271,FALSE,FALSE,FALSE,FALSE,FALSE,18.4861387580168,19.9976119240164,0.694642381919091,0.0347362667381724,12.50355690875,297.477130380324,20,6.59383632843942e-05,0.00165204409941211,0.000105465186388917,0.00182344764908542,5.55555555555556,86.7222222222222,54.9,33.6309829288059,"UP003",3,"General","qwen3.5:9b",2169,0.00182344764908542,0.694642381919091,18.4861387580168,7.68202151082687,-6.30702625715676,-0.364358124237741,2.91702119492806
"M3S__UP003","summarization","qwen3.5:9b","True","stop",21.086395415,0.742159648,3736,0.176464,2486,20.113912,"True",427,11630,FALSE,FALSE,FALSE,FALSE,FALSE,21.0904783630394,22.6017639400088,0.797032724979077,0.0352641823485378,12.5035040721875,306.884544837868,20,7.49917128422532e-05,0.00189728540671652,0.000119946859911175,0.00209222397946995,4.76190476190476,85.9523809523809,54.9,33.6176309131441,"UP003",3,"Sustainability","qwen3.5:9b",2486,0.00209222397946995,0.797032724979077,21.0904783630394,7.81843027207066,-6.16952767375429,-0.226859540835274,3.0488216762173
"M3S__UP004","summarization","qwen3.5:9b","True","stop",12.173342871,0.754327041,3340,0.117944,1370,11.048332,"True",413,6481,FALSE,FALSE,FALSE,FALSE,FALSE,12.1765750140185,13.6898895480554,0.448090014133271,0.0327314557623237,12.5030535009615,278.120183064659,20,4.57872893403991e-05,0.0010572152902153,7.3241059066883e-05,0.00117624363862258,20.8333333333333,79.1666666666667,55.4,33.9084224700928,"UP004",3,"Sustainability","qwen3.5:9b",1370,0.00117624363862258,0.448090014133271,12.1765750140185,7.22256601882217,-6.74542927526415,-0.802761142345133,2.49951402520288
"M3G__UP004","summarization","qwen3.5:9b","True","stop",15.894041219,0.680690717,3275,0.134949,1862,15.030123,"True",1525,7865,FALSE,FALSE,FALSE,FALSE,FALSE,15.8981326509966,17.4098257770529,0.593934759865124,0.0341149169136409,12.50275507625,245.390861978917,20,5.695712701923e-05,0.00141103112882401,9.11002331057615e-05,0.00155908848894901,6.66666666666667,86.8,55.4,33.9323471069336,"UP004",3,"General","qwen3.5:9b",1862,0.00155908848894901,0.593934759865124,15.8981326509966,7.52940645783701,-6.46365393044737,-0.520985797528351,2.76620165899563
"M3G__UP005","summarization","qwen3.5:9b","True","stop",19.045733763,0.702786607,3189,0.129746,2250,18.166962,"True",788,9651,FALSE,FALSE,FALSE,FALSE,FALSE,19.0499869029736,20.5644567969721,0.71540911861304,0.0347886222172607,12.503332544375,302.44904187949,20,6.79044856735622e-05,0.00170144525004545,0.000108610937894425,0.00187796067361344,2.63157894736842,81.6842105263158,55.4,33.9149768227025,"UP005",3,"General","qwen3.5:9b",2250,0.00187796067361344,0.71540911861304,19.0499869029736,7.71868549519847,-6.27756883898325,-0.334900706064227,2.94706641406453
"M3S__UP005","summarization","qwen3.5:9b","True","stop",16.635311728,0.685313785,3254,0.136938,1953,15.76905,"True",408,8503,FALSE,FALSE,FALSE,FALSE,FALSE,16.6398085579858,18.1515305720386,0.62409421786519,0.034382456916695,12.50298342875,276.465938691094,20,5.9529801932323e-05,0.0014835100756958,9.52176833777533e-05,0.00163825756100588,0,86.6875,55.4,33.8976609706879,"UP005",3,"Sustainability","qwen3.5:9b",1953,0.00163825756100588,0.62409421786519,16.6398085579858,7.57712193087668,-6.41412206476102,-0.471453931842004,2.81179793039814
"M3S__UP006","summarization","qwen3.5:9b","True","stop",15.261777965,0.708883397,3289,0.140243,1780,14.369629,"True",374,8330,FALSE,FALSE,FALSE,FALSE,FALSE,15.2658437860082,16.7766834470094,0.627643719911504,0.0374116685156497,12.50217937625,196.056762996561,20,0.000112101809035441,0.00135614525158179,0.00017932800149461,0.00164757506211184,0,86.7333333333333,55.4,33.9141644795736,"UP006",3,"Sustainability","qwen3.5:9b",1780,0.00164757506211184,0.627643719911504,15.2658437860082,7.48436864328613,-6.40845073140435,-0.465782598485329,2.72561790051953
"M3G__UP006","summarization","qwen3.5:9b","True","stop",19.858786546,0.760713181,3224,0.13205,2341,18.923693,"True",1370,9893,FALSE,FALSE,FALSE,FALSE,FALSE,19.8620380989742,21.3737165550119,0.745364531184078,0.0348729491787565,12.50744951375,301.370148478336,20,7.07173019703151e-05,0.00177278114044555,0.000113095680655614,0.00195659412307147,2.63157894736842,86.7368421052632,55.4,33.92410940873,"UP006",3,"General","qwen3.5:9b",2341,0.00195659412307147,0.745364531184078,19.8620380989742,7.75833346749091,-6.23655000958878,-0.293881876669761,2.98881027666351
"M3G__UP007","summarization","qwen3.5:9b","True","stop",12.06346601,0.657541012,3160,0.109958,1395,11.248002,"True",665,5724,FALSE,FALSE,FALSE,FALSE,FALSE,12.0676126079634,13.581192956015,0.448224223028917,0.0330033027643866,12.5032428817308,280.709286371438,20,4.54104706822323e-05,0.00105854945794892,7.26360105443746e-05,0.00117659593917553,0,78.9166666666667,55.5,33.9691181182861,"UP007",3,"General","qwen3.5:9b",1395,0.00117659593917553,0.448224223028917,12.0676126079634,7.24064969425547,-6.74512980686103,-0.802461673942012,2.49052522001619
"M3S__UP007","summarization","qwen3.5:9b","True","stop",15.69550241,0.735483065,3225,0.127898,1832,14.803583,"True",356,8368,FALSE,FALSE,FALSE,FALSE,FALSE,15.6990221990272,17.2100878250203,0.584248227051711,0.0339480096203996,12.504434864375,240.36628269321,20,5.62815141871767e-05,0.00138738277657247,8.99968906334834e-05,0.00153366118139313,10,86.5333333333333,55.4266666666667,33.9572497049967,"UP007",3,"Sustainability","qwen3.5:9b",1832,0.00153366118139313,0.584248227051711,15.6990221990272,7.51316354523408,-6.4800974730581,-0.537429340139085,2.75359843009803
"M3S__UP008","summarization","qwen3.5:9b","True","stop",13.115935172,0.741578668,3294,0.125372,1514,12.208988,"True",281,6894,FALSE,FALSE,FALSE,FALSE,FALSE,13.1189781230059,14.6327346119797,0.489842327096497,0.0334757883666849,12.5138091660714,285.096708468028,20,4.9098691022738e-05,0.00115827675995384,7.84686941776373e-05,0.00128584414515421,0,87,55.7769230769231,34.1541794996995,"UP008",3,"Sustainability","qwen3.5:9b",1514,0.00128584414515421,0.489842327096497,13.1189781230059,7.32251043399739,-6.65633985401496,-0.713671721095941,2.57405989351659
"M3G__UP008","summarization","qwen3.5:9b","True","stop",14.369200381,0.631492476,3229,0.112251,1684,13.578118,"True",507,7288,FALSE,FALSE,FALSE,FALSE,FALSE,14.3725093630492,15.8837178549729,0.540243874703686,0.0340124320789634,12.511235405,289.994551849894,20,5.34489813111393e-05,0.00127925963451769,8.5440418699808e-05,0.00141814903452864,3.57142857142857,87.2142857142857,56.7785714285714,34.7760434831892,"UP008",3,"General","qwen3.5:9b",1684,0.00141814903452864,0.540243874703686,14.3725093630492,7.42892719480227,-6.55840275447073,-0.615734621551715,2.66531730997094
"M3G__UP009","summarization","qwen3.5:9b","True","stop",10.506518558,0.731993601,3230,0.128252,1195,9.605294,"True",185,4755,FALSE,FALSE,FALSE,FALSE,FALSE,10.5100589710055,12.0205562959891,0.388613958872878,0.0323291159996104,12.5036794352273,274.438394806096,20,4.00000758405185e-05,0.000916138788466192,6.39791534722058e-05,0.00102011801777892,10,87,56.8,34.7983318328857,"UP009",3,"General","qwen3.5:9b",1195,0.00102011801777892,0.388613958872878,10.5100589710055,7.08590146436561,-6.88783695467429,-0.945168821755276,2.3523327958156
"M3S__UP009","summarization","qwen3.5:9b","True","stop",4.812041558,0.760767748,3295,0.141376,482,3.861752,"True",128,1773,FALSE,FALSE,FALSE,FALSE,FALSE,4.81578970100963,6.32748569897376,0.169260205072566,0.0267499940932332,12.5032432625,222.986408707723,20,2.02247192965924e-05,0.000391736980056123,3.23491159053649e-05,0.000444310815258081,12.5,89.5,56.8,34.7855949401855,"UP009",3,"Sustainability","qwen3.5:9b",482,0.000444310815258081,0.169260205072566,4.81578970100963,6.1779441140506,-7.71898620607677,-1.77631807315775,1.57190004031922
"M3S__UP010","summarization","qwen3.5:9b","True","stop",89.984470037,0.761200751,8972,0.724196,10462,88.355022,"True",2936,37969,FALSE,FALSE,FALSE,FALSE,FALSE,89.9897290599765,91.5017068109591,3.49322590868208,0.038176620201184,12.5059759258594,329.962328917746,20,0.000307316714078852,0.00837099614123549,0.00049146246607189,0.00916977532138623,1.68539325842697,87.3595505617977,56.752808988764,34.7603344435102,"UP010",3,"Sustainability","qwen3.5:9b",10462,0.00916977532138623,3.49322590868208,89.9897290599765,9.25550492393056,-4.69184249449853,1.25082563842049,4.49969554226209
"M3G__UP010","summarization","qwen3.5:9b","True","length",142.199194148,0.70403111,8907,0.703445,16384,140.239428,"True",0,63742,TRUE,TRUE,TRUE,TRUE,FALSE,142.203575573047,143.713994936028,5.57606715597437,0.0387997505633078,12.5046745422656,335.501743436966,20,0.000481583929474228,0.0133854534861317,0.000770230351750312,0.0146372677673563,1.76056338028169,86.6971830985916,57.7746478873239,35.3807605152399,"UP010",3,"General","qwen3.5:9b",16384,0.0146372677673563,5.57606715597437,142.203575573047,9.70406052783923,-4.22418441577895,1.71848371714007,4.95725966172986
"M3G__UP011","summarization","qwen3.5:9b","True","stop",19.702427926,0.709604013,3210,0.10779,2269,18.320193,"True",811,9107,FALSE,FALSE,FALSE,FALSE,FALSE,19.7062717510271,21.2197369619971,0.732665305610607,0.0345275394752891,12.5039057675,300.273050821903,20,7.01786505774605e-05,0.00174083361488808,0.000112246182127597,0.00192325844759314,5.26315789473684,84.6842105263158,59.2,36.254508972168,"UP011",3,"General","qwen3.5:9b",2269,0.00192325844759314,0.732665305610607,19.7062717510271,7.72709448477984,-6.25373442328176,-0.311066290362737,2.9809369480735
"M3S__UP011","summarization","qwen3.5:9b","True","stop",18.169665063,0.677962277,3275,0.140274,2145,17.305717,"True",308,8746,FALSE,FALSE,FALSE,FALSE,FALSE,18.1737199189956,19.68499285297,0.684844032540176,0.0347901590645916,12.50328134,295.852584599686,20,6.48642177522229e-05,0.00162911658106957,0.000103746022388805,0.0017977268212106,2.77777777777778,82,59.2,36.2720209757487,"UP011",3,"Sustainability","qwen3.5:9b",2145,0.0017977268212106,0.684844032540176,18.1737199189956,7.67089483136212,-6.32123228928654,-0.378564156367522,2.8999765900724
"M3S__UP012","summarization","qwen3.5:9b","True","stop",8.806912196,0.656011914,3119,0.118791,996,7.992767,"True",121,4746,FALSE,FALSE,FALSE,FALSE,FALSE,8.8107146260445,10.3218171350309,0.327633487984712,0.0317418419352507,12.5033164125,269.126628439208,20,3.40982904070494e-05,0.000771404506012097,5.45404848112311e-05,0.000860043281230377,0,87.25,59.2,36.269880771637,"UP012",3,"Sustainability","qwen3.5:9b",996,0.000860043281230377,0.327633487984712,8.8107146260445,6.9037472575846,-7.05852784297102,-1.115859710052,2.17596855198697
"M3G__UP012","summarization","qwen3.5:9b","True","stop",13.422933019,0.683952409,3054,0.111065,1563,12.587048,"True",146,7085,FALSE,FALSE,FALSE,FALSE,FALSE,13.4268793790252,14.9383866329445,0.502315797565037,0.0336258399188338,12.5040533508929,286.414840852257,20,5.01351601075169e-05,0.00118826345060974,8.01885990610269e-05,0.00131858720977828,0,87.0769230769231,59.2,36.2490744957557,"UP012",3,"General","qwen3.5:9b",1563,0.00131858720977828,0.502315797565037,13.4268793790252,7.35436233042148,-6.63119441118175,-0.688526278262726,2.59725862158595
"M3G__UP013","summarization","qwen3.5:9b","True","stop",15.16208833,0.623674847,3089,0.111354,1782,14.386445,"True",656,7900,FALSE,FALSE,FALSE,FALSE,FALSE,15.1658617309877,16.6763889409485,0.625348358686183,0.0374990269716397,12.50287510625,196.734051880484,20,0.000111759046761115,0.00135101996970377,0.000178770684771977,0.00164154970123686,3.33333333333333,80.8666666666667,59.1,36.1903821309408,"UP013",3,"General","qwen3.5:9b",1782,0.00164154970123686,0.625348358686183,15.1658617309877,7.48549160803075,-6.412114543542,-0.469446410622979,2.71904696319826
"M3S__UP013","summarization","qwen3.5:9b","True","stop",34.244463906,0.756755635,3154,0.126946,4097,33.315599,"True",214,20105,FALSE,FALSE,FALSE,FALSE,FALSE,34.2481484439922,35.7589211910381,1.29691447711863,0.0362682775073108,12.5052371276563,311.312747998124,20,0.000118953588286949,0.00309523275396284,0.000190235437822735,0.00340442178007252,5.88235294117647,86.7058823529412,59.1029411764706,36.1946899189669,"UP013",3,"Sustainability","qwen3.5:9b",4097,0.00340442178007252,1.29691447711863,34.2481484439922,8.31801027754687,-5.68268016875753,0.259987964161491,3.53363250321751
"M3S__UP014","summarization","qwen3.5:9b","True","stop",66.571432867,0.754771499,5287,0.325032,7896,65.191147,"True",17787,13496,FALSE,FALSE,FALSE,FALSE,FALSE,66.5757763769943,68.1017562230118,2.56799207878595,0.0377081623325042,12.50524913975,325.25322172791,20,0.000227733187413303,0.00614912158596059,0.000364166564822598,0.00674102133819649,2.27272727272727,86.5606060606061,59.7,36.5429702527595,"UP014",3,"Sustainability","qwen3.5:9b",7896,0.00674102133819649,2.56799207878595,66.5757763769943,8.97411158111332,-4.99954383168097,0.943124301238049,4.19834079332174
"M3G__UP014","summarization","qwen3.5:9b","True","stop",17.979352809,0.700246437,5222,0.317451,2034,16.574705,"True",1294,7482,FALSE,FALSE,FALSE,FALSE,FALSE,17.9833362450008,19.4947045249864,0.675458680987999,0.0346483159117524,12.506334786875,294.152407704156,20,6.42152420539378e-05,0.00160618628494724,0.000102688592405563,0.00177309011940674,0,87.4117647058823,60.2,36.8725754232968,"UP014",3,"General","qwen3.5:9b",2034,0.00177309011940674,0.675458680987999,17.9833362450008,7.61775957660851,-6.3350314244132,-0.392363291494177,2.88944556494524
"M3G__UP015","summarization","qwen3.5:9b","True","stop",16.781785964,0.634397838,3186,0.105433,1949,15.764406,"True",1093,7930,FALSE,FALSE,FALSE,FALSE,FALSE,16.7849989150418,18.2939048559638,0.625427352132752,0.0341877448831742,12.54807461,284.091431479262,20,6.0218685086601e-05,0.00148552174397132,9.60166312721817e-05,0.0016417570603301,0,86.875,61.825,37.8567872047424,"UP015",3,"General","qwen3.5:9b",1949,0.0016417570603301,0.625427352132752,16.7849989150418,7.57507169950756,-6.41198823241205,-0.469320099493028,2.82048556579344
"M3S__UP015","summarization","qwen3.5:9b","True","stop",17.136167965,0.691041724,3251,0.139108,2012,16.260524,"True",475,8473,FALSE,FALSE,FALSE,FALSE,FALSE,17.1394140810007,18.6540441839607,0.644714581525736,0.0345616518953076,12.5094226784375,287.42777964164,20,6.13077223841261e-05,0.00153310844870802,9.79701828276221e-05,0.00169238635391977,5.88235294117647,84.5294117647059,62.2529411764706,38.1148823008818,"UP015",3,"Sustainability","qwen3.5:9b",2012,0.00169238635391977,0.644714581525736,17.1394140810007,7.60688453121963,-6.38161570230392,-0.438947569384906,2.84138072827966
"M3S__UP016","summarization","qwen3.5:9b","True","stop",8.035541255,0.689030487,3339,0.146621,889,7.151426,"True",190,3784,FALSE,FALSE,FALSE,FALSE,FALSE,8.03871614503441,9.5489826190169,0.295794018588568,0.030976495653002,12.5031873875,262.012206767393,20,3.14164244048786e-05,0.000694795000280024,5.02527270110376e-05,0.00077646415169594,6.25,76.125,62.2,38.0624022483826,"UP016",3,"Sustainability","qwen3.5:9b",889,0.00077646415169594,0.295794018588568,8.03871614503441,6.7900972355139,-7.16076008296289,-1.21809195004387,2.08426938698668
"M3G__UP016","summarization","qwen3.5:9b","True","stop",9.534819641,0.738739338,3274,0.123735,1072,8.625546,"True",620,4183,FALSE,FALSE,FALSE,FALSE,FALSE,9.53854200500064,11.0500810780213,0.35080103187476,0.0317464667813619,12.50555879375,269.059380134296,20,3.66338288809674e-05,0.000825639549399959,5.85850857557186e-05,0.000920858464036645,5.55555555555556,86.6666666666667,62.1,38.0383037990994,"UP016",3,"General","qwen3.5:9b",1072,0.000920858464036645,0.35080103187476,9.53854200500064,6.97728134163075,-6.99020420991726,-1.04753607699824,2.25534064411605
"M3G__UP017","summarization","qwen3.5:9b","True","stop",10.927744858,0.722109165,3597,0.176712,1235,9.979727,"True",421,5334,FALSE,FALSE,FALSE,FALSE,FALSE,10.9304639280308,12.4405449790065,0.405678183307281,0.0326093578691179,12.5034485136364,277.034357412923,20,4.14594722332676e-05,0.000957136321264151,6.63160933834863e-05,0.00106491188688091,0,86.9,62.1,38.0159580230713,"UP017",3,"General","qwen3.5:9b",1235,0.00106491188688091,0.405678183307281,10.9304639280308,7.11882624906208,-6.8448632185666,-0.902195085647579,2.39155374667017
"M3S__UP017","summarization","qwen3.5:9b","True","stop",12.678795003,0.731914441,3662,0.16322,1452,11.732857,"True",173,6556,FALSE,FALSE,FALSE,FALSE,FALSE,12.6829355320078,14.1943997199996,0.471213177180592,0.033197119038198,12.5038811548077,282.426083156806,20,4.75502217080381e-05,0.0011133381128916,7.60539863889183e-05,0.00123694232098856,8.33333333333333,86.75,62.1,38.0222002665202,"UP017",3,"Sustainability","qwen3.5:9b",1452,0.00123694232098856,0.471213177180592,12.6829355320078,7.28069719538474,-6.69511281480074,-0.75244468188172,2.54025743104847
"M3S__UP018","summarization","qwen3.5:9b","True","stop",9.473678771,0.676264146,3245,0.124529,1072,8.630545,"True",348,4369,FALSE,FALSE,FALSE,FALSE,FALSE,9.47760155901778,10.988463110989,0.350312255670567,0.0318800047042283,12.5036973125,270.329722461731,20,3.64157591788201e-05,0.000824913437708297,5.82462215944866e-05,0.000919575418481603,0,87,62.1,38.011481391059,"UP018",3,"Sustainability","qwen3.5:9b",1072,0.000919575418481603,0.350312255670567,9.47760155901778,6.97728134163075,-6.99159849609628,-1.04893036317726,2.2489312841534
"M3G__UP018","summarization","qwen3.5:9b","True","stop",11.069948318,0.629919941,3180,0.127812,1275,10.266988,"True",447,5103,FALSE,FALSE,FALSE,FALSE,FALSE,11.0726991529809,12.5838132830104,0.409794846500536,0.032565235774263,12.503578784375,276.645051794728,20,4.19502560949926e-05,0.000966669662224362,6.70982769832739e-05,0.00107571819530263,0,81.1818181818182,62.1,38.0170856822621,"UP018",3,"General","qwen3.5:9b",1275,0.00107571819530263,0.409794846500536,11.0726991529809,7.15070145759253,-6.83476675182078,-0.89209861890176,2.40448254292404
"M3G__UP019","summarization","qwen3.5:9b","True","stop",18.328233967,0.6944864,3381,0.153238,2156,17.431724,"True",1494,9088,FALSE,FALSE,FALSE,FALSE,FALSE,18.3316604589927,19.842094644031,0.687628426082067,0.034655032062803,12.5035546175,297.395255674227,20,6.53990073618528e-05,0.00163503575247237,0.000104601140105579,0.0018050358999398,5.55555555555556,82,62.1,38.0087593926324,"UP019",3,"General","qwen3.5:9b",2156,0.0018050358999398,0.687628426082067,18.3316604589927,7.67600993202889,-6.31717479823175,-0.374506665312736,2.90862964470973
"M3S__UP019","summarization","qwen3.5:9b","True","stop",12.665681776,0.631830464,3446,0.157025,1466,11.826809,"True",394,6918,FALSE,FALSE,FALSE,FALSE,FALSE,12.6691486340133,14.1799695530208,0.475560986817712,0.033537518189974,12.5038264625,285.649483579048,20,4.74994862664076e-05,0.00112488451101811,7.59713953331811e-05,0.0012483553926177,0,86.5833333333333,62.1,38.0235061645508,"UP019",3,"Sustainability","qwen3.5:9b",1466,0.0012483553926177,0.475560986817712,12.6691486340133,7.2902928824466,-6.68592827984838,-0.743260146929365,2.53916979665412
"M3S__UP020","summarization","qwen3.5:9b","True","stop",17.289485913,0.698550858,3278,0.131922,2036,16.420457999,"True",180,8920,FALSE,FALSE,FALSE,FALSE,FALSE,17.2932524009957,18.8047295540455,0.649906558131514,0.0345608032417408,12.5036445790625,287.503318047137,20,6.18052933963292e-05,0.00154536373628922,9.88463480057867e-05,0.00170601537769133,0,86.6470588235294,62.1,38.007677639232,"UP020",3,"Sustainability","qwen3.5:9b",2036,0.00170601537769133,0.649906558131514,17.2932524009957,7.61874237767041,-6.37359481606621,-0.43092668314719,2.85031639079592
"M3G__UP020","summarization","qwen3.5:9b","True","stop",12.217542109,0.741671865,3213,0.127958,1400,11.302402,"True",434,5943,FALSE,FALSE,FALSE,FALSE,FALSE,12.2213446910027,13.7355663409689,0.455757296822797,0.0331808158112428,12.5032324711538,282.387464404442,20,4.59433838752219e-05,0.00107693808377185,7.34889138276534e-05,0.00119637038147473,0,86.0833333333333,62.1,38.0203533172607,"UP020",3,"General","qwen3.5:9b",1400,0.00119637038147473,0.455757296822797,12.2213446910027,7.24422751560335,-6.72846298788844,-0.785794854969423,2.50318398786973
"M3G__UP021","open_qa","qwen3.5:9b","True","stop",11.164048345,0.726560756,3005,0.105365,1278,10.294374,"True",995,4863,FALSE,FALSE,FALSE,FALSE,FALSE,11.1674056709744,12.6785384410177,0.412410643870303,0.0325282480933345,12.503282553125,276.248088896763,20,4.22841701050171e-05,0.000972664667020062,6.7635869188881e-05,0.00108258470631396,0,86.6363636363636,62.1,38.0227078524503,"UP021",3,"General","qwen3.5:9b",1278,0.00108258470631396,0.412410643870303,11.1674056709744,7.15305163493748,-6.8284038505126,-0.885735717593579,2.41299932746339
"M3S__UP021","open_qa","qwen3.5:9b","True","stop",11.866180104,0.778027061,3070,0.100805,1359,10.945459,"True",455,5978,FALSE,FALSE,FALSE,FALSE,FALSE,11.8693099449738,13.3806388590019,0.439592801695544,0.0328529008463452,12.503944184375,279.248641281633,20,4.47236432420112e-05,0.00103768221903433,7.15324542889397e-05,0.00115393831656528,0,86.3636363636364,62.1,38.0314154191451,"UP021",3,"Sustainability","qwen3.5:9b",1359,0.00115393831656528,0.439592801695544,11.8693099449738,7.21450441415114,-6.76457456417467,-0.821906431255654,2.47395607255713
"M3S__UP022","open_qa","qwen3.5:9b","True","length",137.971516115,0.750399829,3070,0.113122,16384,137.071054,"True",69394,3714,TRUE,FALSE,FALSE,FALSE,TRUE,137.975008414011,139.485086339992,5.34024880781728,0.0382854464799237,12.5063341193281,328.326628579642,20,0.000466938464295334,0.0128046024658959,0.00074669980433375,0.014018240734525,1.82481751824818,86.7956204379562,62.0124087591241,37.9722927678241,"UP022",3,"Sustainability","qwen3.5:9b",16384,0.014018240734525,5.34024880781728,137.975008414011,9.70406052783923,-4.26739588780814,1.67527224511088,4.9270725703077
"M3G__UP022","open_qa","qwen3.5:9b","True","length",138.231635028,0.718160629,3005,0.084446,16384,136.905253999,"True",0,69174,TRUE,TRUE,TRUE,TRUE,FALSE,138.236573170987,139.747706171998,5.35550378573985,0.0383226596875116,12.5045052445156,329.427987866135,20,0.000467833876533126,0.012842205551534,0.000748245873783081,0.0140582853018502,1.81159420289855,86.231884057971,62.8347826086957,38.4773963983508,"UP022",3,"General","qwen3.5:9b",16384,0.0140582853018502,5.35550378573985,138.236573170987,9.70406052783923,-4.2645433558085,1.67812477711052,4.92896651576547
"M3G__UP023","open_qa","qwen3.5:9b","True","stop",13.440614079,0.723502791,3009,0.079166,1521,12.249829,"True",1070,6140,FALSE,FALSE,FALSE,FALSE,FALSE,13.44263004401,14.9549501269939,0.49927930633849,0.0333855547560324,12.5036618830357,284.194983974622,20,5.01832303312097e-05,0.00118016594413195,8.02671960276914e-05,0.00131061637049085,7.69230769230769,80.0769230769231,63.8,39.0866719759428,"UP023",3,"General","qwen3.5:9b",1521,0.00131061637049085,0.49927930633849,13.44263004401,7.32712329225929,-6.63725774059998,-0.694589607680961,2.59843100374901
"M3S__UP023","open_qa","qwen3.5:9b","True","stop",12.06809795,0.609777405,3074,0.109613,1402,11.305125,"True",346,6644,FALSE,FALSE,FALSE,FALSE,FALSE,12.071330256993,13.5825320110307,0.453048613455534,0.0333552398836684,12.5037384355769,283.975253636053,20,4.54245704825978e-05,0.00107117863471906,7.2656837994388e-05,0.00118926004319605,0,79.5,63.8,39.0866797765096,"UP023",3,"Sustainability","qwen3.5:9b",1402,0.00118926004319605,0.453048613455534,12.071330256993,7.24565506759454,-6.73442397770453,-0.791755844785512,2.49083324088353
"M3S__UP024","open_qa","qwen3.5:9b","True","stop",58.74897272,0.774155275,3074,0.097324,7080,57.841004,"True",326,29889,FALSE,FALSE,FALSE,FALSE,FALSE,58.7530854630168,60.2670429479913,2.2491365326508,0.0373195103431861,12.5043262620312,322.203907548171,20,0.00020228167338105,0.00537820513589349,0.000323533489060679,0.00590402029833522,1.72413793103448,86.8448275862069,63.8,39.0749543288658,"UP024",3,"Sustainability","qwen3.5:9b",7080,0.00590402029833522,2.2491365326508,58.7530854630168,8.86502918668777,-5.13212175362497,0.810546379294051,4.07334367016465
"M3G__UP024","open_qa","qwen3.5:9b","True","stop",45.333964848,0.690060998,3009,0.084345,5433,44.242295,"True",5210,19489,FALSE,FALSE,FALSE,FALSE,FALSE,45.337984170008,46.8486421189737,1.77862956587714,0.0379654454308462,12.5035935605469,257.088219107119,20,0.000207799377594487,0.00412875469189,0.000332377721766695,0.00466893179125119,0,86.1111111111111,64.5,39.49857550727,"UP024",3,"General","qwen3.5:9b",5433,0.00466893179125119,1.77862956587714,45.337984170008,8.60024674655152,-5.36682497195608,0.575843160962939,3.81414518379121
"M3G__UP025","open_qa","qwen3.5:9b","True","stop",21.770795087,0.710945355,3008,0.083794,2560,20.694094,"True",3628,8937,FALSE,FALSE,FALSE,FALSE,FALSE,21.7746415690053,23.2861954729888,0.818360721535022,0.0351435992403437,12.5042291914062,306.64742038158,20,7.73693927670259e-05,0.00194709655767689,0.000123744369900022,0.00214821032034393,0,86.8571428571429,65.147619047619,39.897096543085,"UP025",3,"General","qwen3.5:9b",2560,0.00214821032034393,0.818360721535022,21.7746415690053,7.84776253747361,-6.14312019262979,-0.200452059710773,3.08074606193743
"M3S__UP025","open_qa","qwen3.5:9b","True","stop",26.153319759,0.659226636,3073,0.113133,3132,25.338353,"True",689,14854,FALSE,FALSE,FALSE,FALSE,FALSE,26.1571126539493,27.6677489840076,0.996643760174531,0.0360218592683708,12.5047133072115,311.862894439146,20,9.25968857983733e-05,0.00237551328929886,0.000148096046649799,0.00261620622174703,3.84615384615385,86.6923076923077,65.1423076923077,39.8884173173171,"UP025",3,"Sustainability","qwen3.5:9b",3132,0.00261620622174703,0.996643760174531,26.1571126539493,8.04942705711069,-5.94603001755113,-0.00336188463210706,3.26412114794204
"M3S__UP026","open_qa","qwen3.5:9b","True","stop",4.379294711,0.7021856,3072,0.090647,416,3.335691,"True",952,1136,FALSE,FALSE,FALSE,FALSE,FALSE,4.38177783304127,5.89181549096247,0.149907701224978,0.0254433801355326,12.5031090275,210.829456804722,20,1.87120202360512e-05,0.000344870831451516,2.99273234665937e-05,0.000393510175154161,0,86.5,65.6,40.1498432159424,"UP026",3,"Sustainability","qwen3.5:9b",416,0.000393510175154161,0.149907701224978,4.38177783304127,6.03068526026126,-7.84040363236194,-1.89773549944292,1.47745453998869
"M3G__UP026","open_qa","qwen3.5:9b","True","stop",11.812243332,0.726137778,3007,0.103815,1356,10.94486,"True",1620,5219,FALSE,FALSE,FALSE,FALSE,FALSE,11.8146735390183,13.3372724860092,0.435886725812,0.0326818490264218,12.517359921875,277.913353390314,20,4.45776875866046e-05,0.00102840748939226,7.12246295889296e-05,0.00114420980656779,4.54545454545455,86.6363636363636,65.8181818181818,40.3015486977317,"UP026",3,"General","qwen3.5:9b",1356,0.00114420980656779,0.435886725812,11.8146735390183,7.21229446850034,-6.7730410054903,-0.830372872571282,2.46934227919646
"M3G__UP027","open_qa","qwen3.5:9b","True","stop",7.610744671,0.709504644,3005,0.106402,838,6.751319,"True",936,3434,FALSE,FALSE,FALSE,FALSE,FALSE,7.61436776100891,9.12943081604317,0.278186327962268,0.030471376974938,12.5033619921875,257.473997474015,20,2.99416028955146e-05,0.000652411355261506,4.78907167668998e-05,0.000730243674923921,0,86.5714285714286,64.1,39.2532909938267,"UP027",3,"General","qwen3.5:9b",838,0.000730243674923921,0.278186327962268,7.61436776100891,6.73101810048208,-7.22213227825544,-1.27946414533642,2.03003695742546
"M3S__UP027","open_qa","qwen3.5:9b","True","stop",8.936823934,0.718108546,3070,0.110399,1004,8.066981,"True",73,4870,FALSE,FALSE,FALSE,FALSE,FALSE,8.94066065998049,10.4516899290029,0.327083534140151,0.0312947988662112,12.5033188125,264.871591633447,20,3.4550871504486e-05,0.000768785059472421,5.52637123887608e-05,0.000858599643365668,0,86.625,64.1,39.2414155006409,"UP027",3,"Sustainability","qwen3.5:9b",1004,0.000858599643365668,0.327083534140151,8.94066065998049,6.91174730025167,-7.06020781754116,-1.11753968462214,2.19060948578168
"M3S__UP028","open_qa","qwen3.5:9b","True","stop",7.682225408,0.704861653,3066,0.104456,850,6.837508,"True",274,3577,FALSE,FALSE,FALSE,FALSE,FALSE,7.68486931204097,9.19576900004176,0.280997348967715,0.0305572431154413,12.5033647765625,258.142376429684,20,3.01865121216705e-05,0.00065915136065442,4.82847784057311e-05,0.000737622651181821,0,86.5714285714286,64.1,39.2390414646694,"UP028",3,"Sustainability","qwen3.5:9b",850,0.000737622651181821,0.280997348967715,7.68486931204097,6.74523634948436,-7.21207817689051,-1.26941004397149,2.03925337125598
"M3G__UP028","open_qa","qwen3.5:9b","True","stop",9.443484575,0.750186969,3001,0.100331,1065,8.556237999,"True",729,4128,FALSE,FALSE,FALSE,FALSE,FALSE,9.44725223601563,10.9619657989824,0.346524330107503,0.0316115135243052,12.5037509075,267.899334704445,20,3.63102919934141e-05,0.000815243985528014,5.80777742110917e-05,0.000909632051732519,0,87.3333333333333,64.1,39.2261098225911,"UP028",3,"General","qwen3.5:9b",1065,0.000909632051732519,0.346524330107503,9.44725223601563,6.97073007814353,-7.00247037897581,-1.05980224605679,2.24572393054865
"M3G__UP029","open_qa","qwen3.5:9b","True","stop",15.868361506,0.638910608,3000,0.098106,1866,15.086472,"True",2057,6758,FALSE,FALSE,FALSE,FALSE,FALSE,15.8709399810177,17.3804656990105,0.588240280072815,0.0338449090064545,12.5079581375,245.554777893193,20,5.68996201779777e-05,0.00139629528370122,9.09454821893531e-05,0.00154414038606855,6.66666666666667,86.6666666666667,64.5733333333333,39.5461675008138,"UP029",3,"General","qwen3.5:9b",1866,0.00154414038606855,0.588240280072815,15.8709399810177,7.53155238140729,-6.47328790789333,-0.530619774974307,2.76448976284212
"M3S__UP029","open_qa","qwen3.5:9b","True","stop",12.970798436,0.656982565,3065,0.114266,1507,12.154427,"True",881,6328,FALSE,FALSE,FALSE,FALSE,FALSE,12.9743892929982,14.4846451019985,0.481806832758696,0.0332632818661343,12.5038274923077,283.020103140005,20,4.85607414084664e-05,0.00113851896637041,7.76711329054605e-05,0.00126475084068433,4.16666666666667,87,64.675,39.5967741012573,"UP029",3,"Sustainability","qwen3.5:9b",1507,0.00126475084068433,0.481806832758696,12.9743892929982,7.3178761986265,-6.67288014008849,-0.730212007169472,2.56297735996721
"M3S__UP030","open_qa","qwen3.5:9b","True","stop",14.107215609,0.727332909,3070,0.113139,1640,13.222627,"True",358,7892,FALSE,FALSE,FALSE,FALSE,FALSE,14.1112227329868,15.6227821159991,0.526721844284904,0.0337149836933009,12.5114193875,287.200853357416,20,5.25436543747744e-05,0.00124612099689614,8.39888315612269e-05,0.00138265348283214,7.14285714285714,80.2142857142857,64.5928571428571,39.5556730542864,"UP030",3,"Sustainability","qwen3.5:9b",1640,0.00138265348283214,0.526721844284904,14.1112227329868,7.40245152081824,-6.58375081240643,-0.641082679487415,2.64697041930275
"M3G__UP030","open_qa","qwen3.5:9b","True","stop",18.52175257,0.718611552,3005,0.106947,2186,17.655952,"True",1446,9072,FALSE,FALSE,FALSE,FALSE,FALSE,18.5256558349938,20.0363617539988,0.696344509621771,0.0347540395891882,12.51561687125,296.811803951845,20,6.61020689264744e-05,0.0016561477138044,0.000105665979499786,0.00182791576223066,0,86.6111111111111,64.5888888888889,39.5369890001085,"UP030",3,"General","qwen3.5:9b",2186,0.00182791576223066,0.696344509621771,18.5256558349938,7.68982866873648,-6.30457888894269,-0.361910756023675,2.91915657325421
"M3G__UP031","open_qa","qwen3.5:9b","True","stop",11.350360347,0.738908942,3006,0.105987,1301,10.473587,"True",964,5077,FALSE,FALSE,FALSE,FALSE,FALSE,11.3537884170073,12.8646265689749,0.418252191093659,0.0325118019439709,12.50330856875,276.071476403813,20,4.29304823366848e-05,0.000986319677943825,6.86687033332419e-05,0.00109791886361375,0,84.9090909090909,64.5818181818182,39.5327443209561,"UP031",3,"General","qwen3.5:9b",1301,0.00109791886361375,0.418252191093659,11.3537884170073,7.1708884785125,-6.81433883333029,-0.871670700411271,2.42955146946897
"M3S__UP031","open_qa","qwen3.5:9b","True","stop",22.429506482,0.704214053,3071,0.11028,2665,21.579981,"True",888,11568,FALSE,FALSE,FALSE,FALSE,FALSE,22.4333603219711,23.9452748739859,0.846658410476353,0.0353580576933013,12.50341362875,307.840630308609,20,7.96562081698284e-05,0.00201542744567362,0.000127408564233338,0.00222249221807679,11.3636363636364,86.5909090909091,64.5227272727273,39.5164442929355,"UP031",3,"Sustainability","qwen3.5:9b",2665,0.00222249221807679,0.846658410476353,22.4333603219711,7.88795933659994,-6.10912609201011,-0.166457959091092,3.11054915104148
"M3S__UP032","open_qa","qwen3.5:9b","True","stop",12.263526807,0.733120264,3067,0.097126,1416,11.394314,"True",430,5878,FALSE,FALSE,FALSE,FALSE,FALSE,12.2671661920031,13.7783872330328,0.45780380742344,0.0332262259494263,12.5033537548077,282.739068347587,20,4.61031951489372e-05,0.00108189642107259,7.37428891556596e-05,0.00120174250537719,0,86.6666666666667,64.5,39.5055452982585,"UP032",3,"Sustainability","qwen3.5:9b",1416,0.00120174250537719,0.45780380742344,12.2671661920031,7.25559127425367,-6.72398268763387,-0.781314554714856,2.50692627785181
"M3G__UP032","open_qa","qwen3.5:9b","True","stop",11.711620732,0.782878813,3002,0.093696,1341,10.793464,"True",994,4947,FALSE,FALSE,FALSE,FALSE,FALSE,11.7140204209718,13.2268151650205,0.43279096210992,0.0327207235234128,12.50376479375,278.092496954671,20,4.41781467713352e-05,0.00102124220588262,7.06630234056825e-05,0.00113608337605964,0,87.2727272727273,64.5,39.5100614374334,"UP032",3,"General","qwen3.5:9b",1341,0.00113608337605964,0.43279096210992,11.7140204209718,7.20117088328168,-6.78016856695772,-0.8375004340387,2.46078645096228
"M3G__UP033","open_qa","qwen3.5:9b","True","stop",8.126017705,0.534348327,3000,0.106301,927,7.442495,"True",877,3401,FALSE,FALSE,FALSE,FALSE,FALSE,8.12961344904033,9.64074200799223,0.302599062913848,0.0313875283316358,12.5051413375,265.889326815217,20,3.17381133034564e-05,0.00071183168057587,5.07577108164292e-05,0.000794327504695755,0,75.5,64.6625,39.5844984054565,"UP033",3,"General","qwen3.5:9b",927,0.000794327504695755,0.302599062913848,8.12961344904033,6.83195356556585,-7.13801470733343,-1.19534657441441,2.09551337618586
"M3S__UP033","open_qa","qwen3.5:9b","True","stop",6.814539297,0.675287999,3065,0.091871,750,6.01328,"True",403,3231,FALSE,FALSE,FALSE,FALSE,FALSE,6.81857807701454,8.32950633898145,0.247469828298697,0.0297100234068564,12.5107342839286,250.30786789831,20,2.71952545954742e-05,0.000578944074265841,4.34730305000105e-05,0.000649612359361326,0,86.8333333333333,65.2666666666667,39.9684950510661,"UP033",3,"Sustainability","qwen3.5:9b",750,0.000649612359361326,0.247469828298697,6.81857807701454,6.62007320653036,-7.33913474318738,-1.39646661026837,1.91965095701129
"M3S__UP034","open_qa","qwen3.5:9b","True","stop",4.024341406,0.524708165,3077,0.105688,416,3.3587,"True",959,1320,FALSE,FALSE,FALSE,FALSE,FALSE,4.0258476199815,5.53450272098416,0.145332568542568,0.0262593724981897,12.5591124275,218.671260192798,20,1.75503407488947e-05,0.000336002491025056,2.79475450276449e-05,0.000381500376801595,0,65,66.3,40.5930633544922,"UP034",3,"Sustainability","qwen3.5:9b",416,0.000381500376801595,0.145332568542568,4.0258476199815,6.03068526026126,-7.87139871955586,-1.92873058663684,1.3927354775151
"M3G__UP034","open_qa","qwen3.5:9b","True","stop",16.260985596,0.766791815,3012,0.10806,1898,15.352345,"True",2755,7328,FALSE,FALSE,FALSE,FALSE,FALSE,16.2642383670318,17.7794745449792,0.598569782891323,0.0336663370662074,12.50301760625,260.959063679646,20,5.82320383629521e-05,0.00141988446924035,9.3138992833297e-05,0.0015712555004366,0,86.8125,65.85625,40.3266866207123,"UP034",3,"General","qwen3.5:9b",1898,0.0015712555004366,0.598569782891323,16.2642383670318,7.54855597916987,-6.4558802973903,-0.513212164471285,2.78896873233226
"M3G__UP035","open_qa","qwen3.5:9b","True","stop",20.635794342,0.752820873,3004,0.104615,2446,19.740086,"True",1036,9651,FALSE,FALSE,FALSE,FALSE,FALSE,20.6399648259976,22.1518184890156,0.772076507595132,0.0348538657437078,12.5040054125,301.455383769736,20,7.34309509327292e-05,0.00183583757978045,0.000117444968683412,0.00202671349939659,10,86.9,65.65,40.1999937057495,"UP035",3,"General","qwen3.5:9b",2446,0.00202671349939659,0.772076507595132,20.6399648259976,7.80220931624712,-6.20133976368426,-0.258671630765246,3.02722923644513
"M3S__UP035","open_qa","qwen3.5:9b","True","stop",15.725545144,0.712997615,3069,0.10747,1841,14.86004,"True",267,8248,FALSE,FALSE,FALSE,FALSE,FALSE,15.7291105209733,17.2396582319634,0.587315397340708,0.0340676937696937,12.513357588125,246.189567153442,20,5.64588367347395e-05,0.00139509722718856,9.01564897995235e-05,0.00154171255372282,0,86.7333333333333,66.46,40.7029360453288,"UP035",3,"Sustainability","qwen3.5:9b",1841,0.00154171255372282,0.587315397340708,15.7291105209733,7.51806418123308,-6.47486143255185,-0.532193299632831,2.75551316880724
"M3S__UP036","open_qa","qwen3.5:9b","True","stop",16.98089026,0.662835864,3066,0.111674,2005,16.162642,"True",188,8848,FALSE,FALSE,FALSE,FALSE,FALSE,16.9849433589843,18.495755410986,0.634628298112926,0.0343121048051907,12.50343676625,283.910550985644,20,6.07348342880284e-05,0.00150803481753847,9.71400426555192e-05,0.00166590969448202,0,86.6875,66.15,40.5014045238495,"UP036",3,"Sustainability","qwen3.5:9b",2005,0.00166590969448202,0.634628298112926,16.9849433589843,7.60339933974067,-6.39738394169941,-0.454715808780396,2.83232726684009
"M3G__UP036","open_qa","qwen3.5:9b","True","stop",8.416477568,0.822365529,3001,0.105304,928,7.446608,"True",175,3968,FALSE,FALSE,FALSE,FALSE,FALSE,8.42044863302726,9.93170466000447,0.305696471149246,0.0307798592099001,12.5034444875,260.097870209783,20,3.27436440077191e-05,0.000717341684984163,5.23729231389653e-05,0.000802458252130847,0,86.75,66.1,40.4894905090332,"UP036",3,"General","qwen3.5:9b",928,0.000802458252130847,0.305696471149246,8.42044863302726,6.8330317327862,-7.12783072658017,-1.18516259366115,2.13066310866703
"M3G__UP037","open_qa","qwen3.5:9b","True","stop",7.138707495,0.719997027,3000,0.103714,783,6.2743,"True",963,2354,FALSE,FALSE,FALSE,FALSE,FALSE,7.14166212902637,8.65199602401117,0.259796698223259,0.0300273714299298,12.5029087578125,253.240683235872,20,2.82973840022988e-05,0.000608409931172282,4.52632799776944e-05,0.000681970595152276,0,87.2857142857143,66.2,40.5107672555106,"UP037",3,"General","qwen3.5:9b",783,0.000681970595152276,0.259796698223259,7.14166212902637,6.6631326959908,-7.29052401666282,-1.3478558837438,1.96594554043999
"M3S__UP037","open_qa","qwen3.5:9b","True","stop",11.094499555,0.71390357,3065,0.111781,1272,10.232775,"True",433,5489,FALSE,FALSE,FALSE,FALSE,FALSE,11.0981094510062,12.6120893349871,0.411003614981771,0.0325880672159219,12.50337231875,276.889436419787,20,4.2042673173616e-05,0.000969600220123823,6.7248339099913e-05,0.00107889123239735,4.54545454545455,78.8181818181818,66.1,40.49654527144,"UP037",3,"Sustainability","qwen3.5:9b",1272,0.00107889123239735,0.411003614981771,11.0981094510062,7.14834574390007,-6.83182140186752,-0.889153268948498,2.40677477408306
"M3S__UP038","open_qa","qwen3.5:9b","True","stop",7.606754022,0.697579115,3065,0.112668,843,6.752466,"True",311,3563,FALSE,FALSE,FALSE,FALSE,FALSE,7.61004803300602,9.12134565896122,0.278795230970677,0.0305651426219964,12.5036380671875,258.225739048664,20,2.99282340263022e-05,0.000654043301012486,4.78705202720852e-05,0.000731842055310873,0,87.5714285714286,66.1,40.4894120352609,"UP038",3,"Sustainability","qwen3.5:9b",843,0.000731842055310873,0.278795230970677,7.61004803300602,6.73696695800186,-7.2199458387182,-1.27727770579918,2.02946948368101
"M3G__UP038","open_qa","qwen3.5:9b","True","stop",8.000923598,0.717683392,3000,0.089576,890,7.152761,"True",339,3756,FALSE,FALSE,FALSE,FALSE,FALSE,8.00490093400003,9.51741882396163,0.291347657228725,0.0306120454103806,12.5030659375,258.592588668501,20,3.13024012303281e-05,0.000683421657847738,5.00683210997118e-05,0.000764792380177778,0,86.8571428571429,66.1,40.4851293563843,"UP038",3,"General","qwen3.5:9b",890,0.000764792380177778,0.291347657228725,8.00490093400003,6.79122146272619,-7.17590615943339,-1.23323802651437,2.0800539708568
"M3G__UP039","open_qa","qwen3.5:9b","True","stop",17.641304655,0.652023907,3004,0.106065,2086,16.846627,"True",523,8157,FALSE,FALSE,FALSE,FALSE,FALSE,17.643139939988,19.1531494449591,0.658692234161303,0.0343908053374826,12.5033219215625,294.498036602974,20,6.30186773965636e-05,0.00156526097443077,0.000100798269583093,0.00172907792141043,5.88235294117647,86.4705882352941,66.0058823529412,40.4004772410673,"UP039",3,"General","qwen3.5:9b",2086,0.00172907792141043,0.658692234161303,17.643139939988,7.64300363556072,-6.3601670059683,-0.417498873049284,2.87034703587143
"M3S__UP039","open_qa","qwen3.5:9b","True","stop",12.77431745,0.708564105,3069,0.112327,1475,11.909742,"True",234,6122,FALSE,FALSE,FALSE,FALSE,FALSE,12.7781257010065,14.2901435199892,0.474351719682891,0.0331943285957459,12.5050987163462,282.397726388168,20,4.78864614924834e-05,0.00112071117434542,7.65834107112217e-05,0.00124518104654913,8.33333333333333,86.3333333333333,64.5916666666667,39.5480165481567,"UP039",3,"Sustainability","qwen3.5:9b",1475,0.00124518104654913,0.474351719682891,12.7781257010065,7.29641326877392,-6.68847434072281,-0.74580620780379,2.54773477943076
"M3S__UP040","open_qa","qwen3.5:9b","True","stop",11.460839052,0.733074017,3071,0.107154,1313,10.576416,"True",153,5831,FALSE,FALSE,FALSE,FALSE,FALSE,11.4642004530178,12.9753305769991,0.424469384471923,0.0327135699513016,12.504738021875,277.971025445341,20,4.33183874054308e-05,0.00100163941242215,6.92812984055814e-05,0.00111423909823316,0,86.8181818181818,64.8454545454545,39.6942939758301,"UP040",3,"Sustainability","qwen3.5:9b",1313,0.00111423909823316,0.424469384471923,11.4642004530178,7.1800698743028,-6.79958353013597,-0.856915397216947,2.43922917580722
"M3G__UP040","open_qa","qwen3.5:9b","True","stop",37.33132489,0.722664209,3006,0.104693,4492,36.464261,"True",639,19148,FALSE,FALSE,FALSE,FALSE,FALSE,37.3344163330039,38.8440454569645,1.41404544081914,0.036403145557683,12.5056401825,313.733652478382,20,0.000129668615012995,0.00337486242210971,0.000207361444355532,0.00371189248147824,1.35135135135135,85.4324324324324,65.1675675675676,39.916621130866,"UP040",3,"General","qwen3.5:9b",4492,0.00371189248147824,1.41404544081914,37.3344163330039,8.41005331585833,-5.59621342959669,0.34645470332233,3.61991559112598
"M3G__UP041","classification","qwen3.5:9b","True","stop",36.099284458,0.724264778,3015,0.087934,4321,35.014854,"True",483,19776,FALSE,FALSE,FALSE,FALSE,FALSE,36.1028848160058,37.617902936996,1.3681735570072,0.0363702771868671,12.5037806023438,313.813458109183,20,0.000125370685084828,0.0032655820569083,0.000200525291888496,0.00359147803388162,6.94444444444444,84.3333333333333,65.6527777777778,40.1970431009928,"UP041",3,"General","qwen3.5:9b",4321,0.00359147803388162,1.3681735570072,36.1028848160058,8.37124213593193,-5.62919145260856,0.313476680310461,3.58637277394677
"M3S__UP041","classification","qwen3.5:9b","True","stop",9.670580057,0.701149058,3080,0.091247,1069,8.575111999,"True",127,4722,FALSE,FALSE,FALSE,FALSE,FALSE,9.67462659400189,11.1873321540188,0.352540246732857,0.0315124501426567,12.5033555825,266.852984355026,20,3.71009806674524e-05,0.000828980107628219,5.93428432776515e-05,0.000925423931573323,0,82.3333333333333,66.0222222222222,40.4245825873481,"UP041",3,"Sustainability","qwen3.5:9b",1069,0.000925423931573323,0.352540246732857,9.67462659400189,6.97447891102505,-6.98525862103764,-1.04259048811862,2.26950664323584
"M3S__UP042","classification","qwen3.5:9b","True","stop",94.172528198,0.746303998,3113,0.119286,11312,93.266628,"True",153,44282,FALSE,FALSE,FALSE,FALSE,FALSE,94.1770819659578,95.6887808010215,3.63807851758005,0.038019906692564,12.5041088760714,327.128672104335,20,0.000320040548648608,0.00871809447447003,0.000511880773127713,0.00955001579624635,4.78723404255319,86.5106382978723,65.636170212766,40.1869370074982,"UP042",3,"Sustainability","qwen3.5:9b",11312,0.00955001579624635,3.63807851758005,94.1770819659578,9.33361938813635,-4.65121247043366,1.29145566248536,4.54517686075033
"M3G__UP042","classification","qwen3.5:9b","True","length",138.040295937,0.767653092,3048,0.08974,16384,136.739632,"True",0,65504,TRUE,TRUE,TRUE,TRUE,FALSE,138.045003820036,139.556772344979,5.36286450582771,0.0384278341761224,12.5106184213906,330.156382199519,20,0.000467374240636186,0.0128631164015962,0.000747116670611043,0.0140776073128434,4.01459854014599,86.8832116788321,66.5729927007299,40.7567543252541,"UP042",3,"General","qwen3.5:9b",16384,0.0140776073128434,5.36286450582771,138.045003820036,9.70406052783923,-4.26316987786023,1.67949825505879,4.92757974663133
"M3G__UP043","classification","qwen3.5:9b","True","stop",52.639378642,0.647666002,3011,0.085707,6307,51.433714,"True",615,25927,FALSE,FALSE,FALSE,FALSE,FALSE,52.6412799690152,54.1509500800166,2.01777959824378,0.0372621273544082,12.5041031106641,321.380172971925,20,0.000181059630838677,0.0048260502497266,0.000289594669228083,0.00529670454979336,1.92307692307692,85.9615384615385,68,41.6317959565383,"UP043",3,"General","qwen3.5:9b",6307,0.00529670454979336,2.01777959824378,52.6412799690152,8.74941540666365,-5.24067043486917,0.701997698049848,3.96350060224225
"M3S__UP043","classification","qwen3.5:9b","True","stop",30.214759655,0.693933658,3076,0.086004,3582,29.016448,"True",88,15260,FALSE,FALSE,FALSE,FALSE,FALSE,30.2176836410072,31.7295457940199,1.19263960962447,0.0375876672602496,12.5028070042188,232.341220482063,20,0.000156988298722088,0.00272258940029158,0.000251120843116466,0.00313069854213013,3.33333333333333,86.1333333333333,68,41.6279874165853,"UP043",3,"Sustainability","qwen3.5:9b",3582,0.00313069854213013,1.19263960962447,30.2176836410072,8.18367658262066,-5.76649912293082,0.176169009988198,3.40842730403944
"M3S__UP044","classification","qwen3.5:9b","True","stop",29.421971503,0.701658682,3087,0.091525,3507,28.36912,"True",309,14047,FALSE,FALSE,FALSE,FALSE,FALSE,29.4261311650043,30.9387748889858,1.1158850356511,0.0360675249635808,12.5038858913281,310.645970508808,20,0.000103944780148712,0.00265901490498877,0.000166256841049956,0.00292921652618743,1.72413793103448,86.8275862068966,68.5379310344828,41.9728317260742,"UP044",3,"Sustainability","qwen3.5:9b",3507,0.00292921652618743,1.1158850356511,29.4261311650043,8.16251625014018,-5.83302028891582,0.109647844003197,3.38188309471856
"M3G__UP044","classification","qwen3.5:9b","True","stop",19.429531266,0.737913888,3022,0.088938,2267,18.288804,"True",1239,8524,FALSE,FALSE,FALSE,FALSE,FALSE,19.4335186629905,20.9448996720021,0.725584259570464,0.0346425273423669,12.503883156875,300.12836444088,20,6.9224357009412e-05,0.0017247288797817,0.000110717348772515,0.00190467058556363,0,86.8947368421053,69.1,42.2873426738538,"UP044",3,"General","qwen3.5:9b",2267,0.00190467058556363,0.725584259570464,19.4335186629905,7.72621265050753,-6.26344620632,-0.320778073400983,2.96699934133191
"M3G__UP045","classification","qwen3.5:9b","True","stop",11.489321807,0.662492848,3018,0.111385,1328,10.67049,"True",102,5561,FALSE,FALSE,FALSE,FALSE,FALSE,11.4934409519774,13.0049677480129,0.429482328334896,0.0330244823867803,12.50364845,280.906602225311,20,4.34179481399269e-05,0.00101453470051638,6.9445509461285e-05,0.00112739815811759,4.54545454545455,87.1818181818182,69.2,42.3446790521795,"UP045",3,"General","qwen3.5:9b",1328,0.00112739815811759,0.429482328334896,11.4934409519774,7.19142933003638,-6.78784281606162,-0.845174683142604,2.44177652065466
"M3S__UP045","classification","qwen3.5:9b","True","stop",7.641388667,0.623562961,3083,0.11493,854,6.861012,"True",65,3698,FALSE,FALSE,FALSE,FALSE,FALSE,7.64544445299543,9.15662323503057,0.281938841703303,0.030790700290549,12.5035014359375,260.349629878566,20,3.00516678118747e-05,0.000661976085136295,4.80663321110316e-05,0.000740094085059202,14.2857142857143,86.8571428571429,69.2,42.3614027840751,"UP045",3,"Sustainability","qwen3.5:9b",854,0.000740094085059202,0.281938841703303,7.64544445299543,6.74993119378857,-7.20873323787602,-1.266065104957,2.03410997411961
"M3S__UP046","classification","qwen3.5:9b","True","stop",43.37866701,0.705339298,3111,0.118847,5224,42.517987,"True",513,23023,FALSE,FALSE,FALSE,FALSE,FALSE,43.3891399190179,44.8988028470194,1.65378208390026,0.0368335451957389,12.5058292973438,317.848505587874,20,0.000150701566733985,0.00394949204848061,0.000241011487555483,0.00434120510277007,5.99302325581395,86.6976744186046,69.1093023255814,42.3035195816395,"UP046",3,"Sustainability","qwen3.5:9b",5224,0.00434120510277007,1.65378208390026,43.3891399190179,8.56101867095627,-5.43960329596463,0.503064836954384,3.77020917751234
"M3G__UP046","classification","qwen3.5:9b","True","stop",23.657933077,0.726044516,3046,0.089697,2780,22.504824,"True",2829,9875,FALSE,FALSE,FALSE,FALSE,FALSE,23.66118598904,25.1754331529955,0.887086956673347,0.0352362142602419,12.504041729375,305.889852244403,20,8.39264415441682e-05,0.00211045585502934,0.000134235518555377,0.00232861781512888,0,84.7391304347826,69.204347826087,42.37053630663,"UP046",3,"General","qwen3.5:9b",2780,0.00232861781512888,0.887086956673347,23.66118598904,7.93020620668468,-6.06248039981565,-0.119812266896633,3.16383598362701
"M3G__UP047","classification","qwen3.5:9b","True","stop",10.5400933,0.711315198,3006,0.103943,1203,9.685747,"True",1193,4597,FALSE,FALSE,FALSE,FALSE,FALSE,10.5428569220239,12.0526052820496,0.389565834982195,0.0323221266992282,12.5035842909091,274.361864046958,20,4.01130793028877e-05,0.000918342679118389,6.41609497614101e-05,0.00102261670818269,5,87,69.06,42.2825538635254,"UP047",3,"General","qwen3.5:9b",1203,0.00102261670818269,0.389565834982195,10.5428569220239,7.09257371597468,-6.88539053652883,-0.942722403609809,2.35544856160487
"M3S__UP047","classification","qwen3.5:9b","True","stop",7.866907463,0.721641982,3071,0.11397,867,6.988436,"True",444,3714,FALSE,FALSE,FALSE,FALSE,FALSE,7.87085826898692,9.38215927698184,0.285355904682217,0.0304147367634558,12.5033147421875,256.74705488851,20,3.08351905741354e-05,0.000668909979571808,4.9318761294449e-05,0.000749063931440392,7.14285714285714,86.2857142857143,69,42.2469106401716,"UP047",3,"Sustainability","qwen3.5:9b",867,0.000749063931440392,0.285355904682217,7.87085826898692,6.76503897678054,-7.19668622236149,-1.25401808944247,2.06316711226295
"M3S__UP048","classification","qwen3.5:9b","True","stop",28.339206482,0.703711138,3087,0.114097,3392,27.48275,"True",130,15914,FALSE,FALSE,FALSE,FALSE,FALSE,28.3415653429693,29.850794693979,1.07258873480283,0.0359316643258134,12.50347157,309.587116616752,20,0.000100173086061903,0.00255515926634775,0.000160230673716675,0.00281556302612633,3.57142857142857,86.1785714285714,69,42.2458750861032,"UP048",3,"Sustainability","qwen3.5:9b",3392,0.00281556302612633,1.07258873480283,28.3415653429693,8.12917499691179,-5.87259302810856,0.0700751048104575,3.34432946713976
"M3G__UP048","classification","qwen3.5:9b","True","stop",17.721734045,0.700028244,3022,0.088258,2065,16.67318,"True",272,9321,FALSE,FALSE,FALSE,FALSE,FALSE,17.7257902039564,19.2373872040189,0.660424734160789,0.0343302719416501,12.5102721828125,293.201454406501,20,6.33254392432807e-05,0.00156906431080639,0.000101236012283415,0.00173362576233309,0,86.8823529411765,69.7941176470588,42.7382583618164,"UP048",3,"General","qwen3.5:9b",2065,0.00173362576233309,0.660424734160789,17.7257902039564,7.63288550539513,-6.35754024725432,-0.414872114335297,2.87502065274783
"M3G__UP049","classification","qwen3.5:9b","True","stop",12.171748091,0.685295514,3011,0.095167,1409,11.35272,"True",466,5933,FALSE,FALSE,FALSE,FALSE,FALSE,12.1753738630214,13.6857130030403,0.453709081129593,0.0331520236489543,12.5077881759615,282.035278662477,20,4.57998861348225e-05,0.00107196307979152,7.32308157499776e-05,0.00119099378167632,0,86.5833333333333,69.875,42.79776318868,"UP049",3,"General","qwen3.5:9b",1409,0.00119099378167632,0.453709081129593,12.1753738630214,7.25063551189868,-6.73296720971722,-0.790299076798198,2.49941537593221
"M3S__UP049","classification","qwen3.5:9b","True","stop",5.010786136,0.533003836,3076,0.099841,542,4.348118,"True",38,2222,FALSE,FALSE,FALSE,FALSE,FALSE,5.01355796400458,6.52327808202244,0.183370928627247,0.0281102424764936,12.5032314125,235.756168321238,20,2.09063442101802e-05,0.000427007841606653,3.34375102777914e-05,0.000481351696094624,10,69.6,70.5,43.1780006408691,"UP049",3,"Sustainability","qwen3.5:9b",542,0.000481351696094624,0.183370928627247,5.01355796400458,6.29526600143965,-7.63891237812622,-1.6962442452072,1.61214583549965
"M3S__UP050","classification","qwen3.5:9b","True","stop",11.780819119,0.722330116,3070,0.112851,1353,10.908712,"True",143,5934,FALSE,FALSE,FALSE,FALSE,FALSE,11.7842503680149,13.2943449270097,0.435151950089738,0.0327321092147726,12.518936871875,278.095327356825,20,4.44789506624268e-05,0.00102674554361837,7.10565139610682e-05,0.00114228100824186,4.54545454545455,86.7272727272727,70.6909090909091,43.2958887273615,"UP050",3,"Sustainability","qwen3.5:9b",1353,0.00114228100824186,0.435151950089738,11.7842503680149,7.21007962817079,-6.77472813125608,-0.832059998337059,2.46676392537174
"M3G__UP050","classification","qwen3.5:9b","True","stop",14.240646901,0.766807993,3005,0.106002,1653,13.325522,"True",297,6731,FALSE,FALSE,FALSE,FALSE,FALSE,14.2441617579898,15.7550284609897,0.52904845677919,0.0335796573195118,12.5054228825,285.917116781967,20,5.29782696938666e-05,0.00125105766751243,8.4724941594565e-05,0.00138876087880087,3.57142857142857,80.5,70.4142857142857,43.1320179530552,"UP050",3,"General","qwen3.5:9b",1653,0.00138876087880087,0.52904845677919,14.2441617579898,7.41034709782102,-6.57934338352114,-0.636675250602122,2.6563471215705
"M3G__UP051","classification","qwen3.5:9b","True","stop",10.453409362,0.746458111,3010,0.106983,1185,9.558666,"True",228,5307,FALSE,FALSE,FALSE,FALSE,FALSE,10.4567901839619,11.968540619011,0.385345615714139,0.0321965415818575,12.5177280261364,273.201472654964,20,3.98603567890543e-05,0.000907993781948946,6.3684424627637e-05,0.00101153856336564,0,86.7,71.77,43.9565944671631,"UP051",3,"General","qwen3.5:9b",1185,0.00101153856336564,0.385345615714139,10.4567901839619,7.07749805356923,-6.89628277715426,-0.953614644235238,2.34725154576581
"M3S__UP051","classification","qwen3.5:9b","True","stop",4.339694249,0.700497005,3075,0.110974,434,3.483943,"True",47,1787,FALSE,FALSE,FALSE,FALSE,FALSE,4.3425264240359,5.85312830097973,0.152172154798212,0.0259984314324257,12.5024557625,216.092736012463,20,1.85770183281193e-05,0.000351163336484994,2.97140481222111e-05,0.000399454402935325,0,87,71,43.4980049133301,"UP051",3,"Sustainability","qwen3.5:9b",434,0.000399454402935325,0.152172154798212,4.3425264240359,6.07304453410041,-7.82541093460273,-1.88274280168371,1.46845630409697
"M3S__UP052","classification","qwen3.5:9b","True","stop",16.25503515,0.737108786,3102,0.119462,1902,15.359521,"True",305,7902,FALSE,FALSE,FALSE,FALSE,FALSE,16.2583201830275,17.7705099279992,0.604862718380336,0.0340374429789048,12.5026984325,264.864935188736,20,5.82084711706622e-05,0.00143646170472422,9.31043834444912e-05,0.00158777455933938,6.25,85.625,71,43.4777610301971,"UP052",3,"Sustainability","qwen3.5:9b",1902,0.00158777455933938,0.604862718380336,16.2583201830275,7.55066124310534,-6.44542189138672,-0.502753758467706,2.78860478900594
"M3G__UP052","classification","qwen3.5:9b","True","stop",31.405046626,0.706297324,3037,0.109157,3767,30.544572,"True",1088,15619,FALSE,FALSE,FALSE,FALSE,FALSE,31.4090509800008,32.9204133419553,1.18770466521897,0.036078060529857,12.505275284375,291.159842135996,20,0.000109079559590121,0.00283422532293365,0.000174439349577491,0.00311774423210126,5.37741935483871,86.7096774193548,71.0806451612903,43.5120914828393,"UP052",3,"General","qwen3.5:9b",3767,0.00311774423210126,1.18770466521897,31.4090509800008,8.23403420769204,-5.77064554118477,0.172022591734247,3.44709609914953
"M3G__UP053","classification","qwen3.5:9b","True","stop",10.82799418,0.736412291,3021,0.088382,1213,9.750515,"True",497,4372,FALSE,FALSE,FALSE,FALSE,FALSE,10.8309197219787,12.3411505740369,0.397479889225056,0.0322076849188817,12.5041232681818,273.259413398518,20,4.11134346508637e-05,0.000936520749215575,6.57570465445234e-05,0.00104339123041096,10,86.7,71.6,43.8239025115967,"UP053",3,"General","qwen3.5:9b",1213,0.00104339123041096,0.397479889225056,10.8309197219787,7.10085190894405,-6.86527907223116,-0.92261093931214,2.38240498095084
"M3S__UP053","classification","qwen3.5:9b","True","stop",9.149726047,0.705783225,3086,0.101084,1036,8.309171,"True",55,4557,FALSE,FALSE,FALSE,FALSE,FALSE,9.15336717001628,10.6640334849944,0.339189129958738,0.0318068327932408,12.50351162,269.674199845882,20,3.5290080917524e-05,0.000798641750025197,5.64452000554108e-05,0.000890377030998132,0,87,71.5666666666667,43.8124084472656,"UP053",3,"Sustainability","qwen3.5:9b",1036,0.000890377030998132,0.339189129958738,9.15336717001628,6.94312242281943,-7.02386555460911,-1.08119742169009,2.21412180831633
"M3S__UP054","classification","qwen3.5:9b","True","stop",127.441288883,0.745546027,3114,0.121049,15195,126.531676,"True",367,62991,FALSE,FALSE,FALSE,FALSE,FALSE,127.445984844002,128.96158050705,4.93655218462073,0.0382792469292889,12.5047143758854,330.53854565181,20,0.000432088390598028,0.0118353741905137,0.000691067894333133,0.0129585304754449,2.36220472440945,86.8582677165354,71.3771653543307,43.703454896221,"UP054",3,"Sustainability","qwen3.5:9b",15195,0.0129585304754449,4.93655218462073,127.445984844002,9.62872170535089,-4.34600098372742,1.5966671491916,4.84769262655186
"M3G__UP054","classification","qwen3.5:9b","True","length",138.160893307,0.679026806,3049,0.090031,16384,136.883601,"True",0,70509,TRUE,TRUE,TRUE,TRUE,FALSE,138.165515401983,139.676029818016,5.36119665255689,0.0383830830496972,12.5123399977813,329.641342568089,20,0.000467866732012401,0.0128575722304927,0.000747790208139082,0.0140732291706441,5.91811594202899,86.3913043478261,70.2007246376812,42.9828259011974,"UP054",3,"General","qwen3.5:9b",16384,0.0140732291706441,5.36119665255689,138.165515401983,9.70406052783923,-4.26348092668019,1.67918720623883,4.92845235343814
"M3G__UP055","classification","qwen3.5:9b","True","stop",19.563067366,0.702350287,3010,0.084515,2261,18.23602,"True",531,9584,FALSE,FALSE,FALSE,FALSE,FALSE,19.5670267670066,21.0780491410405,0.729237873204216,0.0345970288011301,12.50380596125,299.258950271094,20,6.96911181902406e-05,0.00173310388648229,0.000111466376622169,0.0019142613812947,0,84.8421052631579,70.3105263157895,43.0585258885434,"UP055",3,"General","qwen3.5:9b",2261,0.0019142613812947,0.729237873204216,19.5670267670066,7.72356247227797,-6.25842343242534,-0.315755299506318,2.97384584176184
"M3S__UP055","classification","qwen3.5:9b","True","stop",6.613533236,0.770264401,3075,0.109045,710,5.697313,"True",202,2977,FALSE,FALSE,FALSE,FALSE,FALSE,6.61738185799913,8.12856340699363,0.239143165291166,0.0294201020915224,12.5035259428571,247.633298656532,20,2.64804016489437e-05,0.000558919336024033,4.235499468341e-05,0.000627754732356387,0,85.5,70.2,42.961493174235,"UP055",3,"Sustainability","qwen3.5:9b",710,0.000627754732356387,0.239143165291166,6.61738185799913,6.56526497003536,-7.37336102135462,-1.4306928884356,1.889699801994
"M3S__UP056","classification","qwen3.5:9b","True","stop",15.639254511,0.667603842,3135,0.124364,1837,14.804402,"True",328,7455,FALSE,FALSE,FALSE,FALSE,FALSE,15.6433243799838,17.1553337730002,0.585327353782968,0.0341192635204908,12.503422424375,224.311623106502,20,5.60739657673874e-05,0.00139073611258844,8.96838284113781e-05,0.00153649390676721,0,87.2,70.1466666666667,42.9522593180339,"UP056",3,"Sustainability","qwen3.5:9b",1837,0.00153649390676721,0.585327353782968,15.6433243799838,7.51588908521513,-6.47825214205913,-0.535584009140108,2.75004426879523
"M3G__UP056","classification","qwen3.5:9b","True","stop",26.986295108,0.719677659,3070,0.113231,3227,26.110913,"True",687,14249,FALSE,FALSE,FALSE,FALSE,FALSE,26.9905617830227,28.5019554070313,1.02142949093084,0.0358371724446265,12.5040307076923,309.362492778941,20,9.54845442149519e-05,0.00243306333533866,0.000152721292072157,0.00268126917162577,1.92307692307692,86.5384615384615,70.1115384615385,42.9472541809082,"UP056",3,"General","qwen3.5:9b",3227,0.00268126917162577,1.02142949093084,26.9905617830227,8.07930819205196,-5.92146502505681,0.0212031078622052,3.29548724130098
"M3G__UP057","classification","qwen3.5:9b","True","stop",5.371028842,0.719171395,3021,0.088319,537,4.306112,"True",168,2665,FALSE,FALSE,FALSE,FALSE,FALSE,5.37457559199538,6.88555515697226,0.186896994336656,0.0271433443020793,12.50308810625,226.485711523353,20,2.21628670373985e-05,0.000432994790839025,3.54500185552752e-05,0.000490607676431699,0,86.2,70.6,43.2351402282715,"UP057",3,"General","qwen3.5:9b",537,0.000490607676431699,0.186896994336656,5.37457559199538,6.28599809450886,-7.61986577923478,-1.67719764631576,1.68167961126748
"M3S__UP057","classification","qwen3.5:9b","True","stop",34.128666743,0.730958481,3086,0.113897,4098,33.243947,"True",93,20006,FALSE,FALSE,FALSE,FALSE,FALSE,34.1326048920164,35.643183120992,1.29305695960213,0.0362778193859061,12.50366542875,310.441923607807,20,0.000118534877032201,0.00308616830226605,0.000189592554005665,0.00339429573330391,8.82352941176471,86.7058823529412,70.6,43.2384512284223,"UP057",3,"Sustainability","qwen3.5:9b",4098,0.00339429573330391,1.29305695960213,34.1326048920164,8.31825432879885,-5.68565898181641,0.257009151102606,3.53025308265537
"M3S__UP058","classification","qwen3.5:9b","True","stop",91.85360035,0.755891874,3116,0.097206,10991,90.700986,"True",497,48568,FALSE,FALSE,FALSE,FALSE,FALSE,91.8581124609918,93.3713996540173,3.54301076254889,0.0379453534559547,12.5043759407589,322.237579056601,20,0.000311992182172136,0.00848947345824058,0.000498995739161748,0.00930046137957447,2.74725274725275,86.7802197802198,69.7989010989011,42.7324711307065,"UP058",3,"Sustainability","qwen3.5:9b",10991,0.00930046137957447,3.54301076254889,91.8581124609918,9.3048320350689,-4.67769126934657,1.26497686357245,4.52024513068949
"M3G__UP058","classification","qwen3.5:9b","True","stop",27.483750516,0.720026456,3051,0.090097,3244,26.240492,"True",1119,13511,FALSE,FALSE,FALSE,FALSE,FALSE,27.4879043680266,28.9996119710268,1.03625491149484,0.035733406106611,12.5040957941964,308.485693639234,20,9.72071550934585e-05,0.00246750197399948,0.000155477014744409,0.00272018614383734,1.85185185185185,84.7037037037037,69.8148148148148,42.7498595626266,"UP058",3,"General","qwen3.5:9b",3244,0.00272018614383734,1.03625491149484,27.4879043680266,8.0845624152353,-5.9070549657815,0.0356131671375208,3.31374606675136
"M3G__UP059","classification","qwen3.5:9b","True","stop",26.912681263,0.680802881,3034,0.088775,3200,25.885009,"True",1422,12793,FALSE,FALSE,FALSE,FALSE,FALSE,26.9163386549917,28.4272255660035,1.01849821758032,0.0358282666458437,12.5040380285577,309.671585418894,20,9.52268714442369e-05,0.00242603694082799,0.000152310718716924,0.00267357453098915,0,84.8846153846154,70.1153846153846,42.9379093463604,"UP059",3,"General","qwen3.5:9b",3200,0.00267357453098915,1.01849821758032,26.9163386549917,8.07090608878782,-5.9243389262797,0.0183292066393214,3.29273348716815
"M3S__UP059","classification","qwen3.5:9b","True","stop",33.622826249,0.763955116,3099,0.096327,4004,32.484288,"True",161,16511,FALSE,FALSE,FALSE,FALSE,FALSE,33.6269894210272,35.1383235880057,1.27359652133823,0.0362452271847415,12.5045984903125,310.986886972324,20,0.000116785778443183,0.00303964604282658,0.000186779942316611,0.00334321176358638,1.51515151515152,86.6363636363636,70.2515151515152,43.0220813173236,"UP059",3,"Sustainability","qwen3.5:9b",4004,0.00334321176358638,1.27359652133823,33.6269894210272,8.29504914043511,-5.70082332817608,0.241844804742937,3.51532900110944
"M3S__UP060","classification","qwen3.5:9b","True","stop",17.44976985,0.777394267,3098,0.096438,2015,16.278011,"True",89,9187,FALSE,FALSE,FALSE,FALSE,FALSE,17.4534296870115,18.9638545690104,0.64648103042771,0.0340901702275311,12.5196031915625,287.351352431316,20,6.24111105244614e-05,0.00153486233899969,9.97498617442842e-05,0.00169702331126843,6.86470588235294,83.1764705882353,70.0058823529412,42.8693717507755,"UP060",3,"Sustainability","qwen3.5:9b",2015,0.00169702331126843,0.64648103042771,17.4534296870115,7.60837447438078,-6.37887955607223,-0.436211423153207,2.85953617300454
"M3G__UP060","classification","qwen3.5:9b","True","stop",48.58761481,0.711614435,3033,0.104532,5857,47.73892,"True",696,26427,FALSE,FALSE,FALSE,FALSE,FALSE,48.5920046549872,50.1035739760264,1.85863391179433,0.0370958349734423,12.5041526509766,317.82735722182,20,0.000167001163611101,0.00444483883364644,0.000267104514605793,0.00487894451186333,3.125,86.625,69.6729166666667,42.6617424488068,"UP060",3,"General","qwen3.5:9b",5857,0.00487894451186333,1.85863391179433,48.5920046549872,8.67539280608978,-5.32282637106342,0.619841761855598,3.88345900410079
"M3G__UP061","information_extraction","qwen3.5:9b","True","stop",30.328515955,0.745902181,3258,0.115063,3592,29.133083,"True",647,15845,FALSE,FALSE,FALSE,FALSE,FALSE,30.3316880210186,31.8421220780001,1.1996000921388,0.0376733714292117,12.5029734365625,242.415581060999,20,0.000157396616356608,0.0027398044140643,0.000251768892505465,0.00314896992292637,3.33333333333333,85.4333333333333,69.2866666666667,42.4257250467936,"UP061",3,"General","qwen3.5:9b",3592,0.00314896992292637,1.1996000921388,30.3316880210186,8.18646442942209,-5.76067988821837,0.18198824470065,3.41219297531232
"M3S__UP061","information_extraction","qwen3.5:9b","True","stop",14.275003249,0.713858653,3323,0.11732,1632,13.131974,"True",392,6951,FALSE,FALSE,FALSE,FALSE,FALSE,14.276874231,15.7855396189843,0.529779692064477,0.0335610758233024,12.50359415,285.735109322447,20,5.30776989937258e-05,0.00125270350216145,8.48991822664781e-05,0.00139068038342165,3.57142857142857,84.5714285714286,69.45,42.5271541050502,"UP061",3,"Sustainability","qwen3.5:9b",1632,0.00139068038342165,0.529779692064477,14.276874231,7.39756153552405,-6.57796216712198,-0.635294034202959,2.65864104156467
"M3S__UP062","information_extraction","qwen3.5:9b","True","stop",30.643654235,0.737936315,3937,0.196274,3649,29.667071,"True",1428,14717,FALSE,FALSE,FALSE,FALSE,FALSE,30.6470135159907,32.1604624169995,1.16703579462996,0.0362879046792897,12.5039816690625,269.757218677715,20,0.000106437647765389,0.00278682167389999,0.000170228786038933,0.00306348810770431,5,86.7,69.1466666666667,42.3443651835124,"UP062",3,"Sustainability","qwen3.5:9b",3649,0.00306348810770431,1.16703579462996,30.6470135159907,8.20220843643645,-5.78820110773712,0.154467025181895,3.42253521933107
"M3G__UP062","information_extraction","qwen3.5:9b","True","stop",24.851893693,0.714937452,3872,0.171892,2911,23.628922,"True",1955,10815,FALSE,FALSE,FALSE,FALSE,FALSE,24.8553117929841,26.3654127609916,0.936504006005693,0.0355201723748956,12.5038308254545,308.03898143281,20,8.80708909444754e-05,0.00222940039463015,0.000140867094805193,0.00245833838037982,2.08333333333333,87.0416666666667,69.3791666666667,42.4816614786784,"UP062",3,"General","qwen3.5:9b",2911,0.00245833838037982,0.936504006005693,24.8553117929841,7.97625194374562,-6.00826961239061,-0.065601479471592,3.21307148394529
"M3G__UP063","information_extraction","qwen3.5:9b","True","stop",99.890276248,0.74623409,4799,0.272627,11861,98.624163,"True",160,52094,FALSE,FALSE,FALSE,FALSE,FALSE,99.895166473987,101.405875425029,3.87517626516381,0.0382145141878765,12.5060604112946,330.242478261499,20,0.000339952665418685,0.00928880020881184,0.000543648399332435,0.010172401273563,2.02020202020202,87.0808080808081,69.6363636363636,42.6443849428736,"UP063",3,"General","qwen3.5:9b",11861,0.010172401273563,3.87517626516381,99.895166473987,9.38101098602928,-4.58807698336404,1.35459114955498,4.60412130084021
"M3S__UP063","information_extraction","qwen3.5:9b","True","stop",50.331074639,0.663652174,4864,0.278291,5969,48.923963,"True",149,26353,FALSE,FALSE,FALSE,FALSE,FALSE,50.3356329889502,51.8459796669777,1.9342236538395,0.0373071097559271,12.5042401660826,321.402028429662,20,0.000173056421027584,0.00462752647979503,0.000276785924061227,0.00507736882488384,3,86.22,70.096,42.9198572540283,"UP063",3,"Sustainability","qwen3.5:9b",5969,0.00507736882488384,1.9342236538395,50.3356329889502,8.69433468816865,-5.28296209943058,0.659706033488434,3.91871323562532
"M3S__UP064","information_extraction","qwen3.5:9b","True","stop",5.124209519,0.716197304,3445,0.129351,490,3.925049,"True",74,1991,FALSE,FALSE,FALSE,FALSE,FALSE,5.12827935797395,6.63962557597551,0.177744911083154,0.0267703214660623,12.5029137875,223.049314765012,20,2.13083757635939e-05,0.000411191717842208,3.408321413315e-05,0.000466583307738951,0,77.8,69.8,42.734203338623,"UP064",3,"Sustainability","qwen3.5:9b",490,0.000466583307738951,0.177744911083154,5.12827935797395,6.19440539110467,-7.67007397325828,-1.72740584033926,1.63477019511855
"M3G__UP064","information_extraction","qwen3.5:9b","True","stop",12.22353449,0.684811577,3380,0.152218,1409,11.343044,"True",219,6070,FALSE,FALSE,FALSE,FALSE,FALSE,12.2275107810274,13.7390735169756,0.456722509237648,0.0332425988312338,12.50378135,282.89620073728,20,4.59685613605106e-05,0.00107941058575012,7.35249327886979e-05,0.00119890407989933,4.16666666666667,85.0833333333333,69.7166666666667,42.6863698959351,"UP064",3,"General","qwen3.5:9b",1409,0.00119890407989933,0.456722509237648,12.2275107810274,7.25063551189868,-6.7263474062209,-0.783679273301883,2.50368839513431
"M3G__UP065","information_extraction","qwen3.5:9b","True","stop",30.060893394,0.775690606,3535,0.164438,3586,29.07707,"True",681,14769,FALSE,FALSE,FALSE,FALSE,FALSE,30.064822565997,31.5758800670155,1.19320187833035,0.037788396579856,12.5030858992188,247.970158562689,20,0.000156498736010887,0.00272534495805221,0.000250330812644744,0.00313217450670784,3.33333333333333,84.1333333333333,69.56,42.5969062805176,"UP065",3,"General","qwen3.5:9b",3586,0.00313217450670784,1.19320187833035,30.064822565997,8.18479265416508,-5.76602778506606,0.176640347852954,3.40335580279432
"M3S__UP065","information_extraction","qwen3.5:9b","True","stop",14.076648678,0.689740361,3600,0.145603,1603,12.92935,"True",350,6253,FALSE,FALSE,FALSE,FALSE,FALSE,14.0797648960142,15.5903889749898,0.522759946112489,0.0335309110600835,12.5061037175,285.467525068785,20,5.2409480749299e-05,0.00123603209993561,8.38118544443407e-05,0.00137225343512925,0,85,69.8785714285714,42.7883932931083,"UP065",3,"Sustainability","qwen3.5:9b",1603,0.00137225343512925,0.522759946112489,14.0797648960142,7.37963215260955,-6.59130104725502,-0.648632914336005,2.64473865286423
"M3S__UP066","information_extraction","qwen3.5:9b","True","stop",5.699630553,0.714310244,3211,0.12925,601,4.814648,"True",42,2453,FALSE,FALSE,FALSE,FALSE,FALSE,5.70355241600191,7.21480179199716,0.205715334147566,0.028512957123195,12.50339946875,239.316258805995,20,2.33080146804419e-05,0.00047941816131214,3.72799511830736e-05,0.000540006127175655,0,87.4,69.8,42.73935546875,"UP066",3,"Sustainability","qwen3.5:9b",601,0.000540006127175655,0.205715334147566,5.70355241600191,6.39859493453521,-7.52393007184874,-1.58126193892972,1.74108921159032
"M3G__UP066","information_extraction","qwen3.5:9b","True","stop",3.333869726,0.729969461,3146,0.122415,304,2.436463,"True",186,1257,FALSE,FALSE,FALSE,FALSE,FALSE,3.33753953804262,4.8493198910146,0.114450618496245,0.0236013752584795,12.50223183125,194.03074281599,20,1.50902561820997e-05,0.000261207153410048,2.41373416776898e-05,0.000300434751269837,0,84,69.8,42.7240918477376,"UP066",3,"General","qwen3.5:9b",304,0.000300434751269837,0.114450618496245,3.33753953804262,5.71702770140622,-8.1102799614434,-2.16761182852438,1.20523387026073
"M3G__UP067","information_extraction","qwen3.5:9b","True","stop",12.356621267,0.745893372,3151,0.126271,1419,11.442485,"True",723,5823,FALSE,FALSE,FALSE,FALSE,FALSE,12.3603430379881,13.8714977799682,0.457329880053565,0.0329690338641004,12.5056474740385,280.296070421954,20,4.64353345871474e-05,0.00107980169717425,7.42614064944468e-05,0.00120049843825585,4.16666666666667,86.6666666666667,69.7,42.6689678827922,"UP067",3,"General","qwen3.5:9b",1419,0.00120049843825585,0.457329880053565,12.3603430379881,7.25770767716004,-6.72501844321523,-0.782350310296207,2.51449320552694
"M3S__UP067","information_extraction","qwen3.5:9b","True","stop",20.038134167,0.734024488,3216,0.130436,2367,19.134479,"True",169,10635,FALSE,FALSE,FALSE,FALSE,FALSE,20.0421205130406,21.5554915970424,0.752410635812648,0.0349057516236783,12.5034595346429,301.600718241615,20,7.13479366022726e-05,0.0017896230983645,0.000114119228355574,0.00197509026332235,0,82.4,68.83,42.1603399276733,"UP067",3,"Sustainability","qwen3.5:9b",2367,0.00197509026332235,0.752410635812648,20.0421205130406,7.76937860951398,-6.22714117872538,-0.284473045806357,2.99783608464274
"M3S__UP068","information_extraction","qwen3.5:9b","True","stop",60.244780419,0.721266888,3574,0.171394,7263,59.308549,"True",132,31084,FALSE,FALSE,FALSE,FALSE,FALSE,60.2487479239935,61.7619935109979,2.3694413564824,0.0383640686089655,12.5037021228125,280.456969888146,20,0.000257813438306559,0.00554963666192787,0.000412372334422091,0.00621982243465652,3.61166666666667,87.3,68.2,41.7527736028036,"UP068",3,"Sustainability","qwen3.5:9b",7263,0.00621982243465652,2.3694413564824,60.2487479239935,8.89054824560617,-5.08001392012141,0.862654212797608,4.09848179081032
"M3G__UP068","information_extraction","qwen3.5:9b","True","stop",59.421132174,0.657424759,3509,0.135852,7123,58.281046,"True",96,31789,FALSE,FALSE,FALSE,FALSE,FALSE,59.4241892549908,60.9344415999949,2.28524939953327,0.037503410871225,12.5185894930859,323.855628711059,20,0.000204860671480941,0.00546669326223981,0.000327263232661385,0.00599881716638213,5.08474576271186,86.8983050847458,69.9661016949153,42.8457808413748,"UP068",3,"General","qwen3.5:9b",7123,0.00599881716638213,2.28524939953327,59.4241892549908,8.87108426397835,-5.11619296812483,0.826475164794191,4.08470136998938
"M3G__UP069","information_extraction","qwen3.5:9b","True","stop",12.879475707,0.643507055,3152,0.103729,1465,11.800046,"True",292,6061,FALSE,FALSE,FALSE,FALSE,FALSE,12.8818735390087,14.3915277140331,0.476841621457484,0.033133495688058,12.5038245326923,281.80954524568,20,4.82341472625747e-05,0.00112633451217814,7.71484201169288e-05,0.00125171707955764,0,83.5,69.9083333333333,42.7990856170654,"UP069",3,"General","qwen3.5:9b",1465,0.00125171707955764,0.476841621457484,12.8818735390087,7.28961052145117,-6.6832390066346,-0.740570873715577,2.55582117120092
"M3S__UP069","information_extraction","qwen3.5:9b","True","stop",13.051316888,0.77476641,3217,0.128576,1502,12.10543,"True",74,6405,FALSE,FALSE,FALSE,FALSE,FALSE,13.0551290599979,14.5673388030264,0.48701995474638,0.0334323215332372,12.5035070107143,284.623728269526,20,4.88428066507655e-05,0.00115146897672957,7.81235880499783e-05,0.00127843537143032,0,80.3846153846154,69.6538461538462,42.655955681434,"UP069",3,"Sustainability","qwen3.5:9b",1502,0.00127843537143032,0.48701995474638,13.0551290599979,7.31455283232408,-6.66211831481945,-0.71945018190043,2.56918108796955
"M3S__UP070","information_extraction","qwen3.5:9b","True","stop",26.994076208,0.721363714,3492,0.178102,3213,26.045839,"True",269,14173,FALSE,FALSE,FALSE,FALSE,FALSE,26.9987313500023,28.5102960449876,1.02249829603109,0.0358641767317199,12.5039678389423,309.741641806562,20,9.55195962140684e-05,0.00243577555972951,0.000152779646605551,0.00268407480254913,0,86.6538461538462,69.6,42.6195326585036,"UP070",3,"Sustainability","qwen3.5:9b",3213,0.00268407480254913,1.02249829603109,26.9987313500023,8.07496035911586,-5.92041919045885,0.0222489424601717,3.29578987786345
"M3G__UP070","information_extraction","qwen3.5:9b","True","stop",26.871433751,0.718289468,3427,0.128014,3171,25.707617,"True",368,14666,FALSE,FALSE,FALSE,FALSE,FALSE,26.8755442760303,28.3867442010087,1.01261425401818,0.0356720815479149,12.5040674602885,308.328273708852,20,9.50876938409718e-05,0.00241095581765194,0.000152085518611259,0.00265812903010417,4.48846153846154,84.6538461538462,69.8615384615385,42.7879483149602,"UP070",3,"General","qwen3.5:9b",3171,0.00265812903010417,1.01261425401818,26.8755442760303,8.06180227453835,-5.93013277581206,0.0125353571069601,3.29121673837411
"M3G__UP071","information_extraction","qwen3.5:9b","True","stop",10.921825075,0.586152903,3118,0.096964,1242,9.990542,"True",191,4989,FALSE,FALSE,FALSE,FALSE,FALSE,10.9244276310201,12.4330999670201,0.404182362995965,0.032508575018949,12.503647025,276.089289430553,20,4.14319384580177e-05,0.000953283540403582,6.62698551611457e-05,0.00106098533402275,0,87,70.24,43.0075771331787,"UP071",3,"General","qwen3.5:9b",1242,0.00106098533402275,0.404182362995965,10.9244276310201,7.12447826249342,-6.84855724223306,-0.905889109314041,2.3910013488559
"M3S__UP071","information_extraction","qwen3.5:9b","True","stop",12.938449776,0.675494595,3183,0.129664999,1501,12.09182,"True",136,6210,FALSE,FALSE,FALSE,FALSE,FALSE,12.9419077000348,14.452769482974,0.482174842214204,0.0333621070191584,12.5037725923077,283.963522005357,20,4.84475102101784e-05,0.00113977896737705,7.74903939555063e-05,0.00126571687154273,0,86.6666666666667,70.125,42.9493894577026,"UP071",3,"Sustainability","qwen3.5:9b",1501,0.00126571687154273,0.482174842214204,12.9419077000348,7.31388683163346,-6.67211662044296,-0.729448487523944,2.56047070479345
"M3S__UP072","information_extraction","qwen3.5:9b","True","stop",44.269905231,0.631591215,3462,0.159824,5338,43.430306,"True",674,21616,FALSE,FALSE,FALSE,FALSE,FALSE,44.2726660729968,45.7833476600354,1.69570671274283,0.0370376304794117,12.5043643707813,319.475454473089,20,0.000153763483940706,0.00405156407458218,0.000245930382789164,0.00445125794131205,5.68181818181818,86.2954545454545,70.1,42.9301598288796,"UP072",3,"Sustainability","qwen3.5:9b",5338,0.00445125794131205,1.69570671274283,44.2726660729968,8.58260632996447,-5.41456853931051,0.528099593608505,3.79036746794849
"M3G__UP072","information_extraction","qwen3.5:9b","True","stop",53.949602216,0.725215812,3397,0.127564,6470,52.792663,"True",2044,24951,FALSE,FALSE,FALSE,FALSE,FALSE,53.9539410199504,55.4664046670077,2.06814285747153,0.0372864055257883,12.5077243574609,321.944457033656,20,0.000185675861907874,0.00494634673485272,0.000296886334782984,0.00542890893154358,4.71698113207547,87,69.1132075471698,42.3223063630878,"UP072",3,"General","qwen3.5:9b",6470,0.00542890893154358,2.06814285747153,53.9539410199504,8.77493138749495,-5.2160170986435,0.726651034275514,3.98813073852551
"M3G__UP073","information_extraction","qwen3.5:9b","True","stop",6.294005371,0.714772539,3351,0.124124,641,5.13829,"True",21,2344,FALSE,FALSE,FALSE,FALSE,FALSE,6.29788244096562,7.80922329699388,0.224368885778705,0.0287312677901111,12.5030366482143,241.204487182117,20,2.5370384937703e-05,0.000523022085084257,4.05795362221801e-05,0.00058897200624414,0,88.6666666666667,69.8,42.7212829589844,"UP073",3,"General","qwen3.5:9b",641,0.00058897200624414,0.224368885778705,6.29788244096562,6.46302945692067,-7.43713190304124,-1.49446377012222,1.84021345641469
"M3S__UP073","information_extraction","qwen3.5:9b","True","stop",5.533671512,0.731915531,3416,0.154647,573,4.599882,"True",21,2315,FALSE,FALSE,FALSE,FALSE,FALSE,5.53743495803792,7.04882799996994,0.197902713049838,0.0280759741975094,12.50357009375,235.244438706504,20,2.27307857672941e-05,0.000460409812772511,3.63572700776988e-05,0.000519497868617504,20,86.8,69.8,42.7276382446289,"UP073",3,"Sustainability","qwen3.5:9b",573,0.000519497868617504,0.197902713049838,5.53743495803792,6.35088571671474,-7.56264785019086,-1.61997971727184,1.71153138957549
"M3S__UP074","information_extraction","qwen3.5:9b","True","stop",23.807868051,0.653259578,3453,0.142371,2839,22.966374,"True",167,12891,FALSE,FALSE,FALSE,FALSE,FALSE,23.8102809970151,25.3197126829764,0.900872749855197,0.0355798962308484,12.503925935,307.846397179509,20,8.44333613079816e-05,0.00214532504959219,0.000135047337505643,0.00236480574840582,10.8695652173913,86.5217391304348,69.8,42.723554196565,"UP074",3,"Sustainability","qwen3.5:9b",2839,0.00236480574840582,0.900872749855197,23.8102809970151,7.95120715647297,-6.04705939639221,-0.104391263473192,3.17011746206773
"M3G__UP074","information_extraction","qwen3.5:9b","True","stop",50.315037752,0.73802768,3388,0.126264,6030,49.171525,"True",374,25705,FALSE,FALSE,FALSE,FALSE,FALSE,50.3192756929784,51.8308379449882,1.92035262755832,0.0370503874468812,12.5039898955692,318.315965943404,20,0.00017298926637092,0.00459128367302419,0.000276684213927688,0.0050409571533228,2,85.52,69.116,42.316265411377,"UP074",3,"General","qwen3.5:9b",6030,0.0050409571533228,1.92035262755832,50.3192756929784,8.70450228972123,-5.29015930355617,0.652508829362849,3.91838821826988
"M3G__UP075","information_extraction","qwen3.5:9b","True","stop",16.386302196,0.764134447,3336,0.11884,1882,15.186357,"True",592,7901,FALSE,FALSE,FALSE,FALSE,FALSE,16.3895002310164,17.9009233049583,0.60852681781973,0.0339941581477631,12.50288539625,275.512951123871,20,5.86651810797975e-05,0.00144489421146954,9.38334879329583e-05,0.00159739288048229,3.125,86.5625,68.8,42.1370248794556,"UP075",3,"General","qwen3.5:9b",1882,0.00159739288048229,0.60852681781973,16.3895002310164,7.54009032014532,-6.43938242843201,-0.496714295512994,2.79664089997945
"M3S__UP075","information_extraction","qwen3.5:9b","True","stop",18.696635674,0.750454316,3401,0.150277,2198,17.748221,"True",308,9283,FALSE,FALSE,FALSE,FALSE,FALSE,18.7004510849947,20.2116046400042,0.704948322503056,0.0348783946182963,12.50367873875,302.009049312448,20,6.66907078617511e-05,0.0016771416194894,0.000106668584850073,0.00185050091220122,0,86.8888888888889,68.7277777777778,42.0899673038059,"UP075",3,"Sustainability","qwen3.5:9b",2198,0.00185050091220122,0.704948322503056,18.7004510849947,7.69530313496357,-6.29229891318967,-0.349630780270654,2.92854764576184
"M3S__UP076","information_extraction","qwen3.5:9b","True","stop",16.955718083,0.671199604,3203,0.129646999,1999,16.11249,"True",304,9141,FALSE,FALSE,FALSE,FALSE,FALSE,16.9593945149682,18.4702061499702,0.637733144873401,0.0345276679477901,12.50327548625,282.901610093205,20,6.06429442331894e-05,0.00151642037980082,9.69966441334691e-05,0.00167405996816748,9.375,87.0625,68.625,42.0144839286804,"UP076",3,"Sustainability","qwen3.5:9b",1999,0.00167405996816748,0.637733144873401,16.9593945149682,7.6004023345004,-6.39250348427843,-0.449835351359409,2.83082192895808
"M3G__UP076","information_extraction","qwen3.5:9b","True","stop",10.175723354,0.739996445,3138,0.119816,1154,9.269828,"True",746,4612,FALSE,FALSE,FALSE,FALSE,FALSE,10.1796825740021,11.6937112940359,0.377814217444553,0.0323091795191873,12.5032930897727,274.358834674184,20,3.88541048259868e-05,0.000890766545946775,6.21478685724368e-05,0.000991768519345199,0,81.5,68.6,41.9874492645264,"UP076",3,"General","qwen3.5:9b",1154,0.000991768519345199,0.377814217444553,10.1796825740021,7.05098944706805,-6.91602082534343,-0.973352692424407,2.32039382930048
"M3G__UP077","information_extraction","qwen3.5:9b","True","stop",9.739040973,0.718052771,3221,0.130851,1100,8.849062,"True",638,4713,FALSE,FALSE,FALSE,FALSE,FALSE,9.74277037399588,11.2546530579566,0.360121853059413,0.0319975970120928,12.50361182375,271.406852589173,20,3.73385413164094e-05,0.000848266511945361,5.97207193052681e-05,0.000945325772567039,16.6666666666667,86.7777777777778,68.5,41.9331482781304,"UP077",3,"General","qwen3.5:9b",1100,0.000945325772567039,0.360121853059413,9.74277037399588,7.00306545878646,-6.96398095700208,-1.02131282408306,2.27652550985959
"M3S__UP077","information_extraction","qwen3.5:9b","True","stop",17.420235972,0.747368063,3286,0.140928,2041,16.486141,"True",342,9593,FALSE,FALSE,FALSE,FALSE,FALSE,17.4237331220065,18.9349112010095,0.652371764825832,0.0344533839055475,12.503276331875,289.062189973608,20,6.22523198954211e-05,0.00155066401830783,9.95702475057139e-05,0.00171248658570897,0,86.5882352941177,68.4647058823529,41.915418288287,"UP077",3,"Sustainability","qwen3.5:9b",2041,0.00171248658570897,0.652371764825832,17.4237331220065,7.62119516280984,-6.36980882102122,-0.4271406881022,2.85783324938405
"M3S__UP078","information_extraction","qwen3.5:9b","True","stop",5.048203224,0.714039883,3328,0.12862,521,4.167955,"True",32,2005,FALSE,FALSE,FALSE,FALSE,FALSE,5.05128993000835,6.56211807503132,0.180007667029956,0.0274313361892832,12.50257765625,229.325793884639,20,2.10391635642871e-05,0.000417829500930722,3.365441472787e-05,0.000472523079222879,0,69.8,68.4,41.8979568481445,"UP078",3,"Sustainability","qwen3.5:9b",521,0.000472523079222879,0.180007667029956,5.05128993000835,6.25575004175337,-7.6574239673072,-1.71475583438819,1.61964364235497
"M3G__UP078","information_extraction","qwen3.5:9b","True","stop",7.665073954,0.695781823,3263,0.123525,847,6.798955,"True",116,3530,FALSE,FALSE,FALSE,FALSE,FALSE,7.66901696898276,9.18133005598793,0.280435940631996,0.0305441519825442,12.5033202265625,258.035365023292,20,3.01341595256559e-05,0.000657816359586505,4.81984259777366e-05,0.000736148945089897,14.2857142857143,87.1428571428571,68.5,41.9135311671666,"UP078",3,"General","qwen3.5:9b",847,0.000736148945089897,0.280435940631996,7.66901696898276,6.74170069465205,-7.2140780886636,-1.27140995574458,2.03718844145243
"M3G__UP079","information_extraction","qwen3.5:9b","True","stop",5.227157553,0.718833935,3043,0.107957,544,4.361825,"True",110,2208,FALSE,FALSE,FALSE,FALSE,FALSE,5.23074070602888,6.74214331898838,0.184671268083815,0.0273905877324964,12.5024822,228.877247100438,20,2.16634466808967e-05,0.000428449509426443,3.46521523946042e-05,0.000484765108501944,0,86.8,68.42,41.9109580993652,"UP079",3,"General","qwen3.5:9b",544,0.000484765108501944,0.184671268083815,5.23074070602888,6.29894924685594,-7.63184609671103,-1.68917796379201,1.65455289444052
"M3S__UP079","information_extraction","qwen3.5:9b","True","stop",7.661039697,0.705420054,3108,0.11503,849,6.800957,"True",72,3557,FALSE,FALSE,FALSE,FALSE,FALSE,7.66455873299856,9.17572644801112,0.278638887507787,0.0303669566749326,12.5033620765625,256.334414042636,20,3.01178505450605e-05,0.00065313941139955,4.81743892111505e-05,0.000731431651155761,21.4285714285714,87,68.4571428571429,41.9136216299874,"UP079",3,"Sustainability","qwen3.5:9b",849,0.000731431651155761,0.278638887507787,7.66455873299856,6.74405918631135,-7.22050677843038,-1.27783864551136,2.03660694158619
"M3S__UP080","information_extraction","qwen3.5:9b","True","length",137.417065975,0.687097227,3328,0.138921,16384,136.544595999,"True",0,58372,TRUE,TRUE,TRUE,TRUE,FALSE,137.421321412025,138.935850343027,5.34488156176852,0.0384701396261097,12.5042447674531,329.718928423553,20,0.000464956686447745,0.0128217869240883,0.000743658179117483,0.0140304017896535,2.91970802919708,87.2262773722628,68.221897810219,41.7755539051808,"UP080",3,"Sustainability","qwen3.5:9b",16384,0.0140304017896535,5.34488156176852,137.421321412025,9.70406052783923,-4.26652874738377,1.67613938553525,4.92305154542065
"M3G__UP080","information_extraction","qwen3.5:9b","True","stop",65.349605487,0.697903586,3263,0.114894,7829,63.979884,"True",146,30677,FALSE,FALSE,FALSE,FALSE,FALSE,65.3539204300032,66.8682034020312,2.51302869457839,0.0375818186630397,12.5038172921563,323.328177861833,20,0.000223448157041122,0.00601589342382258,0.000357399972039275,0.00659674155290298,5.38461538461539,86.2307692307692,67.1861538461538,41.150564633883,"UP080",3,"General","qwen3.5:9b",7829,0.00659674155290298,2.51302869457839,65.3539204300032,8.96559006690791,-5.02117945596737,0.921488676951653,4.17981742954861
"M3G__UP081","closed_qa","qwen3.5:9b","True","stop",77.172034009,0.748820204,3243,0.113654,9251,75.974137,"True",1749,39404,FALSE,FALSE,FALSE,FALSE,FALSE,77.1768551240093,78.6880295160227,2.97561776734296,0.0378153803779907,12.5039158084375,320.268512209065,20,0.000262747967162475,0.00712804986910243,0.000420247622044472,0.00781104545830937,1.2987012987013,86.3246753246753,67.8818181818182,41.5537610239797,"UP081",3,"General","qwen3.5:9b",9251,0.00781104545830937,2.97561776734296,77.1768551240093,9.13248693277132,-4.85221646258991,1.0904516703291,4.34609960798736
"M3S__UP081","closed_qa","qwen3.5:9b","True","stop",18.180542958,0.751120811,3308,0.11682,2092,16.887761999,"True",385,9959,FALSE,FALSE,FALSE,FALSE,FALSE,18.1843047929578,19.6953836010071,0.680186860850834,0.0345353446589411,12.5032203575,295.108781091794,20,6.48783503826607e-05,0.00161685157125824,0.000103771747477973,0.00178550166911887,5.55555555555556,82.9444444444444,67.2388888888889,41.1714271969265,"UP081",3,"Sustainability","qwen3.5:9b",2092,0.00178550166911887,0.680186860850834,18.1843047929578,7.64587582518481,-6.32805585611146,-0.385387723192443,2.90055884801106
"M3S__UP082","closed_qa","qwen3.5:9b","True","stop",15.155382881,0.691806722,3252,0.138313,1771,14.278749,"True",239,7869,FALSE,FALSE,FALSE,FALSE,FALSE,15.1592183159664,16.6705067069852,0.628251612218804,0.0376864136922459,12.50193238625,173.216710925877,20,0.00011172885152732,0.00135870608696465,0.00017873585089983,0.00164917078939179,3.33333333333333,81.0666666666667,67.0066666666667,41.0266398111979,"UP082",3,"Sustainability","qwen3.5:9b",1771,0.00164917078939179,0.628251612218804,15.1592183159664,7.47929963778283,-6.40748266927493,-0.464814536355912,2.7186088166135
"M3G__UP082","closed_qa","qwen3.5:9b","True","stop",11.641015356,0.695081902,3187,0.127916,1337,10.772735,"True",575,5154,FALSE,FALSE,FALSE,FALSE,FALSE,11.6442173100077,13.1553770940518,0.431267627795076,0.0327826123654086,12.503295471875,278.604671307342,20,4.39397452022075e-05,0.00101786164762174,7.02832056668639e-05,0.00113208459849081,0,86.7272727272727,67,41.0155663923784,"UP082",3,"General","qwen3.5:9b",1337,0.00113208459849081,0.431267627795076,11.6442173100077,7.19818357710194,-6.78369456834444,-0.841026435425418,2.45480968854053
"M3G__UP083","closed_qa","qwen3.5:9b","True","stop",6.720285933,0.724343051,3091,0.115203,729,5.841311,"True",251,2794,FALSE,FALSE,FALSE,FALSE,FALSE,6.72392789000878,8.23666007298743,0.243235323685644,0.0295308197170049,12.5032137875,248.693933509094,20,2.68507563925022e-05,0.000568698788292465,4.29471705943191e-05,0.000638496715279287,0,87.5,67,40.9994881947835,"UP083",3,"General","qwen3.5:9b",729,0.000638496715279287,0.243235323685644,6.72392789000878,6.59167373200866,-7.35639402693829,-1.41372589401927,1.9056724912189
"M3S__UP083","closed_qa","qwen3.5:9b","True","stop",12.796986612,0.735414901,3156,0.113171,1476,11.902042,"True",260,6321,FALSE,FALSE,FALSE,FALSE,FALSE,12.8002190330299,14.3122285910067,0.47598207918667,0.0332570204675015,12.5032997807692,283.021250652483,20,4.79511355362525e-05,0.00112480923318081,7.67003982777371e-05,0.0012494607669948,4.16666666666667,86.6666666666667,66.9,40.9859139124552,"UP083",3,"Sustainability","qwen3.5:9b",1476,0.0012494607669948,0.47598207918667,12.8002190330299,7.29709100516042,-6.68504320714597,-0.74237507422695,2.54946228273462
"M3S__UP084","closed_qa","qwen3.5:9b","True","stop",5.981098687,0.727442251,3242,0.138943,631,5.071924,"True",319,2375,FALSE,FALSE,FALSE,FALSE,FALSE,5.9847275330103,7.49599746800959,0.215205269474801,0.0287093572794315,12.50331340625,241.09144612079,20,2.42823929964667e-05,0.000501795123658333,3.88398464500723e-05,0.000564917363104872,0,86.8,66.9,40.9862785339355,"UP084",3,"Sustainability","qwen3.5:9b",631,0.000564917363104872,0.215205269474801,5.9847275330103,6.44730586254121,-7.47883109750625,-1.53616296458723,1.78921081299625
"M3G__UP084","closed_qa","qwen3.5:9b","True","stop",26.086974246,0.70779394,3177,0.125663,3118,25.212713,"True",857,12077,FALSE,FALSE,FALSE,FALSE,FALSE,26.0910137789906,27.6056454339996,0.984971297212633,0.035680067671938,12.5036265052885,308.812002341768,20,9.23616846393471e-05,0.00234547132081886,0.000147732809511298,0.0025855658149695,5.76923076923077,87.0769230769231,67,40.9993570767916,"UP084",3,"General","qwen3.5:9b",3118,0.0025855658149695,0.984971297212633,26.0910137789906,8.04494704961772,-5.95781091103929,-0.0151427781202748,3.26159095538838
"M3G__UP085","closed_qa","qwen3.5:9b","True","stop",12.123379204,0.737580118,3454,0.129039999,1364,11.001857,"True",799,5346,FALSE,FALSE,FALSE,FALSE,FALSE,12.1273608960328,13.6384194399579,0.446333867597392,0.0327262165210816,12.5040550884615,278.020192608854,20,4.56207485398788e-05,0.00105304639799186,7.29665786221934e-05,0.00117163372515394,8.33333333333333,79.5,67.5,41.302832921346,"UP085",3,"General","qwen3.5:9b",1364,0.00117163372515394,0.446333867597392,12.1273608960328,7.21817683840341,-6.74935615787196,-0.806688024952938,2.49546413094428
"M3S__UP085","closed_qa","qwen3.5:9b","True","stop",20.828302831,0.753703111,3519,0.178026,2452,19.8479,"True",396,10829,FALSE,FALSE,FALSE,FALSE,FALSE,20.8320417829673,22.3431242129882,0.781980580192855,0.0349987124781003,12.5042139558929,303.212195757622,20,7.40908405864629e-05,0.00186012204365227,0.000118498968216591,0.00205271185245532,0,86.75,67.455,41.303461265564,"UP085",3,"Sustainability","qwen3.5:9b",2452,0.00205271185245532,0.781980580192855,20.8320417829673,7.8046592970561,-6.18859350517717,-0.245925372258156,3.03649227173494
"M3S__UP086","closed_qa","qwen3.5:9b","True","stop",12.421465995,0.651171239,3491,0.176354,1429,11.544883,"True",276,6235,FALSE,FALSE,FALSE,FALSE,FALSE,12.4255955080152,13.9368197530275,0.465365027510263,0.0333910487296911,12.5039869307692,284.280759555449,20,4.66563473213204e-05,0.00110031060246918,7.46238823666418e-05,0.00122159083215714,0,86.6666666666667,67.4,41.2924098968506,"UP086",3,"Sustainability","qwen3.5:9b",1429,0.00122159083215714,0.465365027510263,12.4255955080152,7.26473017792987,-6.70760130887097,-0.76493317595195,2.51975849904466
"M3G__UP086","closed_qa","qwen3.5:9b","True","stop",16.021649774,0.725163021,3426,0.157866,1865,15.090727,"True",1185,7342,FALSE,FALSE,FALSE,FALSE,FALSE,16.0245028170175,17.534640946018,0.59833332116319,0.0341229297483315,12.50243531,259.438312624807,20,5.73840186063179e-05,0.00142146391494791,9.1786850966552e-05,0.00157063478452078,9.375,81.25,67.4,41.2840647697449,"UP086",3,"General","qwen3.5:9b",1865,0.00157063478452078,0.59833332116319,16.0245028170175,7.53101633207792,-6.45627541998696,-0.51360728706794,2.77411897686631
"M3G__UP087","closed_qa","qwen3.5:9b","True","stop",19.668340948,0.666679313,3092,0.119351,2328,18.838392,"True",606,10432,FALSE,FALSE,FALSE,FALSE,FALSE,19.6713781700237,21.1822605329799,0.73903346369274,0.0348892632371364,12.503340126875,301.698988131331,20,7.00580054906609e-05,0.00175785779517401,0.000112059166372314,0.00193997496703699,5.26315789473684,86.7894736842105,67.4,41.2789864791067,"UP087",3,"General","qwen3.5:9b",2328,0.00193997496703699,0.73903346369274,19.6713781700237,7.75276480885133,-6.24508020957933,-0.302412076660316,2.97916469451309
"M3S__UP087","closed_qa","qwen3.5:9b","True","stop",14.117809563,0.71974728,3157,0.128757,1641,13.224212,"True",184,7792,FALSE,FALSE,FALSE,FALSE,FALSE,14.1209685539943,15.6330814710236,0.528349434906884,0.0337968836077645,12.503320655,287.996225330252,20,5.25422720409898e-05,0.00125033905582672,8.40446070499537e-05,0.00138692593491766,0,86.8571428571429,67.4,41.2909360613142,"UP087",3,"Sustainability","qwen3.5:9b",1641,0.00138692593491766,0.528349434906884,14.1209685539943,7.40306109109009,-6.58066553855782,-0.637997405638805,2.64766082418812
"M3S__UP088","closed_qa","qwen3.5:9b","True","stop",11.441932838,0.69946534,3351,0.150884,1311,10.543675,"True",253,4973,FALSE,FALSE,FALSE,FALSE,FALSE,11.4452159460052,12.9564729760168,0.427497034220561,0.0329948617198433,12.503253490625,280.6315625063,20,4.32487458948848e-05,0.00100975997447339,6.91780081277506e-05,0.00112218672849603,0,87.0909090909091,67.4454545454546,41.2997498945756,"UP088",3,"Sustainability","qwen3.5:9b",1311,0.00112218672849603,0.427497034220561,11.4452159460052,7.1785454837637,-6.79247606104417,-0.849807928125151,2.43757182137901
"M3G__UP088","closed_qa","qwen3.5:9b","True","stop",14.775471715,0.752086134,3286,0.140861,1719,13.840939,"True",511,6807,FALSE,FALSE,FALSE,FALSE,FALSE,14.7795156329521,16.2930831760168,0.554155869616256,0.0340117253210838,12.503654555,290.003436074254,20,5.48322455263952e-05,0.00131213243859296,8.77035652998732e-05,0.00145466824941923,3.57142857142857,86.8571428571429,67.4,41.2942725590297,"UP088",3,"General","qwen3.5:9b",1719,0.00145466824941923,0.554155869616256,14.7795156329521,7.44949800538285,-6.5329774116283,-0.59030927870928,2.69324214319361
"M3G__UP089","closed_qa","qwen3.5:9b","True","stop",3.839330683,0.70747886,3378,0.147117,366,2.939387,"True",678,1028,FALSE,FALSE,FALSE,FALSE,FALSE,3.84332783997525,5.35516574501526,0.133124118294749,0.0248590099043461,12.50285395625,205.600181571499,20,1.6846499143231e-05,0.000305660800083984,2.69456953777181e-05,0.000349452994604934,0,87,67.4,41.2913551330566,"UP089",3,"General","qwen3.5:9b",366,0.000349452994604934,0.133124118294749,3.84332783997525,5.90263333340137,-7.95914149859743,-2.01647336567841,1.34633861629056
"M3S__UP089","closed_qa","qwen3.5:9b","True","stop",31.107837952,0.72828312,3443,0.156886,3716,30.172973,"True",247,17821,FALSE,FALSE,FALSE,FALSE,FALSE,31.1116749329958,32.6230125110014,1.17302766335136,0.0359570613828437,12.5032041309375,288.525947429627,20,0.000107950871121433,0.00279860362777029,0.000172662362510972,0.0030792168614027,0,87.0322580645161,67.4,41.2865344632056,"UP089",3,"Sustainability","qwen3.5:9b",3716,0.0030792168614027,1.17302766335136,31.1116749329958,8.22040309993373,-5.78307998010602,0.159588152812996,3.43758314851511
"M3S__UP090","closed_qa","qwen3.5:9b","True","stop",7.003171903,0.748695146,3225,0.107179,733,5.885694,"True",70,3268,FALSE,FALSE,FALSE,FALSE,FALSE,7.00642321398482,8.51749127003131,0.248665462414797,0.0291946835671817,12.5027648140625,245.401584859057,20,2.78306390844919e-05,0.000580401853208734,4.45184262388567e-05,0.000652750918532083,0,85,68,41.6137324741908,"UP090",3,"Sustainability","qwen3.5:9b",733,0.000652750918532083,0.248665462414797,7.00642321398482,6.59714570188665,-7.33431494321317,-1.39164681029415,1.94682733031379
"M3G__UP090","closed_qa","qwen3.5:9b","True","stop",5.187017468,0.732681145,3160,0.126905,534,4.281296999,"True",70,2147,FALSE,FALSE,FALSE,FALSE,FALSE,5.18984196498059,6.70001432299614,0.184599409412843,0.0275520917588565,12.50249001875,230.400570448986,20,2.15204782175054e-05,0.000428631454016504,3.44245460776923e-05,0.000484576478311701,0,70,68,41.6258209228516,"UP090",3,"General","qwen3.5:9b",534,0.000484576478311701,0.184599409412843,5.18984196498059,6.2803958389602,-7.6322352891179,-1.68956715619888,1.64670324680679
"M3G__UP091","closed_qa","qwen3.5:9b","True","stop",10.1307882,0.649124998,3323,0.121261,1160,9.332788,"True",216,4746,FALSE,FALSE,FALSE,FALSE,FALSE,10.1341661859769,11.6493172679911,0.376394576344766,0.0323104408340724,12.5032524977273,274.419536671333,20,3.86940604815399e-05,0.000887455154408023,6.18927232775604e-05,0.000988041938167124,5,86.7,68,41.6299167633057,"UP091",3,"General","qwen3.5:9b",1160,0.000988041938167124,0.376394576344766,10.1341661859769,7.05617528410041,-6.9197854135797,-0.977117280660684,2.31591250577232
"M3S__UP091","closed_qa","qwen3.5:9b","True","stop",18.303811563,0.700442675,3388,0.153219,2153,17.403449,"True",160,9807,FALSE,FALSE,FALSE,FALSE,FALSE,18.3070588510018,19.8210770000005,0.683377876702386,0.0344773332297921,12.503266385,295.955656967767,20,6.53219022665092e-05,0.00162407602148207,0.00010448021433355,0.00179387813808213,0,86.8333333333333,68,41.629674911499,"UP091",3,"Sustainability","qwen3.5:9b",2153,0.00179387813808213,0.683377876702386,18.3070588510018,7.67461749736436,-6.32337544514316,-0.380707312224144,2.90728671503579
"M3S__UP092","closed_qa","qwen3.5:9b","True","stop",37.454167738,0.761410945,3206,0.130229999,4494,36.519794,"True",208,21184,FALSE,FALSE,FALSE,FALSE,FALSE,37.4579390390427,38.9692952209734,1.42242639514698,0.0365012091463595,12.5037884130729,315.341916365016,20,0.000130084702892332,0.0033957429943694,0.000208064926827986,0.00373389262408972,1.35135135135135,86.6756756756757,67.9675675675676,41.608355238631,"UP092",3,"Sustainability","qwen3.5:9b",4494,0.00373389262408972,1.42242639514698,37.4579390390427,8.41049845274527,-5.59030399054557,0.352364142373451,3.62321867785807
"M3G__UP092","closed_qa","qwen3.5:9b","True","stop",9.319578418,0.721090183,3141,0.102487,1017,8.180614,"True",298,4393,FALSE,FALSE,FALSE,FALSE,FALSE,9.3224319019937,10.8331151339808,0.336842369994045,0.0310937681200724,12.50295284375,262.923448166333,20,3.58728475196966e-05,0.000790961743880381,5.73821561889619e-05,0.000884216747589039,0,80.8888888888889,68.3333333333333,41.8407834370931,"UP092",3,"General","qwen3.5:9b",1017,0.000884216747589039,0.336842369994045,9.3224319019937,6.92461239604856,-7.03080833580032,-1.0881402028813,2.23242352835054
"M3G__UP093","closed_qa","qwen3.5:9b","True","stop",5.861364323,0.708453035,3081,0.113496,624,4.995777,"True",278,2319,FALSE,FALSE,FALSE,FALSE,FALSE,5.86495596001623,7.37662387097953,0.21204422675271,0.0287454302213938,12.5031908375,241.477103896868,20,2.38674366876703e-05,0.000494576506771871,3.81756306386604e-05,0.000556619574098202,0,86.6,68.22,41.7853363037109,"UP093",3,"General","qwen3.5:9b",624,0.000556619574098202,0.21204422675271,5.86495596001623,6.43615036836943,-7.49362854222853,-1.55096040930951,1.76899497312861
"M3S__UP093","closed_qa","qwen3.5:9b","True","stop",5.404465356,0.71030285,3146,0.125066,566,4.532811,"True",34,2340,FALSE,FALSE,FALSE,FALSE,FALSE,5.40846638195217,6.9202294020215,0.193439626336114,0.0279527765769741,12.50300864375,234.131171716,20,2.228231037922e-05,0.000449859248774942,3.56406336168422e-05,0.000507782192771004,0,85,68.1,41.6929222106934,"UP093",3,"Sustainability","qwen3.5:9b",566,0.000507782192771004,0.193439626336114,5.40846638195217,6.33859407820318,-7.58545795671502,-1.642789823796,1.68796557428857
"M3S__UP094","closed_qa","qwen3.5:9b","True","stop",13.471610357,0.718229152,3769,0.180267,1551,12.519392,"True",211,7164,FALSE,FALSE,FALSE,FALSE,FALSE,13.4753205309971,14.9864762519719,0.501459481611444,0.0334607998024527,12.5036283580357,284.85459878627,20,5.03007811240171e-05,0.00118558372624378,8.04548589832848e-05,0.00131633936635108,3.84615384615385,86.7692307692308,68.0230769230769,41.6611448434683,"UP094",3,"Sustainability","qwen3.5:9b",1551,0.00131633936635108,0.501459481611444,13.4753205309971,7.34665516317654,-6.63290060215714,-0.69023246923812,2.60085990359914
"M3G__UP094","closed_qa","qwen3.5:9b","True","stop",7.449626458,0.62940713,3704,0.168761,819,6.601412,"True",299,3331,FALSE,FALSE,FALSE,FALSE,FALSE,7.45247169601498,8.96241736202501,0.275010662017383,0.0306848756210173,12.50306590625,259.374081343707,20,2.93788813182532e-05,0.000645534683093807,4.69939353054441e-05,0.000721907499717504,0,86.8571428571429,68,41.6397301810128,"UP094",3,"General","qwen3.5:9b",819,0.000721907499717504,0.275010662017383,7.45247169601498,6.70808408385307,-7.23361354401386,-1.29094541109484,2.00854574864473
"M3G__UP095","closed_qa","qwen3.5:9b","True","stop",18.859721692,0.680768409,3133,0.115067,2230,18.01801,"True",1937,9537,FALSE,FALSE,FALSE,FALSE,FALSE,18.8630132169928,20.3733654830139,0.704537288732674,0.0345812914081414,12.50342837,298.728447786927,20,6.72577541416319e-05,0.00167458661744657,0.000107577570222202,0.00184942194181041,0,86.3333333333333,68,41.6413718329536,"UP095",3,"General","qwen3.5:9b",2230,0.00184942194181041,0.704537288732674,18.8630132169928,7.70975686445416,-6.29288215260518,-0.350214019686164,2.93720303204684
"M3S__UP095","closed_qa","qwen3.5:9b","True","stop",19.35937921,0.803900981,3198,0.131269,2274,18.377162,"True",478,11613,FALSE,FALSE,FALSE,FALSE,FALSE,19.3633843139978,20.8749057580135,0.721737193262441,0.0345743928920675,12.503942121875,297.854743570991,20,6.90015433379157e-05,0.00171520998327868,0.00011036044677215,0.00189457197338874,0,85.0526315789474,68,41.6410667017887,"UP095",3,"Sustainability","qwen3.5:9b",2274,0.00189457197338874,0.721737193262441,19.3633843139978,7.72929567431048,-6.26876233752324,-0.326094204604221,2.96338387617834
"M3S__UP096","closed_qa","qwen3.5:9b","True","stop",7.693750999,0.73503269,3428,0.147512,842,6.763822,"True",514,3173,FALSE,FALSE,FALSE,FALSE,FALSE,7.69695037696511,9.20738293294562,0.282138820912109,0.0306426726211818,12.5033202125,258.925688367005,20,3.0230041942608e-05,0.000662034974070913,4.83540177497263e-05,0.000740619033763247,0,87.1428571428571,68,41.6483394077846,"UP096",3,"Sustainability","qwen3.5:9b",842,0.000740619033763247,0.282138820912109,7.69695037696511,6.73578001424233,-7.20802418935154,-1.26535605643252,2.04082419546957
"M3G__UP096","closed_qa","qwen3.5:9b","True","stop",17.654250005,0.73962828,3363,0.15282,2073,16.714387999,"True",812,8527,FALSE,FALSE,FALSE,FALSE,FALSE,17.6583687600214,19.1698884409852,0.657824938384067,0.03431553294685,12.503633744375,291.473762189148,20,6.30757298210654e-05,0.00156284152805064,0.000100883997894319,0.00172680125576602,2.94117647058824,86.5882352941177,68,41.6398503920611,"UP096",3,"General","qwen3.5:9b",2073,0.00172680125576602,0.657824938384067,17.6583687600214,7.63675211243578,-6.36148456706175,-0.418816434142733,2.87120982171481
"M3G__UP097","closed_qa","qwen3.5:9b","True","stop",14.728858179,0.725736909,3077,0.114305,1720,13.850576,"True",427,7408,FALSE,FALSE,FALSE,FALSE,FALSE,14.7318586520269,16.2424501160276,0.550288789639988,0.033879666288584,12.5038674125,288.725682484303,20,5.46629301214637e-05,0.00130242243082623,8.74317400891515e-05,0.00144451710103685,0,86.7142857142857,68,41.6401168278285,"UP097",3,"General","qwen3.5:9b",1720,0.00144451710103685,0.550288789639988,14.7318586520269,7.4500795698075,-6.53998019940404,-0.597312066485021,2.69001240391467
"M3S__UP097","closed_qa","qwen3.5:9b","True","stop",10.059720971,0.693759449,3142,0.123628,1143,9.199476,"True",0,5014,FALSE,TRUE,FALSE,FALSE,FALSE,10.0632617459632,11.5746326849912,0.373244933116254,0.0322468058619466,12.503232125,273.717415654535,20,3.84490931356475e-05,0.00087982625941585,6.14987204666249e-05,0.000979774073018123,0,78.1,68,41.6555797576904,"UP097",3,"Sustainability","qwen3.5:9b",1143,0.000979774073018123,0.373244933116254,10.0632617459632,7.04141166379481,-6.92818855061418,-0.985520417695156,2.30889134134166
"M3S__UP098","closed_qa","qwen3.5:9b","True","stop",22.052039325,0.729968768,3327,0.123672,2613,21.153404,"True",311,12408,FALSE,FALSE,FALSE,FALSE,FALSE,22.0559816579917,23.567776462005,0.832823788383434,0.0353373933992491,12.50369732375,306.048078287458,20,7.83490074732551e-05,0.00198251047489517,0.000125316625738762,0.00218617610810719,0,82.6818181818182,68,41.6452525745739,"UP098",3,"Sustainability","qwen3.5:9b",2613,0.00218617610810719,0.832823788383434,22.0559816579917,7.86825426552061,-6.12560133066705,-0.182933197748032,3.09358384211033
"M3G__UP098","closed_qa","qwen3.5:9b","True","stop",12.000262608,0.705580579,3262,0.138516,1378,11.108595,"True",797,5529,FALSE,FALSE,FALSE,FALSE,FALSE,12.0042228960083,13.5158602810116,0.446837683951732,0.0330602473435964,12.503618740625,281.195975943652,20,4.51919793549935e-05,0.00105548084438389,7.22834276109805e-05,0.00117295625134987,0,87.0909090909091,68,41.6656542691317,"UP098",3,"General","qwen3.5:9b",1378,0.00117295625134987,0.446837683951732,12.0042228960083,7.2283884515736,-6.74822800638325,-0.805559873464232,2.48525849588359
"M3G__UP099","closed_qa","qwen3.5:9b","True","stop",13.972615656,0.725177136,3229,0.132264,1624,13.073228,"True",431,7183,FALSE,FALSE,FALSE,FALSE,FALSE,13.9764917819994,15.487977746001,0.523350742137764,0.0337907731222621,12.5036793285714,287.936128673555,20,5.20418874781387e-05,0.00123852126859347,8.32411283167959e-05,0.00137380428438841,7.69230769230769,87.2307692307692,68,41.6445532578688,"UP099",3,"General","qwen3.5:9b",1624,0.00137380428438841,0.523350742137764,13.9764917819994,7.39264752072162,-6.59017153754879,-0.647503404629773,2.63737675981997
"M3S__UP099","closed_qa","qwen3.5:9b","True","stop",14.498526266,0.665323986,3294,0.125356,1696,13.663398,"True",172,7870,FALSE,FALSE,FALSE,FALSE,FALSE,14.5026459260262,16.0142220670241,0.544590972320853,0.034006707915101,12.5035891475,289.942022550242,20,5.38694576005303e-05,0.0012895268649542,8.61639145389846e-05,0.00142956023709372,0,86.7142857142857,68,41.6376413617815,"UP099",3,"Sustainability","qwen3.5:9b",1696,0.00142956023709372,0.544590972320853,14.5026459260262,7.43602781635185,-6.55038840851418,-0.607720275595164,2.67433111043648
"M3S__UP100","closed_qa","qwen3.5:9b","True","stop",16.003965825,0.744458502,3193,0.123103,1874,15.091985,"True",248,8349,FALSE,FALSE,FALSE,FALSE,FALSE,16.0080341580324,17.5197615619982,0.598415472293212,0.0341565991166926,12.503055606875,255.588614085705,20,5.73393737267804e-05,0.00142180141521919,9.17096436389127e-05,0.00157085043258489,3.33333333333333,87,68,41.6328086853027,"UP100",3,"Sustainability","qwen3.5:9b",1874,0.00157085043258489,0.598415472293212,16.0080341580324,7.53583046279837,-6.45613812947018,-0.513469996551166,2.77309073108927
"M3G__UP100","closed_qa","qwen3.5:9b","True","stop",10.480261635,0.735014546,3128,0.125166,1193,9.57723,"True",513,5011,FALSE,FALSE,FALSE,FALSE,FALSE,10.4842398210312,12.008961701009,0.388212417060777,0.0323268927594432,12.5034524409091,274.763184527695,20,3.99118361563923e-05,0.000915313232249915,6.38388955280081e-05,0.00101906396393432,5,87,68,41.6404468536377,"UP100",3,"General","qwen3.5:9b",1193,0.00101906396393432,0.388212417060777,10.4842398210312,7.08422642209792,-6.88887075543159,-0.94620262251257,2.34987316015482
