run_id,task_category,model_slug,is_done,done_reason,total_duration_s,load_duration_s,input_token_count,input_token_duration_s,output_token_count,output_token_duration_s,is_thinking,output_char_count,thinking_char_count,generation_limit_reached,final_content_empty,generation_failure,reasoning_limit_failure,truncated_response,latency_s,cc_duration_s,carbon_emissions_grams,emissions_rate_grams_per_s,mean_cpu_power_w,mean_gpu_power_w,mean_ram_power_w,cpu_energy_kwh,gpu_energy_kwh,ram_energy_kwh,total_energy_consumed_kwh,cpu_util_percent,gpu_util_percent,ram_util_percent,avg_ram_used_gb
M1G__UP001,summarization,granite4.1:8b,True,stop,2.75886162,0.278051593,3390,0.356968,265,2.07194,False,1325,0,False,False,False,False,False,2.7636252290103585,4.275773140019737,0.10686489576074845,0.024993116393507996,12.502457637500001,207.67566711042986,20.0,1.309738635485792e-05,0.0002464754749578191,2.0949243322441665e-05,0.00028052210463511867,50.0,94.5,53.5,32.787954330444336
M1S__UP001,summarization,granite4.1:8b,True,stop,1.660952151,0.277850944,3451,0.073154,162,1.26977,False,879,0,False,False,False,False,False,1.6648097630240954,3.1764869680046104,0.06151637631648872,0.019366166754693718,12.501843256250002,155.82931684236559,20.0,9.279440746450354e-06,0.00013735983211038416,1.4842224233305185e-05,0.00016148149709013972,50.0,93.0,53.5,32.78874588012695
M1S__UP002,summarization,granite4.1:8b,True,stop,0.77921272,0.263075358,3192,0.036723,55,0.433062,False,244,0,False,False,False,False,False,0.782421882962808,2.2951865480281413,0.027059937734716353,0.011789864208625787,12.5,86.25411341928788,20.0,6.214057805563143e-06,5.48783772362782e-05,9.940345466667268e-06,7.103278050850861e-05,0,0,0,0
M1G__UP002,summarization,granite4.1:8b,True,stop,1.156879589,0.258717737,3131,0.036853,104,0.816119,False,460,0,False,False,False,False,False,1.160491565009579,2.672206590010319,0.041737737125525774,0.015619202976879343,12.500074925000002,121.37309684739428,20.0,7.527952358355828e-06,8.999257199349131e-05,1.2041720366687515e-05,0.00010956224471853465,0.0,94.0,53.6,32.7965087890625
M1G__UP003,summarization,granite4.1:8b,True,stop,4.812070616,0.29539465,3576,0.088327,554,4.377591,False,2903,0,False,False,False,False,False,4.815842374984641,6.332932510995306,0.18389661704496588,0.029038145713014087,12.5029491425,244.8543384000033,20.0,2.022422082685607e-05,0.0004301589552389018,3.234846075000759e-05,0.00048273163681576545,0.0,94.25,53.525,32.7877082824707
M1S__UP003,summarization,granite4.1:8b,True,stop,4.505241487,0.299082699,3637,0.097649,514,4.062402,False,2727,0,False,False,False,False,False,4.509452329017222,6.021303733985405,0.1730317918849154,0.02873659917009176,12.5031630275,241.90737045517585,20.0,1.9161191335623155e-05,0.00040440310129952195,3.064699988333612e-05,0.0004542112925184812,0.0,94.75,53.5,32.77517318725586
M1S__UP004,summarization,granite4.1:8b,True,stop,1.449299938,0.302832325,3271,0.047058,134,1.053054,False,726,0,False,False,False,False,False,1.4524591640220024,2.9635778210358694,0.05244260797121392,0.017695708072509284,12.501371937500004,140.39620866439304,20.0,8.541052539089607e-06,0.00011545842569926634,1.3663228077995073e-05,0.000137662706316351,0.0,94.0,53.5,32.78285598754883
M1G__UP004,summarization,granite4.1:8b,True,stop,3.508450386,0.286418459,3210,0.048047,399,3.127568,False,2034,0,False,False,False,False,False,3.5119054559618235,5.0225687039783224,0.13340653740948705,0.026561416134301394,12.502681100000002,221.88410579264698,20.0,1.5694750971527533e-05,0.0003093946919596746,2.5104906483385193e-05,0.00035019434941458734,0.0,94.0,53.5,32.78436279296875
M1G__UP005,summarization,granite4.1:8b,True,stop,1.854683007,0.259710155,3122,0.036628,194,1.518148,False,924,0,False,False,False,False,False,1.8584828460006975,3.3702343399636447,0.06998181114774626,0.020764672152886902,12.5020215125,168.75805083857486,20.0,9.952277176264373e-06,0.00015783262626634098,1.5918498966493644e-05,0.000183703402409099,0.0,95.0,53.5,32.78897476196289
M1S__UP005,summarization,granite4.1:8b,True,stop,1.1702964,0.300552353,3183,0.041166,101,0.787812,False,452,0,False,False,False,False,False,1.1741091340081766,2.685860886995215,0.04280360538618166,0.015936642732851232,12.500097256250003,124.35183711491786,20.0,7.5749471933091065e-06,9.266868524626659e-05,1.2116533950191095e-05,0.0001123601663897668,0.0,65.0,53.6,32.790000915527344
M1S__UP006,summarization,granite4.1:8b,True,stop,1.567163299,0.278708068,3216,0.039457,153,1.201596,False,723,0,False,False,False,False,False,1.5703511249739677,3.081737863016315,0.05853582555538059,0.018994420731842335,12.501675800000001,152.47316380385695,20.0,8.950666797899638e-06,0.00013038843764423547,1.4318398000129189e-05,0.0001536575024422643,0.0,92.0,53.6,32.790618896484375
M1G__UP006,summarization,granite4.1:8b,True,stop,4.930269244,0.270160745,3155,0.039652,583,4.574511,False,2724,0,False,False,False,False,False,4.933447303017601,6.4435989480116405,0.19111381686412587,0.02965948352870403,12.50294912,250.42340415431735,20.0,2.0630804640960487e-05,0.0004480459139912796,3.300018611674508e-05,0.0005016769047489851,0.0,94.5,53.6,32.79285717010498
M1G__UP007,summarization,granite4.1:8b,True,stop,1.334003672,0.293909371,3094,0.033249,123,0.964903,False,578,0,False,False,False,False,False,1.3378386049880646,2.8500344359781593,0.04849692206485035,0.017016258278369098,12.500599006250003,134.20292098078312,20.0,8.145396288329062e-06,0.0001061325849063266,1.3027234883176991e-05,0.00012730521607783266,0.0,94.0,53.6,32.79348373413086
M1S__UP007,summarization,granite4.1:8b,True,stop,0.915569743,0.271711759,3155,0.039537,71,0.558837,False,330,0,False,False,False,False,False,0.9193861479870975,2.4309813750442117,0.03272238184579835,0.013460564602311376,12.5,101.57706242122701,20.0,6.690031145909517e-06,6.850533258173641e-05,1.0701425472507252e-05,8.589678920015318e-05,0,0,0,0
M1S__UP008,summarization,granite4.1:8b,True,stop,1.06592515,0.294101077,3222,0.039639,87,0.682903,False,393,0,False,False,False,False,False,1.0696746760513633,2.584423889988102,0.0388830151335635,0.015045138409451288,12.50000703125,116.29949105061148,20.0,7.214847263318636e-06,8.331451109633292e-05,1.1539194294406723e-05,0.00010206855265405829,0.0,0.0,53.5,32.78606414794922
M1G__UP008,summarization,granite4.1:8b,True,stop,1.709752166,0.260824554,3161,0.039752,174,1.364272,False,784,0,False,False,False,False,False,1.7135617429739796,3.2289568440173753,0.06428522817778935,0.01990897719704656,12.501843256250002,161.1022193953275,20.0,9.449110814453368e-06,0.0001441870597940209,1.5113608044339345e-05,0.00016874977865281363,0.0,95.0,53.6,32.79530334472656
M1G__UP009,summarization,granite4.1:8b,True,stop,0.756668444,0.27874566,3145,0.036966,50,0.396077,False,211,0,False,False,False,False,False,0.7604724820121191,2.272408702003304,0.026421081346332465,0.011626905548742284,12.500000112500002,84.711783623901,20.0,6.1393109059655065e-06,5.3397264940358014e-05,9.819196161374242e-06,6.935577200769776e-05,0,0,0,0
M1S__UP009,summarization,granite4.1:8b,True,stop,0.64186757,0.262840143,3206,0.044793,37,0.293043,False,141,0,False,False,False,False,False,0.6453206649748608,2.1566765219904482,0.02230485020896323,0.010342232588676559,12.5,72.93191837891162,20.0,5.738765312546295e-06,4.3632257127335095e-05,9.179575299882951e-06,5.855059773976434e-05,0,0,0,0
M1S__UP010,summarization,granite4.1:8b,True,stop,4.515530845,0.305973939,8504,0.653462,395,3.440847,False,1361,0,False,False,False,False,False,4.520117996027693,6.031943060050253,0.18406433667852684,0.0305149327250104,12.5030204225,258.7163961000285,20.0,1.919796455863802e-05,0.0004332675688356602,3.070637021123224e-05,0.0004831719036055305,0.0,94.75,53.6,32.79410362243652
M1G__UP010,summarization,granite4.1:8b,True,stop,7.205816428,0.274998158,8443,0.641839,614,5.363408,False,1911,0,False,False,False,False,False,7.209743059007451,8.72085884801345,0.27111734012044525,0.031088376138802415,12.5027196734375,263.25283268433566,20.0,2.853690812187916e-05,0.0006375030100018719,4.5647547739079325e-05,0.0007116874658628304,21.428571428571427,86.0,55.8,34.15808541434152
M1G__UP011,summarization,granite4.1:8b,True,stop,2.626840081,0.278158329,3134,0.032293999,189,1.469764,False,789,0,False,False,False,False,False,2.6299931940156966,4.1410122330416925,0.07856642110828096,0.018972757549806048,12.5024576,150.86245822655957,20.0,1.2631734161228335e-05,0.00017340152760869643,2.0204882627715254e-05,0.00020623814439764003,0.0,94.0,58.1,35.54774284362793
M1S__UP011,summarization,granite4.1:8b,True,stop,1.810331628,0.2884277,3195,0.044468,183,1.433451,False,771,0,False,False,False,False,False,1.814007913984824,3.3252971500041895,0.06874924822567015,0.020674617973790263,12.5018432,167.96096349464182,20.0,9.796664638302725e-06,0.0001550004017785156,1.5670838099969034e-05,0.00018046790451678736,0.0,95.0,58.1,35.54547119140625
M1S__UP012,summarization,granite4.1:8b,True,stop,0.425048706,0.262963556,3051,0.020975,12,0.098981,False,47,0,False,False,False,False,False,0.42780734901316464,1.9385315960389562,0.01397615224252276,0.007209659244698686,12.500000112500002,44.15364151426011,20.0,4.9812435760266014e-06,2.373974121372413e-05,7.966644144552345e-06,3.668762893430308e-05,0,0,0,0
M1G__UP012,summarization,granite4.1:8b,True,stop,1.343253574,0.274931719,2990,0.023658,128,1.001041,False,604,0,False,False,False,False,False,1.3463908290141262,2.8570305469911546,0.05028813418714526,0.017601538856525555,12.500599006250003,139.68847303306464,20.0,8.172469023226472e-06,0.00011076008860744224,1.3074619655445632e-05,0.00013200717728611435,0.0,94.0,58.1,35.54975891113281
M1G__UP013,summarization,granite4.1:8b,True,stop,2.255059698,0.306642597,3028,0.026043,240,1.881672,False,1280,0,False,False,False,False,False,2.2587131329928525,3.7701023049885407,0.08473924754318657,0.02247664405049723,12.501413075000002,184.3963442108718,20.0,1.1341663047150334e-05,0.0001929576543657774,1.814259764990614e-05,0.00022244191506283386,0.0,94.0,58.1,35.56029510498047
M1S__UP013,summarization,granite4.1:8b,True,stop,0.959163777,0.283345718,3089,0.033229,76,0.598638,False,398,0,False,False,False,False,False,0.9628379050409421,2.474860047979746,0.03502090990990179,0.014150662757067705,12.500000112500002,107.99005139210676,20.0,6.842106172811834e-06,7.414533709493298e-05,1.0943019811141616e-05,9.193046307888643e-05,0,0,0,0
M1S__UP014,summarization,granite4.1:8b,True,stop,2.213174013,0.27282174,4897,0.229545,205,1.651561,False,898,0,False,False,False,False,False,2.217025078018196,3.7287226039916277,0.08841552625054777,0.02371201498226182,12.501331737500001,196.1347246836851,20.0,1.1197639820215746e-05,0.00020298238460814133,1.791218255562449e-05,0.00023209220698398156,0.0,47.5,58.1,35.56224250793457
M1G__UP014,summarization,granite4.1:8b,True,stop,2.544126153,0.286530788,4836,0.229757,244,1.96785,False,965,0,False,False,False,False,False,2.5480542959994636,4.059258844004944,0.10003528095990785,0.024643730494705553,12.502457637500001,204.5680892101344,20.0,1.2347108815466682e-05,0.00023049712884049,1.9750016077887267e-05,0.00026259425373384394,0.0,95.0,58.1,35.56521224975586
M1G__UP015,summarization,granite4.1:8b,True,stop,4.54964361,0.291492394,3108,0.03397,534,4.186444,False,2771,0,False,False,False,False,False,4.552921928989235,6.064864829008002,0.17667364100308042,0.02913068072977613,12.50295344,245.6252154116408,20.0,1.9310953812506963e-05,0.00041357171974620854,3.088853264440937e-05,0.00046377120620312486,0.0,94.0,58.1,35.56124019622803
M1S__UP015,summarization,granite4.1:8b,True,stop,1.434593359,0.283596647,3169,0.037771,137,1.069196999,False,653,0,False,False,False,False,False,1.4383724039653316,2.949783417978324,0.05461220651889685,0.018513971631288817,12.503093581249999,148.15600212009505,20.0,8.495043565515052e-06,0.00012127787480054053,1.3585019733161768e-05,0.00014335793809921736,0.0,94.0,58.1,35.54956817626953
M1S__UP016,summarization,granite4.1:8b,True,stop,0.801128897,0.284418137,3253,0.044205,54,0.425688,False,248,0,False,False,False,False,False,0.8048805230064318,2.315731446025893,0.028860548519691737,0.012462821873935478,12.500000112500002,92.45911509058934,20.0,6.2919727477660045e-06,5.9404214190372784e-05,1.0063226422385519e-05,7.575941336052431e-05,0,0,0,0
M1G__UP016,summarization,granite4.1:8b,True,stop,1.657739428,0.293836004,3192,0.044345,163,1.27795,False,757,0,False,False,False,False,False,1.6609163359971717,3.1715322450036183,0.06283009316239901,0.01981064302952636,12.501843256250002,160.0044465998712,20.0,9.265958657883993e-06,0.00014084150156179476,1.4822565144277179e-05,0.00016493002536395593,0.0,94.0,58.0,35.542423248291016
M1G__UP017,summarization,granite4.1:8b,True,stop,2.186189294,0.284741664,3503,0.079424,226,1.774485,False,988,0,False,False,False,False,False,2.1899945809855126,3.70411528396653,0.08437524711526749,0.02277878539053319,12.5014300625,187.4900106178169,20.0,1.110310445260858e-05,0.00019262293187605195,1.7760371638966413e-05,0.00022148640796762695,0.0,94.0,58.1,35.54941749572754
M1S__UP017,summarization,granite4.1:8b,True,stop,1.156126705,0.288803137,3564,0.088029,93,0.7308,False,399,0,False,False,False,False,False,1.1600197619991377,2.671693538024556,0.04373192507789634,0.01636861580697299,12.500074925000002,128.4701263478295,20.0,7.525932030286884e-06,9.523340951922421e-05,1.2037679261346865e-05,0.00011479702081085795,0.0,39.0,58.1,35.54978561401367
M1S__UP018,summarization,granite4.1:8b,True,stop,1.310990635,0.284721159,3177,0.033881,121,0.949942,False,482,0,False,False,False,False,False,1.3148011360317469,2.8265836689970456,0.04903193059423007,0.01734671120194649,12.50052138125,137.37647388263542,20.0,8.06416314132155e-06,0.00010774675286473467,1.2898706238936738e-05,0.00012870962224499296,0.0,46.0,58.1,35.551849365234375
M1G__UP018,summarization,granite4.1:8b,True,stop,1.190533031,0.288004487,3116,0.035012,105,0.821099,False,407,0,False,False,False,False,False,1.194397097977344,2.706440894980915,0.04423101270442764,0.016342870367667697,12.500123637500003,128.14853087630863,20.0,7.646143672441333e-06,9.623174365192e-05,1.2229246694348856e-05,0.00011610713401871018,0.0,0.0,58.0,35.54159927368164
M1G__UP019,summarization,granite4.1:8b,True,stop,3.808400071,0.290414471,3303,0.053429,435,3.416953,False,2308,0,False,False,False,False,False,3.8123436819878407,5.32892871403601,0.1485694088238877,0.027879789127703412,12.50285395625,234.4135299975462,20.0,1.6739710697792534e-05,0.00034648305496354226,2.6774369983468208e-05,0.000389997135644803,0.0,94.33333333333333,58.0,35.54307174682617
M1S__UP019,summarization,granite4.1:8b,True,stop,3.277497837,0.302897656,3364,0.060087,365,2.865169,False,1904,0,False,False,False,False,False,3.28146776399808,4.792854250001255,0.12729382337526907,0.026559084991002117,12.50209638125,222.048580576491,20.0,1.4892594673774603e-05,0.0002954335696800925,2.3822210433556597e-05,0.0003341483747874237,0.0,94.0,58.0,35.53556442260742
M1S__UP020,summarization,granite4.1:8b,True,stop,0.951917974,0.306707215,3208,0.037022,72,0.567506,False,369,0,False,False,False,False,False,0.9556916650035419,2.467350407037884,0.03465441578121041,0.014045194262785683,12.500000112500002,107.0100769711596,20.0,6.816446755801307e-06,7.324978082223765e-05,1.0902182400200724e-05,9.096840997823968e-05,0,0,0,0
M1G__UP020,summarization,granite4.1:8b,True,stop,1.714488479,0.286510609,3147,0.039202,172,1.344822,False,852,0,False,False,False,False,False,1.7176478959736414,3.2289137360057794,0.06503815217649639,0.02014242481960812,12.5018432,163.08044359925753,20.0,9.46202398828788e-06,0.00014612789468060328,1.5136297833265012e-05,0.00017072621650215616,0.0,95.0,58.0,35.53425979614258
M1G__UP021,open_qa,granite4.1:8b,True,stop,2.505457818,0.295433786,2942,0.017388,276,2.151208,False,1361,0,False,False,False,False,False,2.5086394930258393,4.0241125879692845,0.09598758507008395,0.02385310623690149,12.502576437500004,197.382427709954,20.0,1.2209462621550823e-05,0.00022022906507146445,1.95304579221152e-05,0.00025196898561513046,0.0,94.0,58.0,35.53816223144531
M1S__UP021,open_qa,granite4.1:8b,True,stop,0.914578435,0.290971466,3003,0.023845,71,0.556016,False,343,0,False,False,False,False,False,0.9181285789818503,2.434583228023257,0.03294568876463271,0.013532373173942687,12.5,102.5105964085285,20.0,6.685983808994126e-06,6.910338861665366e-05,1.0693601100097619e-05,8.64829735257454e-05,0,0,0,0
M1S__UP022,open_qa,granite4.1:8b,True,stop,0.8991968,0.291359264,3003,0.01727,70,0.547806,False,247,0,False,False,False,False,False,0.9029750879853964,2.4143091659643687,0.03241830397246396,0.013427569438694829,12.5000009,101.29806936356711,20.0,6.633502394254102e-06,6.785394317176952e-05,1.0611134227817982e-05,8.50985797938416e-05,0,0,0,0
M1G__UP022,open_qa,granite4.1:8b,True,stop,1.688947355,0.302630477,2942,0.018711,170,1.32557,False,714,0,False,False,False,False,False,1.692720694001764,3.204496970982291,0.06330703407839851,0.01975568541698221,12.5018432,159.46155152193683,20.0,9.37696772576498e-06,0.00014180650233441838,1.4998533033132035e-05,0.0001661820030933154,0.0,95.0,58.1,35.54864501953125
M1G__UP023,open_qa,granite4.1:8b,True,stop,3.582634099,0.287208133,2946,0.017413,415,3.240416,False,2309,0,False,False,False,False,False,3.5865725119947456,5.101498314994387,0.13828127470480941,0.027106012031479332,12.502854153125,227.1621403885573,20.0,1.595522571231205e-05,0.0003215158127680695,2.551957631108558e-05,0.00036299061479146713,0.0,94.0,58.06666666666666,35.54623031616211
M1S__UP023,open_qa,granite4.1:8b,True,stop,1.555249622,0.262983321,3007,0.022886,157,1.226243,False,813,0,False,False,False,False,False,1.559843816969078,3.0716046119923703,0.05927820319349281,0.019298773990003387,12.50202190625,155.36762202258132,20.0,8.915632010686422e-06,0.00013243121705563965,1.4259406855692052e-05,0.00015560625592201812,50.0,94.0,58.0,35.53921890258789
M1S__UP024,open_qa,granite4.1:8b,True,stop,2.124971159,0.27161867,3007,0.017266,229,1.792316,False,1001,0,False,False,False,False,False,2.128405125986319,3.6397956540458836,0.08090967555100079,0.022229180767624715,12.501386150000002,182.22337539494947,20.0,1.0888998587863877e-05,0.00018408264726588186,1.7417579900292265e-05,0.000212389225754038,0.0,47.0,58.0,35.54210662841797
M1G__UP024,open_qa,granite4.1:8b,True,stop,0.993203639,0.298445808,2946,0.018168,81,0.634789,False,407,0,False,False,False,False,False,0.9969578650197946,2.508847857010551,0.03574866166364664,0.014249035294728237,12.500000112500002,108.81932746694469,20.0,6.961033347271417e-06,7.574700504164866e-05,1.113278498329843e-05,9.38408233722185e-05,0,0,0,0
M1G__UP025,open_qa,granite4.1:8b,True,stop,4.139731036,0.28677425,2945,0.015585,487,3.798947,False,2293,0,False,False,False,False,False,4.143596998997964,5.655672764987685,0.1620966814663114,0.028660901753332673,12.502370870000002,241.3872163429126,20.0,1.7889448322883504e-05,0.0003790028032026882,2.8614196738797343e-05,0.00042550644826436907,0.0,70.0,58.0,35.54334259033203
M1S__UP025,open_qa,granite4.1:8b,True,stop,3.488941786,0.287044718,3006,0.023987,401,3.135114,False,1963,0,False,False,False,False,False,3.4928795929881744,5.004648450005334,0.13644737807473933,0.02726412842736115,12.502948653125,228.5640585915603,20.0,1.5629694755926538e-05,0.0003175477540384719,2.4999157255580132e-05,0.0003581766060499786,0.0,94.33333333333333,58.0,35.54477183024088
M1S__UP026,open_qa,granite4.1:8b,True,stop,3.513027451,0.286026029,3005,0.017368,405,3.165201,False,1904,0,False,False,False,False,False,3.517053265008144,5.0288527070079,0.1367157501755688,0.027186270535434483,12.50303778125,227.84049556101647,20.0,1.5712210086742075e-05,0.0003180380322085341,2.5130844922387045e-05,0.00035888108721766324,0.0,94.66666666666667,58.0,35.54245376586914
M1G__UP026,open_qa,granite4.1:8b,True,stop,4.21677857,0.291355206,2944,0.017483,495,3.863836,False,2516,0,False,False,False,False,False,4.220636022044346,5.734229006979149,0.1658062561614045,0.028915178650800514,12.502344905000001,243.83043771264025,20.0,1.8156302706765456e-05,0.00038804725488184033,2.9040585110972944e-05,0.0004352441426995787,0.0,94.25,58.0,35.54408836364746
M1G__UP027,open_qa,granite4.1:8b,True,stop,2.351527849,0.281173895,2942,0.01742,259,2.019683,False,1167,0,False,False,False,False,False,2.3552728749928065,3.8665182889671996,0.09018915971875015,0.02332567777478195,12.501747237500002,192.31532767460044,20.0,1.1677107340288105e-05,0.0002063929428910427,1.867797370553793e-05,0.00023674802393686874,0.0,94.5,58.1,35.547943115234375
M1S__UP027,open_qa,granite4.1:8b,True,stop,0.650641192,0.289315242,3003,0.023775,37,0.292791,False,181,0,False,False,False,False,False,0.6543419709778391,2.1697927799541503,0.022740452927546267,0.01048047220805426,12.5,74.40721865484353,20.0,5.768164152767794e-06,4.4698646870067194e-05,9.227250999861605e-06,5.969406202269659e-05,0,0,0,0
M1S__UP028,open_qa,granite4.1:8b,True,stop,0.840149724,0.268662534,2999,0.017242,65,0.51018,False,320,0,False,False,False,False,False,0.843957053963095,2.3556315560126677,0.030259325931305904,0.012845525801380112,12.500000112500002,95.97632746383705,20.0,6.428604061363464e-06,6.271977239791227e-05,1.0282850555571107e-05,7.943122701484684e-05,0,0,0,0
M1G__UP028,open_qa,granite4.1:8b,True,stop,2.505658174,0.268226047,2938,0.017274,279,2.177742,False,1431,0,False,False,False,False,False,2.5082778899814,4.018178436963353,0.09682999334110548,0.024097982421677256,12.502457637500001,199.43287268365938,20.0,1.2206514595163042e-05,0.00022244934462456456,1.9524461927681437e-05,0.000254180321147409,25.0,94.0,58.0,35.54428482055664
M1G__UP029,open_qa,granite4.1:8b,True,stop,7.036594377,0.263200511,2937,0.017223,858,6.714021,False,3768,0,False,False,False,False,False,7.040530656988267,8.552188328001648,0.27772152359244284,0.03247373805872874,12.503035362500002,276.3912870823993,20.0,2.795080699723327e-05,0.0006563646917578936,4.470805707225938e-05,0.0007290235558273863,7.142857142857143,80.85714285714286,58.1,35.5460444859096
M1S__UP029,open_qa,granite4.1:8b,True,stop,3.810377819,0.288594575,2998,0.02289,442,3.454623,False,1955,0,False,False,False,False,False,3.814234943012707,5.326016552979127,0.14817754951253725,0.027821458690295214,12.5030322125,233.62832997469388,20.0,1.6746188900857086e-05,0.00034543805412834416,2.67842554943248e-05,0.00038896849852352607,0.0,94.33333333333333,58.0,35.53879038492838
M1S__UP030,open_qa,granite4.1:8b,True,stop,2.988156393,0.290206266,3003,0.017345,338,2.643192,False,1519,0,False,False,False,False,False,2.991283288982231,4.505491579999216,0.11612888285360312,0.025774963906074668,12.5024576,215.0477418262938,20.0,1.3885491976155981e-05,0.00026874299277146463,2.221173799447974e-05,0.00030484022274210033,0.0,93.0,58.0,35.54294204711914
M1G__UP030,open_qa,granite4.1:8b,True,stop,5.711312094,0.288911302,2942,0.017478,686,5.360381,False,3194,0,False,False,False,False,False,5.714972154004499,7.228555780020542,0.2258310324275602,0.03124151480600713,12.50313141875,265.20004085144956,20.0,2.3346651151856057e-05,0.0005321207034727493,3.734281056127252e-05,0.0005928101651858779,20.0,94.4,58.0,35.53980331420898
M1G__UP031,open_qa,granite4.1:8b,True,stop,6.813985518,0.291414865,2943,0.017473,826,6.461067,False,3405,0,False,False,False,False,False,6.8178833479760215,8.33297822001623,0.2722035752155922,0.03266582103403865,12.503414439285716,278.3974182404394,20.0,2.717818891471474e-05,0.0006438896817773099,4.347098011672238e-05,0.000714538850808747,0.0,93.83333333333333,58.0,35.5363400777181
M1S__UP031,open_qa,granite4.1:8b,True,stop,3.533499174,0.271202079,3004,0.023998,409,3.195309,False,1616,0,False,False,False,False,False,3.537331778963562,5.049335174029693,0.13893285465132077,0.027515078691130627,12.502943084375001,230.91531952540743,20.0,1.578402199833816e-05,0.00032367137004829516,2.524563079447641e-05,0.00036470102284110974,0.0,94.66666666666667,58.0,35.540671030680336
M1S__UP032,open_qa,granite4.1:8b,True,stop,3.375355665,0.279862581,3000,0.017329,388,3.033615,False,1632,0,False,False,False,False,False,3.379402983991895,4.890976082999259,0.13297104122566908,0.02718701522337606,12.502337553125,227.913916242763,20.0,1.5234558134016418e-05,0.0003094483031143014,2.436830353884337e-05,0.0003490511647871612,0.0,94.33333333333333,58.0,35.539676666259766
M1G__UP032,open_qa,granite4.1:8b,True,stop,3.770188646,0.260231424,2939,0.017384,442,3.450561,False,1896,0,False,False,False,False,False,3.7740727749769576,5.286018521990627,0.14929022937845435,0.02824247186372592,12.5030322125,237.63749818924447,20.0,1.660672734983916e-05,0.00034872194564350423,2.656062843323323e-05,0.0003918893014265766,0.0,94.0,58.1,35.55121103922526
M1G__UP033,open_qa,granite4.1:8b,True,stop,4.886407908,0.28919241,2937,0.059626,577,4.500058,False,3127,0,False,False,False,False,False,4.88994648802327,6.401413203973789,0.19295216465200568,0.030142119951298764,12.50288216,255.0186966634782,20.0,2.0481055983606977e-05,0.0004532609181637781,3.276062370536642e-05,0.0005065025978527515,0.0,94.5,58.1,35.56532859802246
M1S__UP033,open_qa,granite4.1:8b,True,stop,1.23712331,0.238392242,2998,0.022767,119,0.932375,False,688,0,False,False,False,False,False,1.2409896969911642,2.7528869620291516,0.047865685382947554,0.01738745035417865,12.500230456250002,137.92727818068565,20.0,7.807088571547271e-06,0.0001053525842822367,1.2488536577762311e-05,0.00012564820943154628,0.0,94.0,58.1,35.557456970214844
M1S__UP034,open_qa,granite4.1:8b,True,stop,2.721138644,0.291144988,3010,0.017324,303,2.369789,False,1660,0,False,False,False,False,False,2.7250041109509766,4.240034285990987,0.1048792303072971,0.02473546750643422,12.5025767375,205.4320671723272,20.0,1.2964005020101283e-05,0.00024161158217772538,2.0734113044454716e-05,0.00027530970024228137,0.0,94.0,58.1,35.559823989868164
M1G__UP034,open_qa,granite4.1:8b,True,stop,3.432059229,0.278842818,2949,0.017578,396,3.094944,False,2244,0,False,False,False,False,False,3.435781715961639,4.9471151230391115,0.134483815969876,0.027184290768487294,12.502618296875003,227.8397962075085,20.0,1.5429749664442967e-05,0.00031291163921753906,2.4680834427838113e-05,0.00035302222330982016,0.0,94.0,58.1,35.553643544514976
M1G__UP035,open_qa,granite4.1:8b,True,stop,0.943392966,0.296814493,2941,0.017311,75,0.58675,False,377,0,False,False,False,False,False,0.9471819930477068,2.4635342059773393,0.03475188856403592,0.014106517571266708,12.5,107.88276386298737,20.0,6.785530236205281e-06,7.358478109065203e-05,1.0853966305472165e-05,9.122427763232947e-05,0,0,0,0
M1S__UP035,open_qa,granite4.1:8b,True,stop,0.966246915,0.305048597,3002,0.023797,76,0.597625,False,375,0,False,False,False,False,False,0.9700377630069852,2.481980275013484,0.03464513174642151,0.013958665221960029,12.5,106.15800010430505,20.0,6.866825680642959e-06,7.309505847619135e-05,1.0982155077767352e-05,9.094403923460167e-05,0,0,0,0
M1S__UP036,open_qa,granite4.1:8b,True,stop,0.482578559,0.304841591,2999,0.017352,14,0.115459,False,59,0,False,False,False,False,False,0.48620362795190886,2.0006933719851077,0.015075686787079011,0.007535231034489191,12.5,47.06766880436069,20.0,5.187235972294326e-06,2.6088909758748002e-05,8.29777942207228e-06,3.957392515311461e-05,0,0,0,0
M1G__UP036,open_qa,granite4.1:8b,True,stop,0.737644106,0.307688547,2938,0.01731,47,0.370868,False,201,0,False,False,False,False,False,0.7413746159872971,2.254823441966437,0.025455050587484977,0.011289154668928564,12.5,81.65093731794185,20.0,6.072125045142861e-06,5.1033929715949e-05,9.713870655590047e-06,6.681992541668191e-05,0,0,0,0
M1G__UP037,open_qa,granite4.1:8b,True,stop,3.634256889,0.293076952,2937,0.017106,421,3.286837,False,1964,0,False,False,False,False,False,3.6377476220368408,5.15056676696986,0.14165644308399641,0.02750307868882061,12.50285395625,230.83460614717117,20.0,1.612914967221034e-05,0.00032992331949444065,2.5798017994384282e-05,0.00037185048716103527,0.0,94.0,58.1,35.5550651550293
M1S__UP037,open_qa,granite4.1:8b,True,stop,1.159704317,0.300786996,2998,0.022689,101,0.792216,False,463,0,False,False,False,False,False,1.163246717012953,2.676267475995701,0.04253519317922482,0.015893476104588414,12.500097256250003,124.04922645091,20.0,7.536818532054604e-06,9.206229587199743e-05,1.2056465538787759e-05,0.00011165557994283979,0.0,0.0,58.1,35.548797607421875
M1S__UP038,open_qa,granite4.1:8b,True,stop,1.28321379,0.290264759,2998,0.017206,119,0.933047,False,624,0,False,False,False,False,False,1.2869902269449085,2.8027948480448686,0.0474595448963382,0.01693293568362462,12.500328106250002,133.7476243197801,20.0,7.967506799910134e-06,0.00010387008309642454,1.2744494094578032e-05,0.0001245820839909127,0.0,93.0,58.1,35.54869079589844
M1G__UP038,open_qa,granite4.1:8b,True,stop,2.315898677,0.298790731,2937,0.017326,251,1.957933,False,1188,0,False,False,False,False,False,2.31975224200869,3.8347900730441324,0.0884742382927063,0.02307146847870963,12.501821225,190.13266376396103,20.0,1.1554559762322718e-05,0.0002022096062122003,1.8482161083375104e-05,0.00023224632705789812,0.0,94.5,58.1,35.546669006347656
M1G__UP039,open_qa,granite4.1:8b,True,stop,1.391357818,0.292428296,2941,0.017299,133,1.036272999,False,633,0,False,False,False,False,False,1.3950360639719293,2.9070274070254527,0.05171710114524712,0.01779037274305075,12.500989100000002,141.40549752967817,20.0,8.344219601683714e-06,0.0001140687023655218,1.33453170280619e-05,0.0001357582389952674,0.0,94.0,58.1,35.554012298583984
M1S__UP039,open_qa,granite4.1:8b,True,stop,1.208190154,0.271085773,3002,0.023699,111,0.869143,False,488,0,False,False,False,False,False,1.2119232999975793,2.7238011169829406,0.04514526554161206,0.016574361931247717,12.500154349999999,130.29580431358866,20.0,7.705771819804134e-06,9.847396766815564e-05,1.2327323227913845e-05,0.00011850706271587361,0.0,0.0,58.1,35.55949401855469
M1S__UP040,open_qa,granite4.1:8b,True,stop,0.832853301,0.305757462,3004,0.017286,60,0.471168,False,289,0,False,False,False,False,False,0.8366381900268607,2.3501864700228907,0.02950001222526294,0.012552200687707819,12.500000112500002,93.30735171153083,20.0,6.4020347104580904e-06,6.079449307971885e-05,1.0241488288738765e-05,7.74380160789157e-05,0,0,0,0
M1G__UP040,open_qa,granite4.1:8b,True,stop,0.963481803,0.292340214,2943,0.017311,78,0.611282,False,351,0,False,False,False,False,False,0.9672040540026501,2.479234730009921,0.034534152618669385,0.013929359814401757,12.500000112500002,105.88060615759284,20.0,6.857325235484841e-06,7.282783604001253e-05,1.0967555927992282e-05,9.065271720348964e-05,0,0,0,0
M1G__UP041,classification,granite4.1:8b,True,stop,1.287534742,0.282498993,2952,0.017363,122,0.950782,False,572,0,False,False,False,False,False,1.2913357089855708,2.8040942319785245,0.04799075718899633,0.017114530831988058,12.500450056250001,135.27802467262296,20.0,7.983658055264744e-06,0.00010522425084680265,1.2768616072329072e-05,0.00012597652497439645,0.0,34.0,58.1,35.55311584472656
M1S__UP041,classification,granite4.1:8b,True,stop,1.028683635,0.280603728,3013,0.024022,87,0.683089,False,397,0,False,False,False,False,False,1.0324690979905427,2.5439413319691084,0.03770296527587991,0.014820689770662423,12.500001575000002,114.1374171612833,20.0,7.081837690845352e-06,8.055978667087516e-05,1.132927805560434e-05,9.897090241732485e-05,0.0,0.0,58.1,35.55927276611328
M1S__UP042,classification,granite4.1:8b,True,stop,1.574687486,0.288519437,3047,0.019932,156,1.222898,False,623,0,False,False,False,False,False,1.5785071880090982,3.0899394750013016,0.059476238546884164,0.019248350664492906,12.50221085,154.8583639525307,20.0,8.979048235038917e-06,0.0001327848284500277,1.4362225288641638e-05,0.00015612610197370826,0.0,95.0,58.1,35.56342697143555
M1G__UP042,classification,granite4.1:8b,True,stop,2.426638714,0.29968363,2986,0.022183,264,2.061775,False,1011,0,False,False,False,False,False,2.4297525790170766,3.9408434460056014,0.0924273080279449,0.02345368682981514,12.501966950000002,193.4448779673476,20.0,1.1935359436923776e-05,0.00021159516927582445,1.9092671255606952e-05,0.00024262319996835516,0.0,94.5,58.1,35.558732986450195
M1G__UP043,classification,granite4.1:8b,True,stop,1.318938459,0.310600091,2948,0.017451,122,0.95029,False,591,0,False,False,False,False,False,1.3226890779915266,2.8342258709599264,0.04797935003816003,0.016928555528959964,12.500725400000002,133.39723790086015,20.0,8.091231748757718e-06,0.00010491202837314972,1.2943320894393968e-05,0.0001259465810163014,0.0,94.0,58.1,35.559017181396484
M1S__UP043,classification,granite4.1:8b,True,stop,0.786695644,0.308988451,3009,0.023965,53,0.417222,False,223,0,False,False,False,False,False,0.7905261609703302,2.302223563019652,0.02713600222562572,0.011786866689016719,12.5000009,86.11973773745325,20.0,6.243535776110056e-06,5.50025440020363e-05,9.986371266940196e-06,7.123245104508655e-05,0,0,0,0
M1S__UP044,classification,granite4.1:8b,True,stop,2.260192651,0.270291873,3020,0.017608,247,1.930105,False,1072,0,False,False,False,False,False,2.2639920989749953,3.775656087032985,0.08621073547349604,0.022833312538601158,12.5015319125,187.76975947728792,20.0,1.1360188971225293e-05,0.0001967721018614199,1.8172304189000796e-05,0.000226304595021646,0.0,89.0,58.1,35.55710792541504
M1G__UP044,classification,granite4.1:8b,True,stop,3.368249769,0.265953684,2959,0.019619,390,3.040655,False,1680,0,False,False,False,False,False,3.3720865059876814,4.883851939986926,0.13074235813099375,0.026770336148098654,12.502762409375,223.97638842608154,20.0,1.5210341997255644e-05,0.00030366274292958906,2.4327750172233207e-05,0.0003432008350990779,0.0,95.0,58.1,35.5549570719401
M1G__UP045,classification,granite4.1:8b,True,stop,0.933520519,0.282883125,2955,0.017627,76,0.593998,False,319,0,False,False,False,False,False,0.9370168650057167,2.4483084779931232,0.03428059156193371,0.014001745233522813,12.500000112500002,106.64616989747266,20.0,6.750762713558281e-06,7.243866906136986e-05,1.0797683494618266e-05,8.998711526954641e-05,0,0,0,0
M1S__UP045,classification,granite4.1:8b,True,stop,1.566458161,0.309347387,3016,0.02418,152,1.188475,False,685,0,False,False,False,False,False,1.5703157829702832,3.085244068992324,0.058316089315391395,0.01890161297172126,12.5018432,151.7820848228095,20.0,8.951874524793129e-06,0.00012981093718256176,1.4317879499867559e-05,0.00015308069120722244,0.0,95.0,58.1,35.55561828613281
M1S__UP046,classification,granite4.1:8b,True,stop,2.859279008,0.288266876,3044,0.019805,320,2.506754,False,1460,0,False,False,False,False,False,2.8630679229972884,4.374845376005396,0.11032878907400395,0.025218900233393723,12.502576475000001,209.71897542180832,20.0,1.3442082056437702e-05,0.0002546735370723141,2.149926228351736e-05,0.0002896148814122692,50.0,94.0,58.1,35.55556869506836
M1G__UP046,classification,granite4.1:8b,True,stop,4.443657664,0.26483146,2983,0.020105,527,4.121383,False,2251,0,False,False,False,False,False,4.447542348003481,5.959317329979967,0.17495277280990734,0.029357854788124776,12.502961967500003,247.8159687450598,20.0,1.8945292226052065e-05,0.00041000616133679557,3.0302445400027663e-05,0.0004592538989628753,0.0,94.25,58.1,35.55676746368408
M1G__UP047,classification,granite4.1:8b,True,stop,4.340569938,0.290226892,2943,0.017476,511,3.990083,False,2315,0,False,False,False,False,False,4.344443070003763,5.856175122025888,0.17109640649671637,0.029216408821723758,12.5025940475,246.52363878537582,20.0,1.8587248315635906e-05,0.0004008133762063437,2.9730249599864084e-05,0.0004491308741218437,12.5,94.25,58.1,35.55647277832031
M1S__UP047,classification,granite4.1:8b,True,stop,1.479508928,0.283543243,3004,0.024,144,1.128077,False,739,0,False,False,False,False,False,1.4832858829759061,2.99845437402837,0.055692843585963915,0.018573850603950188,12.50167619375,148.83936508426936,20.0,8.648826116709558e-06,0.00012371121007959118,1.3834591933280334e-05,0.00014619462812958108,0.0,94.0,58.1,35.556331634521484
M1S__UP048,classification,granite4.1:8b,True,stop,0.998389242,0.260110473,3020,0.017704,86,0.676241,False,451,0,False,False,False,False,False,1.0011085869628005,2.5118480329983868,0.0369197784812471,0.014698253236751767,12.500000112500002,113.0494359308301,20.0,6.972656514031151e-06,7.878811858486046e-05,1.115424913328348e-05,9.69150242321751e-05,0.0,0,58.1,35.5560302734375
M1G__UP048,classification,granite4.1:8b,True,stop,1.844179632,0.308443302,2959,0.018785,190,1.479861,False,900,0,False,False,False,False,False,1.8473082979908213,3.3572576789883897,0.07038739449752557,0.02096574085988381,12.5020215125,170.62820334069102,20.0,9.911652899341693e-06,0.0001590015160903846,1.585489636668677e-05,0.00018476806535641307,0.0,94.0,58.1,35.550445556640625
M1G__UP049,classification,granite4.1:8b,True,stop,0.778711152,0.26398686,2948,0.017359,58,0.456285,False,243,0,False,False,False,False,False,0.7819555279565975,2.2925170760136098,0.028088620735599264,0.012252306004386121,12.500000112500002,90.52538542890169,20.0,6.213214059380495e-06,5.758032384228784e-05,9.939552361093877e-06,7.373309026276221e-05,0,0,0,0
M1S__UP049,classification,granite4.1:8b,True,stop,0.467705247,0.29247146,3009,0.023946,13,0.107061,False,38,0,False,False,False,False,False,0.4715390960336663,1.9834966270136647,0.015075040331828621,0.007600234921763125,12.500000112500002,47.66823668129,20.0,5.135698303131961e-06,2.6222243199924833e-05,8.21428669441957e-06,3.9572228197476364e-05,0,0,0,0
M1S__UP050,classification,granite4.1:8b,True,stop,1.156207102,0.276460448,3003,0.017225,105,0.823316,False,475,0,False,False,False,False,False,1.1599702829844318,2.673374511010479,0.04322628785121418,0.016169185302389807,12.500074925000002,126.65150436528837,20.0,7.5273001010237866e-06,9.39034084552759e-05,1.2039006238855008e-05,0.00011346971479515469,0.0,94.0,58.1,35.545108795166016
M1G__UP050,classification,granite4.1:8b,True,stop,0.912709887,0.289447524,2942,0.017441,72,0.563265,False,284,0,False,False,False,False,False,0.9165756170405075,2.428476130007766,0.033194397195163455,0.013668817570406713,12.5,103.562041000473,20.0,6.681068798772888e-06,6.976894470422934e-05,1.0685823733284552e-05,8.713583723628678e-05,0,0,0,0
M1G__UP051,classification,granite4.1:8b,True,stop,0.796651016,0.281901616,2947,0.017286,58,0.455568,False,269,0,False,False,False,False,False,0.8003617160138674,2.3119720979593694,0.028496805326667745,0.012325756591881044,12.5,91.18574681946703,20.0,6.2776270208107435e-06,5.84864356794057e-05,1.0040518810920832e-05,7.480458151113727e-05,0,0,0,0
M1S__UP051,classification,granite4.1:8b,True,stop,0.462321778,0.293475983,3008,0.024051,12,0.099463,False,36,0,False,False,False,False,False,0.466108309046831,1.9782295559998602,0.014613645220015984,0.00738723429527863,12.5,45.6769761564602,20.0,5.1176474618033456e-06,2.5058908936337332e-05,8.184502061016652e-06,3.836105845915733e-05,0,0,0,0
M1S__UP052,classification,granite4.1:8b,True,stop,1.088467777,0.284183297,3035,0.020384,94,0.741066,False,362,0,False,False,False,False,False,1.0915604920010082,2.60314569901675,0.03917454568109553,0.0150489254965223,12.500012206250004,116.14656151997332,20.0,7.28824399899322e-06,8.388645599755051e-05,1.1659125127739065e-05,0.00010283382512428279,0.0,94.0,58.1,35.55001449584961
M1G__UP052,classification,granite4.1:8b,True,stop,1.428814485,0.28530904,2974,0.01975,139,1.086733,False,611,0,False,False,False,False,False,1.4323477920261212,2.9473117380402982,0.053427195557127646,0.018127432828891052,12.50123485625,144.7061061579274,20.0,8.471394463968392e-06,0.00011822453902432528,1.3551331394571914e-05,0.0001402472648828656,0.0,93.0,58.1,35.5450553894043
M1G__UP053,classification,granite4.1:8b,True,stop,1.386708636,0.291885961,2958,0.017645,133,1.036189,False,563,0,False,False,False,False,False,1.3902082219719887,2.9040531319915317,0.05204322093334027,0.0179208914465178,12.5008789625,142.81564253063058,20.0,8.323544946876142e-06,0.00011497675864813317,1.3314005194438829e-05,0.00013661430878944813,0.0,95.0,58.1,35.5495719909668
M1S__UP053,classification,granite4.1:8b,True,stop,0.899795983,0.280008668,3019,0.025773,70,0.551286,False,321,0,False,False,False,False,False,0.9029512769775465,2.4138771230354905,0.0325610323278803,0.013489101005661077,12.500000112500002,101.89716764504598,20.0,6.632109733361746e-06,6.823199902949995e-05,1.0609135305599517e-05,8.547324406846121e-05,0,0,0,0
M1S__UP054,classification,granite4.1:8b,True,stop,2.752102153,0.278896745,3049,0.020069,308,2.411437,False,1222,0,False,False,False,False,False,2.7554160470026545,4.26656155299861,0.10557147519078365,0.024743924089548473,12.5024576,205.3097153769198,20.0,1.3067397531678273e-05,0.00024315741674829638,2.090204013867252e-05,0.0002771268544186472,0.0,95.0,58.1,35.54841995239258
M1G__UP054,classification,granite4.1:8b,True,stop,1.841872196,0.297641991,2988,0.022451,189,1.478418,False,768,0,False,False,False,False,False,1.8458466510055587,3.3578476600232534,0.06950443049004697,0.020699101784017692,12.501843256250002,168.14752084456416,20.0,9.909516453015161e-06,0.0001566909586863119,1.584979521123589e-05,0.00018245027035056294,0.0,95.0,58.1,35.54965591430664
M1G__UP055,classification,granite4.1:8b,True,stop,1.451182414,0.288215421,2947,0.017571,141,1.102096,False,571,0,False,False,False,False,False,1.4549765609554015,2.967195302946493,0.05391180965084965,0.0181692824861626,12.50167574375,144.87853825734342,20.0,8.552903537985017e-06,0.00011928815098638523,1.3678330305265263e-05,0.00014151938482963552,0.0,94.0,58.1,35.55622100830078
M1S__UP055,classification,granite4.1:8b,True,stop,1.380353188,0.292352357,3008,0.024069,130,1.019988,False,562,0,False,False,False,False,False,1.3841627329820767,2.896448046027217,0.05181705840782648,0.017889862888754045,12.500777656250001,142.37599420592292,20.0,8.306507139160208e-06,0.00011442953598805872,1.3284585322253407e-05,0.00013602062844947233,0.0,94.0,58.1,35.55360794067383
M1S__UP056,classification,granite4.1:8b,True,stop,1.693404163,0.291365595,3069,0.023859,170,1.337649,False,741,0,False,False,False,False,False,1.6970166059909388,3.2082105689914897,0.06393577987001195,0.01992879784387418,12.50202145625,161.08101241190224,20.0,9.391026032077771e-06,0.00014341955917984706,1.5021885899801014e-05,0.00016783247111172583,0.0,95.0,58.1,35.5540771484375
M1G__UP056,classification,granite4.1:8b,True,stop,3.068015506,0.285316871,3008,0.024131,348,2.72192,False,1589,0,False,False,False,False,False,3.0718276639818214,4.5834787510102615,0.11848739749543766,0.02585097563053421,12.502027559375001,215.5104882112224,20.0,1.4166402735073956e-05,0.0002742054971420771,2.26594624943876e-05,0.00031103136237153867,0.0,62.666666666666664,58.1,35.56512451171875
M1G__UP057,classification,granite4.1:8b,True,stop,1.020902481,0.248584956,2958,0.016282,92,0.719352,False,451,0,False,False,False,False,False,1.0241269450052641,2.5344004610087723,0.03868756521533072,0.015264977185149277,12.50000050625,118.32973981976659,20.0,7.052750969659824e-06,8.321978879788361e-05,1.128295364453354e-05,0.00010155549341207697,50.0,61.0,58.1,35.56072998046875
M1S__UP057,classification,granite4.1:8b,True,stop,1.51493468,0.291048241,3019,0.025857,148,1.156395,False,603,0,False,False,False,False,False,1.5188530369778164,3.0296901270048693,0.05650356630022621,0.0186499489821044,12.50202145625,149.27649485652844,20.0,8.773257158610316e-06,0.00012551760041379367,1.40319309831183e-05,0.00014832278855552228,0.0,95.0,58.1,35.55967330932617
M1S__UP058,classification,granite4.1:8b,True,stop,0.993348483,0.300902337,3049,0.020101,80,0.631725,False,321,0,False,False,False,False,False,0.9969940320006572,2.5086345209856518,0.03589188672120387,0.014307339877911678,12.500000112500002,109.37216761306605,20.0,6.960480888857548e-06,7.612367200948711e-05,1.1132638599762383e-05,9.421679149810704e-05,0,0,0,0
M1G__UP058,classification,granite4.1:8b,True,stop,3.010426219,0.290805142,2988,0.022373,340,2.653773,False,1560,0,False,False,False,False,False,3.014242724981159,4.525740544020664,0.11723319050214878,0.02590364811280121,12.501843228125,216.05168650985104,20.0,1.396608442314768e-05,0.0002714338282583384,2.23391357557072e-05,0.0003077390484371933,0.0,62.666666666666664,58.1,35.552459716796875
M1G__UP059,classification,granite4.1:8b,True,stop,2.028521113,0.287507711,2971,0.019358,215,1.679233,False,893,0,False,False,False,False,False,2.0323284920305014,3.5437788410345092,0.07683350656725453,0.021681236333818476,12.5012291375,177.166164308058,20.0,1.0555005712838029e-05,0.0001742509727336028,1.6883236850197943e-05,0.00020168921529663877,0.0,47.5,58.1,35.55989646911621
M1S__UP059,classification,granite4.1:8b,True,stop,1.484569046,0.286257276,3032,0.026321,144,1.12768,False,563,0,False,False,False,False,False,1.4883684430387802,3.0002510719932616,0.05630597284476156,0.018767086984941513,12.5018432,150.47230293786308,20.0,8.667447562662267e-06,0.00012527426688624388,1.3862388044233538e-05,0.00014780410249313968,0.0,95.0,58.1,35.56199645996094
M1S__UP060,classification,granite4.1:8b,True,stop,1.081046598,0.260707847,3031,0.019317,97,0.762314,False,394,0,False,False,False,False,False,1.0829696140135638,2.5927085540024564,0.04021078636046695,0.015509181044815905,12.500012206250004,120.5198271867869,20.0,7.251508490872695e-06,8.670173602887132e-05,1.1600729388818662e-05,0.00010555397390856268,0.0,95.0,58.1,35.561744689941406
M1G__UP060,classification,granite4.1:8b,True,stop,1.932090345,0.299075794,2970,0.01969,202,1.574293,False,862,0,False,False,False,False,False,1.9357597599737346,3.446985533053521,0.07287958319991623,0.021142990738158295,12.50202145625,172.20324990494487,20.0,1.021998376111439e-05,0.00016474207623762283,1.6348041589177835e-05,0.00019131010158791504,0.0,93.0,58.1,35.55951690673828
M1G__UP061,information_extraction,granite4.1:8b,True,stop,1.486022032,0.277863168,3195,0.044328,143,1.118977,False,572,0,False,False,False,False,False,1.4898140449658968,3.0018546750070527,0.05652628451839103,0.018830453382377085,12.501843256250002,151.0654696474661,20.0,8.673436491663299e-06,0.0001258376006703088,1.3871387088955898e-05,0.000148382424250928,0.0,95.0,58.1,35.569541931152344
M1S__UP061,information_extraction,granite4.1:8b,True,stop,1.41436065,0.277134339,3256,0.04974,133,1.040624,False,568,0,False,False,False,False,False,1.4182846480398439,2.9299564299872145,0.05358533624166421,0.018288782622579148,12.500989100000002,146.07887620309975,20.0,8.42307613940069e-06,0.00011876676167954514,1.3472548955340041e-05,0.0001406623867742859,100.0,67.0,58.1,35.572998046875
M1S__UP062,information_extraction,granite4.1:8b,True,stop,3.714448386,0.271036955,3834,0.114025,414,3.277813,False,1884,0,False,False,False,False,False,3.7183603920275345,5.230152058007661,0.14628962928019035,0.027970435210619274,12.503037753125,235.09203925575238,20.0,1.6413376612285144e-05,0.00034134666196639074,2.6252638361054574e-05,0.0003840126769397305,0.0,94.33333333333333,58.1,35.570318857828774
M1G__UP062,information_extraction,granite4.1:8b,True,stop,3.629294354,0.275956127,3773,0.114245,403,3.187835,False,1787,0,False,False,False,False,False,3.63329575402895,5.14538021502085,0.14444264631591405,0.028072297921588822,12.50285395625,236.11830180117855,20.0,1.6118037038342717e-05,0.00033726610314577243,2.5780176172136433e-05,0.0003791643163562516,0.0,94.66666666666667,58.1,35.566595713297524
M1G__UP063,information_extraction,granite4.1:8b,True,stop,0.825124272,0.294044339,4691,0.213847,32,0.253706,False,127,0,False,False,False,False,False,0.8292127909953706,2.341598382976372,0.031938368041023034,0.013639558462808057,12.5,103.54130952962048,20.0,6.379112138852684e-06,6.725783158323395e-05,1.0201796377724451e-05,8.383874009981109e-05,0,0,0,0
M1S__UP063,information_extraction,granite4.1:8b,True,stop,0.865607139,0.278850511,4752,0.22608,38,0.302127,False,107,0,False,False,False,False,False,0.8696911950246431,2.3808716309722513,0.034416139171162666,0.01445526870220572,12.5000072,111.11813524488151,20.0,6.518163671055436e-06,7.33992253856286e-05,1.042554091093027e-05,9.03429299676143e-05,0,0,0,0
M1S__UP064,information_extraction,granite4.1:8b,True,stop,0.889057659,0.279288373,3357,0.054514,65,0.509973,False,248,0,False,False,False,False,False,0.8929031849838793,2.4047480070148595,0.03263587255835298,0.013571431377903754,12.5,102.70535346533848,20.0,6.598934677135226e-06,6.851588814615894e-05,1.0554878078013038e-05,8.56697009013072e-05,0,0,0,0
M1G__UP064,information_extraction,granite4.1:8b,True,stop,1.519129442,0.290848105,3296,0.05369,144,1.128877,False,604,0,False,False,False,False,False,1.5218188049620949,3.03191107197199,0.057632630199983326,0.019008680938157725,12.50241216875,152.69384242409913,20.0,8.778741143765452e-06,0.00012846621388362678,1.4041644788812846e-05,0.00015128659981620507,0.0,94.0,58.1,35.55717849731445
M1G__UP065,information_extraction,granite4.1:8b,True,stop,1.242725258,0.292474119,3431,0.065619,107,0.837406,False,444,0,False,False,False,False,False,1.2458935749600641,2.756050238967873,0.04673057035197523,0.016955630812258194,12.5044217,133.7949110703257,20.0,7.825231611510084e-06,0.0001023281374186169,1.2515144822019566e-05,0.00012266851385214655,0.0,94.0,58.1,35.561729431152344
M1S__UP065,information_extraction,granite4.1:8b,True,stop,1.349301845,0.283210646,3492,0.077486,120,0.940688,False,512,0,False,False,False,False,False,1.3525695339776576,2.8648914439836517,0.0516290605826173,0.01802129734829559,12.500777656250001,143.75087683017557,20.0,8.193074669510823e-06,0.00011422842471553452,1.310563168889429e-05,0.00013552713107393963,0.0,94.0,58.1,35.56070327758789
M1S__UP066,information_extraction,granite4.1:8b,True,stop,0.459194067,0.291654408,3134,0.030687,11,0.092076,False,42,0,False,False,False,False,False,0.46318169101141393,1.9758904140326194,0.015000173142054804,0.007591601758642455,12.5000009,47.67202511806184,20.0,5.106097402354465e-06,2.6103909771535427e-05,8.165693422132689e-06,3.9375700596022583e-05,0,0,0,0
M1G__UP066,information_extraction,granite4.1:8b,True,stop,0.463772328,0.296201771,3073,0.030755,11,0.092333,False,42,0,False,False,False,False,False,0.46752755099441856,1.9793865770334378,0.014843359560860496,0.0074989694954416914,12.5,46.72910835023443,20.0,5.1208201459505496e-06,2.5651687187711047e-05,8.191555038987038e-06,3.896406237264863e-05,0,0,0,0
M1G__UP067,information_extraction,granite4.1:8b,True,stop,1.990897049,0.294140243,3087,0.030925,207,1.621262,False,974,0,False,False,False,False,False,1.9948481740429997,3.5066157469991595,0.07510594402940278,0.021418355887346897,12.5018432,174.7339029124253,20.0,1.042607720625518e-05,0.00017005124715208098,1.667701093344173e-05,0.00019715433529177788,0.0,94.0,58.1,35.558223724365234
M1S__UP067,information_extraction,granite4.1:8b,True,stop,0.671369895,0.278561523,3148,0.039485,39,0.30925,False,179,0,False,False,False,False,False,0.6748247919604182,2.1863754089572467,0.023947683471412903,0.010953143441562183,12.5,78.62284661216087,20.0,5.839664093703808e-06,4.7681982590752625e-05,9.341415322139963e-06,6.28630620065964e-05,0,0,0,0
M1S__UP068,information_extraction,granite4.1:8b,True,stop,1.005276437,0.287941066,3500,0.065974,77,0.601799,False,341,0,False,False,False,False,False,1.009230181982275,2.5207922770059668,0.03738042696500623,0.014828840641087757,12.500000112500002,114.27235138963277,20.0,7.001692250678774e-06,7.99217306033384e-05,1.1200811205587039e-05,9.812423405960422e-05,0.0,0.0,58.1,35.55665969848633
M1G__UP068,information_extraction,granite4.1:8b,True,stop,1.08382874,0.276141328,3439,0.073115,88,0.686484,False,374,0,False,False,False,False,False,1.0874713090015575,2.598981001006905,0.04077004416414617,0.01568693428245567,12.500012150000002,122.18707673152798,20.0,7.27454154652671e-06,8.811145937759335e-05,1.1636033894481241e-05,0.0001070220348186013,0.0,0.0,58.1,35.56779861450195
M1G__UP069,information_extraction,granite4.1:8b,True,stop,0.97807147,0.301904023,3071,0.030347,76,0.600767,False,402,0,False,False,False,False,False,0.9815693409764208,2.4960946799837984,0.03539543410200173,0.014180325123817608,12.500000112500002,108.36609605258776,20.0,6.905555103913967e-06,7.496061552370037e-05,1.104742460011039e-05,9.291359522772472e-05,0,0,0,0
M1S__UP069,information_extraction,granite4.1:8b,True,stop,1.149745319,0.297745313,3132,0.036872,98,0.770132,False,529,0,False,False,False,False,False,1.1534285660018213,2.6651418319670483,0.04218817289832707,0.015829616417520807,12.500074925000002,123.38571845130406,20.0,7.501939813593759e-06,9.124146188188575e-05,1.2001244316666594e-05,0.00011074464601214612,0.0,0.0,58.1,35.562686920166016
M1S__UP070,information_extraction,granite4.1:8b,True,stop,0.752535699,0.261447508,3425,0.059689,49,0.384125,False,212,0,False,False,False,False,False,0.7562212650082074,2.2675642630201764,0.027610618436020525,0.012176333383930584,12.500000112500002,89.91096093357027,20.0,6.123416936978399e-06,5.655893413614166e-05,9.79597531097372e-06,7.247832638409378e-05,0,0,0,0
M1G__UP070,information_extraction,granite4.1:8b,True,stop,1.151428066,0.289555428,3364,0.060277,97,0.757866,False,428,0,False,False,False,False,False,1.1551585819688626,2.666800837032497,0.04348754805712652,0.016307010052358323,12.500074925000002,127.89847083913858,20.0,7.509000380306057e-06,9.463535348608332e-05,1.2011173255612245e-05,0.00011415552712200163,0.0,95.0,58.1,35.5643424987793
M1G__UP071,information_extraction,granite4.1:8b,True,stop,0.711175389,0.289896018,3040,0.027025,44,0.349888,False,186,0,False,False,False,False,False,0.7150272260187194,2.2305983700207435,0.02465313802417265,0.011052253222951735,12.500000112500002,79.58188665294504,20.0,5.982007182436894e-06,4.916531710996708e-05,9.567567489122868e-06,6.471489178152684e-05,0,0,0,0
M1S__UP071,information_extraction,granite4.1:8b,True,stop,0.708017312,0.280326338,3101,0.033458,44,0.348611,False,186,0,False,False,False,False,False,0.7117130960104987,2.223590924986638,0.024924968433822345,0.011209331785689008,12.500000112500002,80.91837120396734,20.0,5.969599383474832e-06,4.9910595483204645e-05,9.548256199923344e-06,6.542845106660282e-05,0,0,0,0
M1S__UP072,information_extraction,granite4.1:8b,True,stop,2.573158884,0.28705801,3358,0.053782,279,2.185006,False,1238,0,False,False,False,False,False,2.5763357360265218,4.087975554983132,0.10002577571125269,0.02446829105651671,12.502457637500001,202.891506666609,20.0,1.244526336698858e-05,0.0002302162952831921,1.9907743649997027e-05,0.0002625693023001777,0.0,95.0,58.1,35.571306228637695
M1G__UP072,information_extraction,granite4.1:8b,True,stop,2.365132901,0.28604425,3297,0.053796,253,1.978397,False,1133,0,False,False,False,False,False,2.3690643070149235,3.880791868956294,0.09124684372534723,0.023512429114083695,12.502126512500002,194.0666874048094,20.0,1.1726199050620148e-05,0.00020904377834529697,1.8754484411005656e-05,0.00023952446180692277,0.0,95.0,58.1,35.575439453125
M1G__UP073,information_extraction,granite4.1:8b,True,stop,0.437382087,0.266634481,3299,0.053493,9,0.071104,False,21,0,False,False,False,False,False,0.4411726199905388,1.9531517979921773,0.015471069022227042,0.007921078657650247,12.5,50.83526203769268,20.0,5.030633961723652e-06,2.7535855362081918e-05,8.04532068335296e-06,4.061181000715853e-05,0,0,0,0
M1S__UP073,information_extraction,granite4.1:8b,True,stop,0.410236955,0.231960264,3360,0.060095,9,0.07123,False,21,0,False,False,False,False,False,0.412361342983786,1.9218105759937316,0.015073768066996392,0.007843524359419261,12.5000030375,50.20812256348285,20.0,4.924766169020899e-06,2.6765299190323333e-05,7.87882312207431e-06,3.956888848141854e-05,0,0,0,0
M1S__UP074,information_extraction,granite4.1:8b,True,stop,1.003075826,0.302022012,3382,0.057862,76,0.59369,False,372,0,False,False,False,False,False,1.0069540989934467,2.518647624994628,0.0368114412721109,0.014615558328525378,12.500000112500002,112.2560904464518,20.0,6.995005684376267e-06,7.844728497996556e-05,1.1188346616432278e-05,9.66306372807741e-05,0.0,0.0,58.1,35.57141876220703
M1G__UP074,information_extraction,granite4.1:8b,True,stop,1.065757049,0.291272128,3321,0.057951,85,0.668779,False,408,0,False,False,False,False,False,1.0678823009948246,2.5786528270109557,0.038894738013801576,0.015083355776468133,12.500003656250001,116.53617519792357,20.0,7.2029532666102085e-06,8.337562225690931e-05,1.1520749883493408e-05,0.00010209932540701293,0.0,77.0,58.1,35.584938049316406
M1G__UP075,information_extraction,granite4.1:8b,True,stop,1.823762193,0.301757571,3261,0.049639,182,1.426904,False,901,0,False,False,False,False,False,1.8276711800135672,3.339340895006899,0.06917296753786423,0.02071455706762197,12.50221085,168.3198409756683,20.0,9.845725672715535e-06,0.00015598679145689687,1.5747657533372856e-05,0.00018158017466298525,0.0,95.0,58.1,35.5798454284668
M1S__UP075,information_extraction,granite4.1:8b,True,stop,0.846431126,0.264707382,3322,0.058098,61,0.48164,False,233,0,False,False,False,False,False,0.8496503659989685,2.3638442960218526,0.031915849718703836,0.013501671735492679,12.500000112500002,102.30458700370995,20.0,6.448133571946693e-06,6.701644250117766e-05,1.0315053061155293e-05,8.377962913427965e-05,0,0,0,0
M1S__UP076,information_extraction,granite4.1:8b,True,stop,0.890286756,0.294667487,3132,0.030598,66,0.521669,False,299,0,False,False,False,False,False,0.8940929870004766,2.4060905940132216,0.03189241134039793,0.01325486721894507,12.500000112500002,99.70556101209996,20.0,6.603113753961652e-06,6.655255324172771e-05,1.0562436010998985e-05,8.371810300668834e-05,0,0,0,0
M1G__UP076,information_extraction,granite4.1:8b,True,stop,1.109166362,0.274725316,3071,0.026131,100,0.778116,False,483,0,False,False,False,False,False,1.1122633760096505,2.622948322969023,0.041716296979190985,0.015904353362162546,12.50002925,124.16059760700793,20.0,7.359906829707781e-06,9.037090563079886e-05,1.1775151522144573e-05,0.00010950596398265122,0.0,44.0,58.1,35.570281982421875
M1G__UP077,information_extraction,granite4.1:8b,True,stop,1.735698314,0.279509974,3157,0.039655,175,1.3721,False,854,0,False,False,False,False,False,1.7394595169462264,3.25130965403514,0.06600097937040571,0.0202998134270272,12.50202145625,164.53385344862122,20.0,9.539855113691795e-06,0.00014845484098557904,1.525895758337962e-05,0.00017325365368265047,0.0,94.0,58.1,35.564571380615234
M1S__UP077,information_extraction,granite4.1:8b,True,stop,0.798964721,0.292887516,3218,0.048275,53,0.416671,False,254,0,False,False,False,False,False,0.8028155679930933,2.3149259730125777,0.028738743974138174,0.0124145412463183,12.5,92.02876856139687,20.0,6.286676802119473e-06,5.9097825055864917e-05,1.0055172572093498e-05,7.543967443007789e-05,0,0,0,0
M1S__UP078,information_extraction,granite4.1:8b,True,stop,0.478545043,0.286650445,3238,0.03961,13,0.105441,False,40,0,False,False,False,False,False,0.4823284139856696,1.994723311974667,0.015612400489071266,0.007826850167813922,12.5,49.77058039028251,20.0,5.174635822792577e-06,2.753279980360901e-05,8.275371799956904e-06,4.098280742635849e-05,0,0,0,0
M1G__UP078,information_extraction,granite4.1:8b,True,stop,0.64129719,0.279286638,3177,0.03981,35,0.277208,False,127,0,False,False,False,False,False,0.6451325709931552,2.157346094958484,0.02223509053857962,0.010306686808639998,12.500000112500002,72.61097117857881,20.0,5.739625457779926e-06,4.3448368091780765e-05,9.179483910944935e-06,5.836747746050563e-05,0,0,0,0
M1G__UP079,information_extraction,granite4.1:8b,True,stop,0.552440706,0.266247293,2980,0.019405,28,0.224326,False,108,0,False,False,False,False,False,0.5556312049739063,2.0666046100086533,0.01919829007341829,0.009289774144720361,12.500000112500002,63.29412866357657,20.0,5.426777920376809e-06,3.62869734740201e-05,8.682075022241204e-06,5.039582641663811e-05,0,0,0,0
M1S__UP079,information_extraction,granite4.1:8b,True,stop,0.556145001,0.264632084,3041,0.026999,28,0.223249,False,108,0,False,False,False,False,False,0.5593283969792537,2.0710555060068145,0.019430235726404628,0.009381803466903652,12.5,64.17437979899692,20.0,5.439476076490892e-06,3.686280726800106e-05,8.702404216617449e-06,5.100468756110941e-05,0,0,0,0
M1S__UP080,information_extraction,granite4.1:8b,True,stop,1.026341348,0.296776707,3250,0.043995,81,0.637579,False,226,0,False,False,False,False,False,1.0294625550159253,2.540596848994028,0.03707420423224402,0.014592714403674037,12.500001575000002,111.97674396884376,20.0,7.0721851930532815e-06,7.89333964803518e-05,1.1314812688700234e-05,9.732039436210532e-05,0.0,93.0,58.1,35.569801330566406
M1G__UP080,information_extraction,granite4.1:8b,True,stop,0.946963095,0.277063639,3189,0.044313,74,0.579792,False,204,0,False,False,False,False,False,0.9501161089865491,2.461098010011483,0.035108671551508853,0.014265450383808586,12.5,109.08590586187144,20.0,6.796995746400272e-06,7.449089292599353e-05,1.0872950155559617e-05,9.216083882795343e-05,0,0,0,0
M1G__UP081,closed_qa,granite4.1:8b,True,stop,5.963620161,0.28315532,3168,0.039388,713,5.599026,False,3617,0,False,False,False,False,False,5.967544140003156,7.479289428971242,0.23461569885722577,0.03136871504777381,12.5031314375,266.23807245099226,20.0,2.422469423695014e-05,0.0005528976645399197,3.874769991121462e-05,0.0006158700586880845,0.0,94.0,58.1,35.55845718383789
M1S__UP081,closed_qa,granite4.1:8b,True,stop,1.99667462,0.279259684,3229,0.048642,207,1.622178,False,1119,0,False,False,False,False,False,2.0005476709920913,3.512400644016452,0.07692298330473536,0.021900401207298904,12.50184365,179.28872353313037,20.0,1.0446284540611396e-05,0.00017476875092636845,1.6709057733532973e-05,0.00020192409320051282,0.0,94.0,58.1,35.55439376831055
M1S__UP082,closed_qa,granite4.1:8b,True,stop,0.975963772,0.292918784,3170,0.033619,77,0.605067,False,320,0,False,False,False,False,False,0.9797773270402104,2.4915986889973283,0.035744384489322586,0.014345963756991249,12.500000112500002,109.7898828711437,20.0,6.900436885043339e-06,7.589172737887395e-05,1.1037431455527741e-05,9.382959571944503e-05,0,0,0,0
M1G__UP082,closed_qa,granite4.1:8b,True,stop,2.364309482,0.281929318,3109,0.033589,256,2.005149,False,1140,0,False,False,False,False,False,2.3682162069599144,3.879759105038829,0.0910004233254312,0.023455173597568105,12.501747237500002,193.52439498956016,20.0,1.1722766273772983e-05,0.000208404055612732,1.8750782327778224e-05,0.00023887760421428323,0.0,93.5,58.1,35.57126426696777
M1G__UP083,closed_qa,granite4.1:8b,True,stop,1.190065275,0.280257963,3025,0.025866,107,0.840794,False,550,0,False,False,False,False,False,1.19387346500298,2.7084569159778766,0.044172598444877,0.016309138308345097,12.500123637500003,127.99016880920009,20.0,7.643660411648085e-06,9.608424353402256e-05,1.2225891683354147e-05,0.00011595379562902479,0.0,95.0,58.1,35.565284729003906
M1S__UP083,closed_qa,granite4.1:8b,True,stop,1.36189635,0.294133037,3086,0.032984,126,0.987701,False,615,0,False,False,False,False,False,1.365778447012417,2.877844044007361,0.0510584839841886,0.0177419218009779,12.5008789625,141.0135554432378,20.0,8.24217163514535e-06,0.00011260592341777453,1.3181263089063577e-05,0.00013402935814198346,0.0,94.0,58.1,35.56852722167969
M1S__UP084,closed_qa,granite4.1:8b,True,stop,1.146876561,0.275308382,3154,0.033008,101,0.793167,False,360,0,False,False,False,False,False,1.148861896013841,2.664603916055057,0.04241530575413108,0.015918052772708857,12.50005625,124.4868754469155,20.0,7.485692373144162e-06,9.188340683952134e-05,1.1971774272387847e-05,0.00011134087348505336,0.0,95.0,58.1,35.57112503051758
M1G__UP084,closed_qa,granite4.1:8b,True,stop,1.437703749,0.274803041,3093,0.033174,139,1.089098,False,558,0,False,False,False,False,False,1.4414459289982915,2.9529256880050525,0.05430265247891006,0.018389440919387316,12.501371937500004,146.9819171131137,20.0,8.503311814129963e-06,0.00012043981857345898,1.3602223278010367e-05,0.0001425453536655993,0.0,94.0,58.1,35.569454193115234
M1G__UP085,closed_qa,granite4.1:8b,True,stop,2.434051876,0.259398545,3366,0.059556,265,2.077704,False,1336,0,False,False,False,False,False,2.4371984130120836,3.9478135440149345,0.09566412511453523,0.0242321791665076,12.501966950000002,200.77233385003925,20.0,1.1962052122702882e-05,0.0002200229537967502,1.913489200556392e-05,0.000251119897925017,0.0,93.0,58.1,35.5667610168457
M1S__UP085,closed_qa,granite4.1:8b,True,stop,1.528115621,0.272536946,3427,0.065587999,146,1.141784,False,692,0,False,False,False,False,False,1.531812607019674,3.0434803150128573,0.058405002931539614,0.019190202296837554,12.501843256250002,154.39357735672314,20.0,8.817299994357813e-06,0.00013039288209171218,1.4103908822289669e-05,0.00015331409090835966,0.0,94.0,58.1,35.5584831237793
M1S__UP086,closed_qa,granite4.1:8b,True,stop,1.158845689,0.28533558,3412,0.059458,98,0.767014,False,460,0,False,False,False,False,False,1.1624349990161136,2.674447377969045,0.04376673128079776,0.016364775632278054,12.500074925000002,128.42629661148288,20.0,7.535401375211038e-06,9.530007623936854e-05,1.205291004993746e-05,0.00011488838766451703,0.0,2.0,58.1,35.566932678222656
M1G__UP086,closed_qa,granite4.1:8b,True,stop,3.079000974,0.29077963,3351,0.059547,342,2.684125,False,1606,0,False,False,False,False,False,3.0822080459911376,4.595667293004226,0.11988863740029453,0.026087318719263144,12.50184674375,217.85266764564554,20.0,1.4201854840758411e-05,0.0002777902222312889,2.271756303897645e-05,0.0003147096401110238,0.0,62.666666666666664,58.1,35.56880569458008
M1G__UP087,closed_qa,granite4.1:8b,True,stop,1.351808632,0.27557038,3026,0.026121,128,1.006932,False,693,0,False,False,False,False,False,1.354610287991818,2.8663393929600716,0.05033224322877802,0.017559763980635898,12.500599006250003,139.33150374533466,20.0,8.201161335556233e-06,0.00011080314419764647,1.3118658710866132e-05,0.00013212296424406885,0.0,94.0,58.1,35.566837310791016
M1S__UP087,closed_qa,granite4.1:8b,True,stop,1.131042776,0.281457391,3087,0.032645,99,0.777614,False,513,0,False,False,False,False,False,1.1348463759641163,2.646614759985823,0.04189503407268202,0.015829668414947717,12.500041062500001,123.4326139828795,20.0,7.438520369522054e-06,9.063840584389027e-05,1.1898225572076628e-05,0.00010997515178548895,0.0,94.0,58.1,35.57170867919922
M1S__UP088,closed_qa,granite4.1:8b,True,stop,1.082281986,0.272489989,3283,0.048069,91,0.716642,False,357,0,False,False,False,False,False,1.084815671958495,2.5991733070113696,0.040388558622684465,0.015539001771730567,12.500183150000002,121.03689652478702,20.0,7.260325064231715e-06,8.714479193816516e-05,1.1615512011081187e-05,0.00010602062901347805,0.0,0.0,58.1,35.5727653503418
M1G__UP088,closed_qa,granite4.1:8b,True,stop,1.100677217,0.26475642,3222,0.048364,96,0.751443,False,385,0,False,False,False,False,False,1.1034655289840885,2.614259180962108,0.04132871011613905,0.01580895667006097,12.500012206250004,123.31365383403309,20.0,7.326300758237833e-06,8.944423822221381e-05,1.1718003127801543e-05,0.00010848854210825318,0.0,0.0,58.1,35.57989501953125
M1G__UP089,closed_qa,granite4.1:8b,True,stop,1.612239296,0.291771205,3341,0.058821,155,1.21428,False,640,0,False,False,False,False,False,1.6154238199815154,3.126121035020333,0.06105670810499503,0.019531140164122884,12.501843256250002,157.43967117231315,20.0,9.107682919208521e-06,0.00013659872039095688,1.4568457183324628e-05,0.00016027486049349004,0.0,94.0,58.1,35.575416564941406
M1S__UP089,closed_qa,granite4.1:8b,True,stop,1.439377402,0.275625057,3402,0.064709999,135,1.056146,False,593,0,False,False,False,False,False,1.4431760020088404,2.954666633042507,0.054788587585571,0.018543069114079238,12.501371881250002,148.4360554921537,20.0,8.50913297017093e-06,0.0001217014862504584,1.3610322072377635e-05,0.00014382094129300696,0.0,95.0,58.1,35.56734085083008
M1S__UP090,closed_qa,granite4.1:8b,True,stop,0.442466285,0.280172973,3156,0.033287,10,0.083778,False,37,0,False,False,False,False,False,0.44628582597943023,1.958202098030597,0.014800616158884571,0.007558267950876902,12.500000112500002,47.37860855383374,20.0,5.0479017954349195e-06,2.573029836216989e-05,8.073660083593698e-06,3.8851860241198504e-05,0,0,0,0
M1G__UP090,closed_qa,granite4.1:8b,True,stop,1.209532965,0.267847784,3095,0.033357999,110,0.864146,False,534,0,False,False,False,False,False,1.212702011980582,2.7248039710102603,0.04537578567533805,0.01665286242904084,12.500154406250001,131.08953671816948,20.0,7.708429175557568e-06,9.907119036789425e-05,1.2332562305447127e-05,0.00011911218184889894,0.0,95.0,58.1,35.56124496459961
M1G__UP091,closed_qa,granite4.1:8b,True,stop,1.036398238,0.258253566,3243,0.048835,88,0.691527,False,397,0,False,False,False,False,False,1.040217217989266,2.5525914389872923,0.0394832869389103,0.015467922651411378,12.500001575000002,120.27351360574546,20.0,7.1103603022012685e-06,8.516090146137856e-05,1.1373014227784653e-05,0.00010364427599136449,0.0,0.0,58.1,35.580928802490234
M1S__UP091,closed_qa,granite4.1:8b,True,stop,0.56639742,0.275423867,3304,0.05419,24,0.18926,False,93,0,False,False,False,False,False,0.5702411759993993,2.0855192589806393,0.019504946070421615,0.00935256099239057,12.500000112500002,64.01472176722736,20.0,5.477118441659069e-06,3.6963085126018314e-05,8.760599872200854e-06,5.120080343987824e-05,0,0,0,0
M1S__UP092,closed_qa,granite4.1:8b,True,stop,1.027031433,0.297917453,3137,0.030709,83,0.653656,False,421,0,False,False,False,False,False,1.0309130040113814,2.545731697056908,0.03700243280812138,0.014535087437100884,12.50000050625,111.59040068442107,20.0,7.0788334846331315e-06,7.873061853924668e-05,1.132254117239629e-05,9.713199319627609e-05,0.0,0.0,58.1,35.579593658447266
M1G__UP092,closed_qa,granite4.1:8b,True,stop,2.366592577,0.259917637,3076,0.030917,260,2.036904,False,1349,0,False,False,False,False,False,2.3705670739873312,3.88227755704429,0.09163438321417335,0.023603253983709944,12.501866075,194.9160498281951,20.0,1.1732133876432557e-05,0.00021004461247997597,1.8765012966792307e-05,0.00024054175932320082,0.0,59.0,58.1,35.58005714416504
M1G__UP093,closed_qa,granite4.1:8b,True,stop,0.474819918,0.284966562,3015,0.024169,15,0.122106,False,63,0,False,False,False,False,False,0.4785434730001725,1.9927438769955188,0.015998137773161236,0.008028195674238778,12.500000112500002,51.767836758184814,20.0,5.1609367061484094e-06,2.8580578419479252e-05,8.253859000008864e-06,4.1995374125636524e-05,0,0,0,0
M1S__UP093,closed_qa,granite4.1:8b,True,stop,0.480839841,0.285013599,3076,0.030357,15,0.120912,False,63,0,False,False,False,False,False,0.48457631398923695,1.9966958179720677,0.016073012585865902,0.008049805303939768,12.5,51.869901958650644,20.0,5.1815045763861335e-06,2.8723634089011796e-05,8.286783072010925e-06,4.2191921737408855e-05,0,0,0,0
M1S__UP094,closed_qa,granite4.1:8b,True,stop,0.732782745,0.287738906,3637,0.088918,39,0.305102,False,178,0,False,False,False,False,False,0.7356226759729907,2.2469345549470745,0.026673928362695894,0.011871252904971319,12.500000112500002,87.10285631876414,20.0,6.0509243148668856e-06,5.4289210098090734e-05,9.679365160991438e-06,7.001949957394906e-05,0,0,0,0
M1G__UP094,closed_qa,granite4.1:8b,True,stop,1.243635579,0.30584877,3576,0.088166,102,0.801716,False,406,0,False,False,False,False,False,1.2474627220071852,2.759037191979587,0.04667089207832064,0.01691564441899917,12.500230456250002,133.44613561889048,20.0,7.829081032638359e-06,0.00010216035950527669,1.2522416866785433e-05,0.00012251185740470047,0.0,95.0,58.1,35.57474136352539
M1G__UP095,closed_qa,granite4.1:8b,True,stop,3.568654751,0.303542793,3070,0.030409,407,3.190751,False,2289,0,False,False,False,False,False,3.5725649669766426,5.084168820001651,0.13720905774628667,0.026987510172064293,12.502853928125,225.89578709531628,20.0,1.590584520912673e-05,0.00031882997728605034,2.5440205188998436e-05,0.0003601760276841755,0.0,94.0,58.1,35.58345031738281
M1S__UP095,closed_qa,granite4.1:8b,True,stop,1.871398486,0.269832542,3131,0.033046,195,1.523654,False,1042,0,False,False,False,False,False,1.8751022079959512,3.386942145996727,0.07207226085144638,0.02127944846552334,12.50202145625,173.59113715638964,20.0,1.0009826975206176e-05,0.00016316985275821594,1.60111874445445e-05,0.0001891908671779666,0.0,94.0,58.1,35.576194763183594
M1S__UP096,closed_qa,granite4.1:8b,True,stop,1.973658667,0.274529607,3326,0.052479,204,1.600025,False,990,0,False,False,False,False,False,1.9776517280261032,3.489230523991864,0.07616198627874603,0.021827731287760457,12.5020215125,178.63775999243,20.0,1.036601497153326e-05,0.00017298013838384918,1.658031016672289e-05,0.00019992646352210534,0.0,95.0,58.1,35.574623107910156
M1G__UP096,closed_qa,granite4.1:8b,True,stop,2.637606969,0.281610387,3265,0.052634,289,2.261032,False,1373,0,False,False,False,False,False,2.641365688003134,4.15390373399714,0.10253569103771601,0.02468417604349485,12.502576475000001,204.92243014473152,20.0,1.2671258819571035e-05,0.0002362185223079294,2.026809008319914e-05,0.00026915787121069957,0.0,94.5,58.1,35.569223403930664
M1G__UP097,closed_qa,granite4.1:8b,True,stop,0.952199719,0.303052035,3010,0.02406,75,0.590911,False,332,0,False,False,False,False,False,0.9559801699942909,2.4674683960038237,0.034072856570631437,0.013808832010093407,12.500000112500002,104.77501114152471,20.0,6.815958537019902e-06,7.172227959983957e-05,1.0903569372344969e-05,8.944180750920444e-05,0,0,0,0
M1S__UP097,closed_qa,granite4.1:8b,True,stop,0.798001345,0.24151518,3071,0.030364,61,0.483681,False,234,0,False,False,False,False,False,0.799986832018476,2.311057416955009,0.02968431200978102,0.01284447188200643,12.500000112500002,96.11697792611632,20.0,6.2728426708884845e-06,6.161699373841145e-05,1.0031969627662976e-05,7.792180603696291e-05,0,0,0,0
M1S__UP098,closed_qa,granite4.1:8b,True,stop,1.228400943,0.301279739,3252,0.044097,107,0.842047,False,548,0,False,False,False,False,False,1.2323359279544093,2.7442296990193427,0.045448400870541576,0.016561441954652218,12.500230456250002,130.12994221577466,20.0,7.777613066437861e-06,9.908480148901333e-05,1.2440383372207484e-05,0.00011930279792765868,0.0,92.0,58.1,35.57426071166992
M1G__UP098,closed_qa,granite4.1:8b,True,stop,2.33678898,0.282941352,3191,0.044446,251,1.964249,False,1202,0,False,False,False,False,False,2.3406148939975537,3.852080192998983,0.08999520317110192,0.02336275432029296,12.501685100000003,192.68735461820302,20.0,1.1625204591246063e-05,0.0002060176648148726,1.8596015411053994e-05,0.00023623888481717265,0.0,95.0,58.1,35.575368881225586
M1G__UP099,closed_qa,granite4.1:8b,True,stop,4.205304731,0.26580292,3160,0.03966,492,3.855329,False,2477,0,False,False,False,False,False,4.2092878699768335,5.725006616965402,0.16476763171621336,0.028780339087808797,12.502344905000001,242.6640022981555,20.0,1.811709652684202e-05,0.0003854211416696174,2.8979498294453756e-05,0.00043251773649091317,0.0,94.25,58.1,35.57147407531738
M1S__UP099,closed_qa,granite4.1:8b,True,stop,2.073888802,0.304441824,3221,0.048482,214,1.675742,False,1136,0,False,False,False,False,False,2.0778358620009385,3.5892824440379627,0.0796006114280489,0.022177304982022472,12.501233525000002,181.79686876326005,20.0,1.0713325483115632e-05,0.00018110236710455752,1.7137218366648692e-05,0.00020895291095432184,0.0,71.0,58.1,35.58151817321777
M1S__UP100,closed_qa,granite4.1:8b,True,stop,2.855342049,0.277279129,3125,0.03046,319,2.50048,False,1791,0,False,False,False,False,False,2.859273114008829,4.371042510960251,0.10996406008315279,0.025157398905963822,12.502695312500002,209.1338256923003,20.0,1.342948015253096e-05,0.0002537479807749321,2.1480000899949424e-05,0.00028865746182741246,0.0,95.0,58.1,35.568206787109375
M1G__UP100,closed_qa,granite4.1:8b,True,stop,4.475227186,0.272671284,3064,0.030311,527,4.134488,False,2912,0,False,False,False,False,False,4.478423922031652,5.990006296953652,0.17531648941656958,0.029268164460149328,12.5031090275,246.94715378228346,20.0,1.905184146175563e-05,0.0004106822729887938,3.0474546572077088e-05,0.0004602086610226265,0.0,94.25,58.1,35.573458671569824
M2G__UP001,summarization,gemma4:12b,True,stop,12.201228171,0.881475565,3478,0.700095,857,10.494825,True,760,3013,False,False,False,False,False,12.205230974999722,13.719040708965622,0.43715422771535134,0.031864780999568264,12.503167368269231,269.9413640702846,20.0,4.5886132662055685e-05,0.0010282544337139043,7.33964534832113e-05,0.0011475370198591713,0.0,81.16666666666667,59.6,36.50505669911703
M2S__UP001,summarization,gemma4:12b,True,stop,6.793442238,0.873725989,3543,0.280087,459,5.591576,True,295,1723,False,False,False,False,False,6.797040220990311,8.308370125014335,0.23810170387560584,0.028658052096011435,12.503637414285715,240.3831019672794,20.0,2.7105142581469613e-05,0.0005545629436500832,4.3352792822406624e-05,0.0006250208790539594,0.0,85.83333333333333,59.6,36.489777247111
M2S__UP002,summarization,gemma4:12b,True,stop,3.889490663,0.885606687,3264,0.064937,237,2.879662,True,111,922,False,False,False,False,False,3.8934262119582854,5.405068899039179,0.126571331412651,0.023417154115306597,12.502764828125,191.93723366319833,20.0,1.702005294281664e-05,0.00028800773040593697,2.7224038183339874e-05,0.0003322518215320935,0.0,85.66666666666667,59.6,36.49219258626302
M2G__UP002,summarization,gemma4:12b,True,stop,3.898382904,0.832926407,3199,0.066321,241,2.94001,True,125,927,False,False,False,False,False,3.901725616015028,5.412804875988513,0.12796707463353513,0.023641545846443457,12.5027648,194.0449661591367,20.0,1.70484882341537e-05,0.000291598288835182,2.7268893316633896e-05,0.0003359156703859696,0.0,85.66666666666667,59.6,36.49903106689453
M2G__UP003,summarization,gemma4:12b,True,stop,20.417842071,0.799112719,3674,0.145261,1609,19.405557,True,834,6740,False,False,False,False,False,20.42188590398291,21.933387681958266,0.7584283303462656,0.034578713573285604,12.503418829464286,300.03933232240047,20.0,7.2670637113698e-05,0.0018019806082492096,0.00011623556483860335,0.001990886810201511,2.5,89.55,59.6,36.50009002685547
M2S__UP003,summarization,gemma4:12b,True,stop,6.99040601,0.815220002,3739,0.318858,480,5.780334,True,515,1682,False,False,False,False,False,6.993676455982495,8.504984672996216,0.24880927393474692,0.02925452349429033,12.503213803571429,245.96989914869388,20.0,2.778767843940719e-05,0.0005808932424917757,4.44475052001912e-05,0.000653128426131374,0.0,89.83333333333333,59.6,36.48467508951823
M2S__UP004,summarization,gemma4:12b,True,stop,8.335511983,0.834867057,3349,0.266039,586,7.171349,True,872,1977,False,False,False,False,False,8.338766361004673,9.849190900975373,0.2958689321258144,0.030039922578464214,12.5029631,253.10368463692205,20.0,3.245896000796993e-05,0.0006922813871579336,5.1920453794365235e-05,0.0007766608009602688,0.0,84.875,59.6,36.50155210494995
M2G__UP004,summarization,gemma4:12b,True,stop,18.723226855,0.840878559,3284,0.258235,1445,17.559872,True,2280,4795,False,False,False,False,False,18.72720957599813,20.238625707977917,0.6910672684442659,0.03414595824912421,12.503297603750001,294.51878438449825,20.0,6.678129059889434e-05,0.0016404660345941124,0.00010681559236642594,0.0018140629175594327,2.7777777777777777,87.16666666666667,59.599999999999994,36.5010674794515
M2G__UP005,summarization,gemma4:12b,True,stop,11.875555336,0.850719489,3205,0.22791,889,10.73594,True,873,3081,False,False,False,False,False,11.879612018994521,13.391472150979098,0.435291296758165,0.032505111600171555,12.503605671875,275.9622262655915,20.0,4.4759904647317136e-05,0.0010262947099244357,7.159218096090222e-05,0.0011426467955326551,0.0,90.45454545454545,59.6,36.491208509965375
M2S__UP005,summarization,gemma4:12b,True,stop,7.585307246,0.880843132,3270,0.244658,523,6.409752,True,431,1739,False,False,False,False,False,7.589305103989318,9.101356646977365,0.26842121361995164,0.029492439867093496,12.50318375,248.0888154607534,20.0,2.985846582024239e-05,0.0006269941127063916,4.775751103879884e-05,0.0007046100895654328,0.0,80.85714285714286,59.6,36.512910570417134
M2S__UP006,summarization,gemma4:12b,True,stop,8.504911043,0.842999091,3311,0.22888,604,7.375657,True,905,1606,False,False,False,False,False,8.508709884015843,10.024664551019669,0.3042528807429227,0.030350430101122473,12.5032792,256.1450591143744,20.0,3.305100637196294e-05,0.000712754736869492,5.2863060388739946e-05,0.0007986688036301948,0.0,88.5,59.6,36.50696277618408
M2G__UP006,summarization,gemma4:12b,True,stop,13.637342638,0.805546139,3246,0.262019,1027,12.502653,True,2129,2235,False,False,False,False,False,13.640838470018934,15.156398013001308,0.5013609872703013,0.03307916477518134,12.503424636607141,281.31861187465745,20.0,5.087538516993899e-05,0.0011838303915086001,8.137504041110838e-05,0.0013160808170896475,3.8461538461538463,86.84615384615384,59.60000000000001,36.4977540236253
M2G__UP007,summarization,gemma4:12b,True,stop,7.010078466,0.890910125,3166,0.244223,474,5.81364,True,428,1660,False,False,False,False,False,7.0138334759976715,8.52957015496213,0.24504747471365,0.028729170434349745,12.502809392187501,241.1404463192567,20.0,2.7856991399881784e-05,0.0005708379566700117,4.4558693388696865e-05,0.0006432536414585903,0.0,75.85714285714286,59.6,36.51428985595703
M2S__UP007,summarization,gemma4:12b,True,stop,6.02842822,0.831283838,3231,0.253675,403,4.88463,True,382,1443,False,False,False,False,False,6.032130752981175,7.547578947036527,0.2110355878832775,0.027960699631520685,12.5026332875,234.13347337709075,20.0,2.444685685938837e-05,0.0004904209478917565,3.910407576671181e-05,0.0005539718805178567,0.0,78.0,59.70000000000001,36.530954360961914
M2S__UP008,summarization,gemma4:12b,True,stop,13.615295959,0.884753633,3304,0.265478,1017,12.401098,True,315,4309,False,False,False,False,False,13.619025014981162,15.135285826981999,0.49743391952684096,0.032865842456708344,12.503524946428572,279.30435632749396,20.0,5.0802363065577954e-05,0.0011737114945242766,8.125834224435192e-05,0.0013057721998342064,0.0,88.53846153846153,59.62307692307692,36.521468529334435
M2G__UP008,summarization,gemma4:12b,True,stop,5.392971759,0.792099765,3239,0.254208,350,4.278983,True,143,1399,False,False,False,False,False,5.396641200990416,6.9079980090027675,0.18715285253699418,0.027092198389908253,12.502787168749999,225.99393834954324,20.0,2.2240034572368487e-05,0.00043346506899410997,3.557420483880883e-05,0.0004912793084052873,0.0,86.2,59.6,36.52074508666992
M2G__UP009,summarization,gemma4:12b,True,stop,3.274672261,0.818665094,3248,0.229169,180,2.169147,True,146,483,False,False,False,False,False,3.2782160750357434,4.78965947200777,0.1082737287519667,0.022605725810937373,12.502125265625,184.65718527360744,20.0,1.4883230597881816e-05,0.00024553075198063823,2.3806331772357226e-05,0.00028422031435087726,0.0,74.66666666666667,59.6,36.51930491129557
M2S__UP009,summarization,gemma4:12b,True,stop,3.152043073,0.845864054,3313,0.085251,176,2.156462,True,91,535,False,False,False,False,False,3.155639563978184,4.6710747930337675,0.10153807644375294,0.0217376259089626,12.501871353125,176.72494782113088,20.0,1.445563664453752e-05,0.00022895934983413468,2.312413005565759e-05,0.0002665391165343298,0.0,58.333333333333336,59.6,36.51816050211588
M2S__UP010,summarization,gemma4:12b,True,stop,21.647546451,0.889083029,8867,1.116039,1603,19.45426,True,987,4635,False,False,False,False,False,21.650854523992166,23.162187859008554,0.8159185643013805,0.03522631667042811,12.5035174025,306.69158099415796,20.0,7.694004627291836e-05,0.001941792664543307,0.00012306690672250826,0.0021417996175387335,0.0,87.47619047619048,59.60000000000001,36.51979555402483
M2G__UP010,summarization,gemma4:12b,True,stop,59.202111449,0.886365766,8802,1.046218,4640,56.636243,True,1016,16295,False,False,False,False,False,59.20453206199454,60.71768540999619,2.2649131115668255,0.03730236250398873,12.503622260937501,322.0093991695624,20.0,0.00020384019049106395,0.005415548499101419,0.0003260453872334135,0.005945434076825897,1.694915254237288,87.86440677966101,57.19830508474577,35.0419994936151
M2G__UP011,summarization,gemma4:12b,True,stop,12.267860607,0.838482837,3227,0.166606,877,10.740866,True,507,2681,False,False,False,False,False,12.271414066955913,13.783804993028753,0.44042825530045504,0.03195258896387495,12.50334039326923,270.73160231794213,20.0,4.611808595614291e-05,0.0010362461067732198,7.376720325555652e-05,0.0011561313959849192,8.333333333333334,77.58333333333333,57.1,34.975274085998535
M2S__UP011,summarization,gemma4:12b,True,stop,9.119765228,0.835520589,3292,0.262603,652,7.958816,True,520,1975,False,False,False,False,False,9.122964413021691,10.634410924976692,0.3290712862868801,0.030944007017257646,12.50285440625,261.5346635985065,20.0,3.5182804816664847e-05,0.0007723570067739161,5.6277713772012954e-05,0.0008638175253625938,5.555555555555555,79.0,57.099999999999994,34.960013919406464
M2S__UP012,summarization,gemma4:12b,True,stop,2.539229531,0.785584255,3137,0.235314,120,1.450908,True,59,462,False,False,False,False,False,2.5431512229843065,4.054942054033745,0.07984750738778708,0.01969140528367279,12.502345962500002,157.7475236383188,20.0,1.2331095901811064e-05,0.0001775465309252766,1.9723390072209038e-05,0.0002096010168992967,0.0,92.5,57.1,34.94942855834961
M2G__UP012,summarization,gemma4:12b,True,stop,2.438715912,0.788099262,3072,0.045607,128,1.542778,True,183,385,False,False,False,False,False,2.441882129001897,3.952963389980141,0.07629143549010572,0.0192998082611863,12.501940400000004,154.14380377316382,20.0,1.1977255693896663e-05,0.00016912985752615128,1.9159156605665987e-05,0.00020026626982571393,0.0,88.5,57.1,34.97562026977539
M2G__UP013,summarization,gemma4:12b,True,stop,10.71528769,0.877603185,3102,0.049806,807,9.729946,True,647,3269,False,False,False,False,False,10.71879989199806,12.23312830994837,0.3905424745683017,0.03192498800578264,12.504068020454547,270.6630032623162,20.0,4.072901970716515e-05,0.0009193079576679253,6.514342574422093e-05,0.0010251804031193115,0.0,89.7,57.1,34.9646728515625
M2S__UP013,summarization,gemma4:12b,True,stop,5.531962725,0.867039755,3167,0.219373,358,4.381245,True,213,1355,False,False,False,False,False,5.535852557979524,7.047990677005146,0.18898874133453647,0.026814556090593775,12.5033133875,223.3232341271974,20.0,2.2726551306652913e-05,0.00043702257184019544,3.634942347222629e-05,0.0004960985466190746,0.0,88.0,57.1,34.970463562011716
M2S__UP014,summarization,gemma4:12b,True,stop,41.291880135,0.863713464,5247,0.528145,3274,39.812202,True,1507,11069,False,False,False,False,False,41.29617482400499,42.808015258051455,1.5673731371894912,0.03661401089822064,12.50363965282452,316.37547441345924,20.0,0.00014341335519400204,0.0037415782710379375,0.00022938857376672483,0.004114380199998664,0.0,87.95121951219512,57.099999999999994,34.95475713218131
M2G__UP014,summarization,gemma4:12b,True,stop,19.599014201,0.864717273,5182,0.492607,1471,17.756298,True,467,4973,False,False,False,False,False,19.602760459994897,21.114230132952798,0.731008463957995,0.03462160160967064,12.503499509375,299.85648636917483,20.0,6.982722203457907e-05,0.0017373963899158795,0.0001116855991218472,0.001918909211072306,2.6315789473684212,85.3157894736842,58.300000000000004,35.72352359169408
M2G__UP015,summarization,gemma4:12b,True,stop,10.239005505,0.907177435,3205,0.186592,708,8.672088,True,1286,1743,False,False,False,False,False,10.242876498959959,11.754031869990285,0.36140983841167645,0.030747733408347064,12.503066402272726,259.5233272341128,20.0,3.9071543277529726e-05,0.0008471376221539373,6.249758981640399e-05,0.000948706755247871,0.0,79.7,59.5,36.45861549377442
M2S__UP015,summarization,gemma4:12b,True,stop,8.45001389,0.781409339,3270,0.224769,603,7.385339,True,413,2142,False,False,False,False,False,8.452114096027799,9.962661425990518,0.3053579657189638,0.0306502401981009,12.50309765,258.8693814055191,20.0,3.2849943694069717e-05,0.0007161755729399033,5.254415318874332e-05,0.0008015696698227163,0.0,87.875,59.6,36.46842050552368
M2S__UP016,summarization,gemma4:12b,True,stop,4.918131049,0.859934761,3358,0.276082,303,3.710941,True,193,1024,False,False,False,False,False,4.920925111975521,6.431626543984748,0.1688734385401698,0.02625672330090599,12.502882317500001,218.2860553013961,20.0,2.0586419791801312e-05,0.0003897792007121481,3.292992626116353e-05,0.00044329554676511297,0.0,90.0,59.6,36.470269203186035
M2G__UP016,summarization,gemma4:12b,True,stop,6.272064601,0.882613667,3293,0.261504,414,5.065269,True,289,1399,False,False,False,False,False,6.2760103439795785,7.787465728993993,0.21797648950524184,0.027990683630706732,12.502794323214289,234.2071600369247,20.0,2.529505330589916e-05,0.0005064370718166344,4.0459736027858324e-05,0.000572191861150392,0.0,79.83333333333333,59.5,36.460143407185875
M2G__UP017,summarization,gemma4:12b,True,stop,5.234079664,0.869189541,3601,0.297644,327,3.995677,True,312,1046,False,False,False,False,False,5.237806186021771,6.749488190049306,0.17923332801527064,0.02655509913766681,12.502593837500001,220.97270862372923,20.0,2.1690144763446914e-05,0.00041410783128625894,3.4692450555545895e-05,0.0004704904266052517,0.0,83.0,59.5,36.451517486572264
M2S__UP017,summarization,gemma4:12b,True,stop,5.146965189,0.869089456,3666,0.146248,332,4.057457,True,198,1265,False,False,False,False,False,5.1501798869576305,6.661162413016427,0.17682872980648015,0.02654622704603976,12.5024748875,220.91756027437566,20.0,2.1383220718771868e-05,0.00040858949353772545,3.420560259999345e-05,0.0004641783168564908,0.0,82.0,59.5,36.452779388427736
M2S__UP018,summarization,gemma4:12b,True,stop,6.353320216,0.820372417,3257,0.063012,450,5.399713,True,266,1680,False,False,False,False,False,6.356829725031275,7.868489534012042,0.22269604277210248,0.0283022607845489,12.502879614285716,237.13221102811434,20.0,2.5575887051976318e-05,0.0005180968033657862,4.090807548879335e-05,0.0005845807659065559,0.0,89.16666666666667,59.5,36.443990071614586
M2G__UP018,summarization,gemma4:12b,True,stop,6.772634374,0.869203538,3192,0.224218,458,5.612238,True,392,1520,False,False,False,False,False,6.7761950949789025,8.291213930002414,0.23637315669315775,0.028508872004595467,12.503162857142858,239.08677685500115,20.0,2.703196529953672e-05,0.0005502132179469044,4.323823109443765e-05,0.0006204834143408787,16.666666666666668,87.83333333333333,59.5,36.46079190572103
M2G__UP019,summarization,gemma4:12b,True,stop,12.5782534,0.793437063,3389,0.247946,948,11.472554,True,1333,3261,False,False,False,False,False,12.580392532981932,14.090944435971323,0.46038027943396187,0.032672066909773936,12.503512526923076,277.4731288272582,20.0,4.718981547849416e-05,0.0010858367020025739,7.547926919424854e-05,0.0012085057866753166,0.0,89.5,59.5,36.44957319895426
M2S__UP019,summarization,gemma4:12b,True,stop,7.407402201,0.901307868,3454,0.285321,503,6.160184,True,845,1571,False,False,False,False,False,7.411432799010072,8.922691471001599,0.2607847627938432,0.029227141120073873,12.503014775000002,245.6158043232657,20.0,2.923837220754725e-05,0.0006085593757365615,4.676653291648513e-05,0.0006845642808605938,0.0,78.0,59.5,36.450243268694194
M2S__UP020,summarization,gemma4:12b,True,stop,4.832708292,0.865199046,3294,0.262817,304,3.651378,True,146,1177,False,False,False,False,False,4.836633519968018,6.350004373991396,0.16562145789571478,0.02608210138784688,12.503096202500002,216.7289074931043,20.0,2.0297394700065e-05,0.00038199752782031027,3.246412169990233e-05,0.0004347590442202776,0.0,89.75,59.5,36.440171241760254
M2G__UP020,summarization,gemma4:12b,True,stop,8.434405607,0.915358286,3229,0.25055,600,7.210353,True,320,2201,False,False,False,False,False,8.43763034400763,9.948244197003078,0.2999273916230564,0.030148776576414356,12.50311565,254.1195917994038,20.0,3.28025234078657e-05,0.0007020422283003924,5.2469572016788234e-05,0.0007873143237250463,0.0,89.875,59.5,36.43673849105835
M2G__UP021,open_qa,gemma4:12b,True,stop,6.061069193,0.876533076,3021,0.2187,404,4.909675,True,311,1302,False,False,False,False,False,6.064740505011287,7.576170638028998,0.2096331690377606,0.02767006962402557,12.50263825357143,231.2352214033837,20.0,2.4560415106648032e-05,0.0004864440002663173,3.9286092666831493e-05,0.0005502905080397968,0.0,74.0,59.5,36.44276237487793
M2S__UP021,open_qa,gemma4:12b,True,stop,3.599681272,0.754715283,3086,0.047612,228,2.76383,True,184,748,False,False,False,False,False,3.601496082963422,5.111714367987588,0.12056608511563668,0.02358623280492527,12.50285395625,193.71840099948813,20.0,1.600062625848438e-05,0.0002748938310253024,2.5593494194456273e-05,0.00031648795147824304,0.0,88.33333333333333,59.5,36.43093236287435
M2S__UP022,open_qa,gemma4:12b,True,stop,4.767980455,0.820363927,3085,0.042396,317,3.848919,True,63,965,False,False,False,False,False,4.771636606019456,6.283020852017216,0.16320949522145808,0.025976277823279596,12.503020445,215.68158042518883,20.0,2.00717499993256e-05,0.00037625196766821745,3.210388496130084e-05,0.0004284276026288439,0.0,88.75,59.5,36.437241554260254
M2G__UP022,open_qa,gemma4:12b,True,stop,7.671414039,0.942939336,3020,0.042043,545,6.626541,True,260,1957,False,False,False,False,False,7.675097259983886,9.186763805977535,0.26682988500063154,0.029045035949113424,12.503225614062499,243.8422853200537,20.0,3.015464944635868e-05,0.0006220446643023791,4.823351208308143e-05,0.0007004328258318192,0.0,88.85714285714286,59.5,36.456205640520366
M2G__UP023,open_qa,gemma4:12b,True,stop,11.022101288,0.875934906,3025,0.209134,820,9.878406,True,1295,2671,False,False,False,False,False,11.0260941220331,12.537687198026106,0.39721345435695327,0.03168155721890153,12.503075684375,268.26191439555646,20.0,4.179317263938715e-05,0.0009340490805715973,6.684958129998349e-05,0.001042691834510968,0.0,81.45454545454545,59.5,36.44333960793235
M2S__UP023,open_qa,gemma4:12b,True,stop,8.311456973,0.848163395,3090,0.223538,586,7.17561,True,645,2106,False,False,False,False,False,8.314933004032355,9.825721284956671,0.29311317399176573,0.02983121192746699,12.502985375000002,251.14633083186195,20.0,3.237505520134788e-05,0.0006852666593228918,5.178517612221185e-05,0.0007694268906464515,6.25,88.25,59.5,36.43639039993286
M2S__UP024,open_qa,gemma4:12b,True,stop,9.446261908,0.80399004,3091,0.194967,693,8.391002,True,293,2783,False,False,False,False,False,9.449719846015796,10.960703757009469,0.3418948469024083,0.031192782368902494,12.503156525,263.83556871650933,20.0,3.6317256525009735e-05,0.0008030725869021538,5.8089738939048e-05,0.0008974795823662115,5.555555555555555,88.88888888888889,59.5,36.44115956624349
M2G__UP024,open_qa,gemma4:12b,True,stop,20.65395309,0.85019351,3026,0.217996,1618,19.52273,True,994,6263,False,False,False,False,False,20.657184050010983,22.168801610008813,0.7717417094929986,0.034812062603536094,12.50337909875,301.37810641876627,20.0,7.34849674127981e-05,0.001834808412289668,0.00011754126918321063,0.0020258346488856768,2.5,86.25,59.5,36.4401517868042
M2G__UP025,open_qa,gemma4:12b,True,stop,18.197551507,0.793451856,3024,0.195336,1410,17.155626,True,2312,4131,False,False,False,False,False,18.201281778980047,19.7122641170281,0.6744360807155864,0.034214034304308374,12.50291874875,295.61366922056857,20.0,6.495619920196291e-05,0.0016015510034623759,0.00010389857425018111,0.00177040577691452,0.0,88.44444444444444,59.5,36.44001939561632
M2S__UP025,open_qa,gemma4:12b,True,stop,8.76147671,0.834824179,3089,0.224136,625,7.639099,True,850,1980,False,False,False,False,False,8.765181070019025,10.27675158699276,0.31575457437834675,0.030725134465446842,12.503316425000001,259.52472970768696,20.0,3.3941322042225256e-05,0.0007406305925039547,5.428902357784359e-05,0.0008288609381240235,6.25,87.5,59.5,36.44123411178589
M2S__UP026,open_qa,gemma4:12b,True,stop,8.095740294,0.858160168,3088,0.222747,579,6.963721,True,792,2088,False,False,False,False,False,8.09858918597456,9.612710144952871,0.29143734834804985,0.030317917002945137,12.5028351,255.88482372888743,20.0,3.1623007415628135e-05,0.0006828202684774354,5.0584544944447574e-05,0.0007650278208375111,6.25,78.5,59.5,36.43653583526611
M2G__UP026,open_qa,gemma4:12b,True,stop,11.407883276,0.811989212,3023,0.217102,856,10.318338,True,1975,2259,False,False,False,False,False,11.411464956996497,12.923159600992221,0.41601837925818913,0.03219169244232253,12.503180965625,273.0457888628621,20.0,4.3131635689464275e-05,0.0009799341172795906,6.898931792788466e-05,0.0010920550708969396,9.090909090909092,87.72727272727273,59.5,36.44210572676225
M2G__UP027,open_qa,gemma4:12b,True,stop,3.501239869,0.867761764,3020,0.218437,194,2.348594,True,178,711,False,False,False,False,False,3.5047015479649417,5.016547031002119,0.11330787695569303,0.022586826407776813,12.502764828125,184.34717514470154,20.0,1.5669538793741853e-05,0.00025670242758391026,2.5063069600016912e-05,0.00029743503597766906,0.0,88.33333333333333,59.5,36.44696807861328
M2S__UP027,open_qa,gemma4:12b,True,stop,4.89163631,0.840189014,3085,0.047593,323,3.947177,True,199,1365,False,False,False,False,False,4.8949566329829395,6.405774083978031,0.1667365816714303,0.02602910740927749,12.503020445,216.1344964719012,20.0,2.04968487767962e-05,0.0003844041964109479,3.2785217238900566e-05,0.0004376862624266447,0.0,88.25,59.5,36.44583511352539
M2S__UP028,open_qa,gemma4:12b,True,stop,5.148233191,0.807503407,3081,0.056144,346,4.222961,True,314,1134,False,False,False,False,False,5.151678191032261,6.662911534018349,0.1763590505762001,0.026468766645898926,12.502595187500003,220.1981896727651,20.0,2.138811459940555e-05,0.00040734588143287453,3.4211405139002534e-05,0.0004629454011712826,0.0,88.6,59.5,36.45326309204101
M2G__UP028,open_qa,gemma4:12b,True,stop,9.26560859,0.850518363,3016,0.042447,689,8.308050999,True,1292,1919,False,False,False,False,False,9.26953292998951,10.78077893803129,0.3332835794863782,0.030914610289489913,12.5028704375,261.23465929771277,20.0,3.5690704394379914e-05,0.000782093959008634,5.709020071662963e-05,0.0008748748641196436,0.0,88.44444444444444,59.5,36.456887563069664
M2G__UP029,open_qa,gemma4:12b,True,stop,12.521551561,0.801299693,3015,0.210822,944,11.460869,True,2133,2075,False,False,False,False,False,12.525533808977343,14.037581149023026,0.45455739528304784,0.032381461624867165,12.503274026923076,274.73480635374426,20.0,4.7002479367712566e-05,0.0010710375234959102,7.518061738325439e-05,0.0011932206202468771,12.5,89.25,59.525,36.46011511484782
M2S__UP029,open_qa,gemma4:12b,True,stop,15.762203149,0.839567571,3080,0.223032,1211,14.635011,True,1332,4054,False,False,False,False,False,15.766200295998715,17.278126542980317,0.57992407031486,0.033564059672341565,12.50286728,238.80998611792938,20.0,5.649818826854606e-05,0.001375447211469094,9.036479927761117e-05,0.0015223101990152516,0.0,86.73333333333333,59.5,36.45232365926107
M2S__UP030,open_qa,gemma4:12b,True,stop,12.477188803,0.869926861,3086,0.215547,935,11.328311,True,386,4209,False,False,False,False,False,12.480424430978019,13.998593712982256,0.45865752939083326,0.032764543267333746,12.503274026923076,278.51569920463106,20.0,4.684305365259788e-05,0.0010822119768789662,7.49285090164954e-05,0.0012039835395480595,0.0,87.66666666666667,59.5,36.43785794576009
M2G__UP030,open_qa,gemma4:12b,True,stop,16.19328591,0.903135888,3021,0.194543,1249,15.031083,True,1623,4161,False,False,False,False,False,16.19687988102669,17.708017005003057,0.6012957305884957,0.033956130176439926,12.502574645000001,262.4681068835459,20.0,5.7981990736446136e-05,0.001427689753261241,9.273941386685086e-05,0.001578411157864538,3.125,84.125,59.5,36.4514319896698
M2G__UP031,open_qa,gemma4:12b,True,stop,6.872425875,0.90596497,3020,0.202992,468,5.705184,True,1137,827,False,False,False,False,False,6.876249378954526,8.390210137004033,0.24053568872674602,0.028668613157362022,12.503261648214286,240.53938877745117,20.0,2.7380165920803835e-05,0.0005602357259668622,4.379423733334989e-05,0.0006314101292210159,0.0,77.0,59.5,36.45743306477865
M2S__UP031,open_qa,gemma4:12b,True,stop,9.445241975,0.899711531,3085,0.217882,676,8.272281999,True,593,2317,False,False,False,False,False,9.448881448013708,10.95987453701673,0.3374069105106654,0.030785654468131102,12.5032317425,259.988047634914,20.0,3.631435571290127e-05,0.0007912992441498901,5.80850758444285e-05,0.0008856986757072199,0.0,88.33333333333333,59.5,36.4530881245931
M2S__UP032,open_qa,gemma4:12b,True,stop,3.808315771,0.811187499,3083,0.216626,223,2.714758,True,445,559,False,False,False,False,False,3.8121770279831253,5.324104433995672,0.12614188523867834,0.02369260160135711,12.503132478125,194.58191716015966,20.0,1.6740492948364385e-05,0.0002876082856424489,2.6775739688956594e-05,0.0003311245182797699,0.0,88.33333333333333,59.5,36.45049921671549
M2G__UP032,open_qa,gemma4:12b,True,stop,14.341316851,0.90186883,3018,0.042243,1095,13.338399,True,1961,2821,False,False,False,False,False,14.344511597999372,15.855252350971568,0.5222619149402357,0.03293936314474571,12.5072273075,279.8543359677781,20.0,5.3335162927473125e-05,0.001232325152526137,8.528577967760309e-05,0.001370946095131213,0.0,88.64285714285714,59.5,36.42483220781599
M2G__UP033,open_qa,gemma4:12b,True,stop,8.811416224,0.867985355,3016,0.212214,630,7.676784,True,1371,1527,False,False,False,False,False,8.814880603982601,10.325965006020851,0.3152833887719649,0.03053306771697656,12.503202375,257.69671409532515,20.0,3.4112892636766764e-05,0.0007389467022678176,5.456447327224952e-05,0.0008276240681768339,0.0,88.25,59.5,36.457022190093994
M2S__UP033,open_qa,gemma4:12b,True,stop,6.275953074,0.762693986,3081,0.174806,436,5.275406,True,410,1685,False,False,False,False,False,6.27962290099822,7.791218683007173,0.22294568192868996,0.028614994778023574,12.502984721428573,240.1178418148793,20.0,2.530654138307008e-05,0.0005194509711161643,4.0478560289031724e-05,0.0005852360727882661,0.0,88.83333333333333,59.5,36.44941012064616
M2S__UP034,open_qa,gemma4:12b,True,stop,11.949886857,0.836380262,3093,0.222241,895,10.831373,True,1161,3049,False,False,False,False,False,11.95379929896444,13.466272982012015,0.437588891218676,0.03249517455967205,12.503470137500003,275.87025229752044,20.0,4.501748755136318e-05,0.0010316555475462508,7.200498358902728e-05,0.0011486780186866412,9.090909090909092,88.81818181818181,59.5,36.448278253728695
M2G__UP034,open_qa,gemma4:12b,True,stop,13.235694529,0.907692547,3028,0.213741,995,12.057164,True,1627,2969,False,False,False,False,False,13.239685915992595,14.751193263975438,0.48258414298828695,0.032714922403384666,12.503232165178572,277.8233586894201,20.0,4.9481654472288446e-05,0.0011381620216397437,7.914761667780112e-05,0.0012667912927898331,0.0,83.53846153846153,59.5,36.449392758882965
M2G__UP035,open_qa,gemma4:12b,True,stop,5.262497529,0.846761254,3020,0.209305,344,4.153332,True,483,1140,False,False,False,False,False,5.2638433880056255,6.773022611043416,0.18105404955958715,0.026731646999727778,12.50249391875,222.61798487849086,20.0,2.177382081872673e-05,0.00041866727937822645,3.482875033352886e-05,0.00047526985053048204,0.0,88.6,59.5,36.43800659179688
M2S__UP035,open_qa,gemma4:12b,True,stop,4.345606274,0.833414495,3085,0.047789,279,3.402604,True,87,1055,False,False,False,False,False,4.348802838998381,5.8600040639867075,0.1453915169158523,0.024810821857508884,12.50238446,204.86457591521253,20.0,1.859984175150805e-05,0.00033330193330805,2.9753342189037036e-05,0.0003816551172485951,0.0,89.0,59.5,36.436978340148926
M2S__UP036,open_qa,gemma4:12b,True,stop,3.959787325,0.717521886,3082,0.040519,257,3.150091,True,32,1068,False,False,False,False,False,3.9636636420036666,5.475806709961034,0.13466554382656917,0.024592822749130137,12.5027648,203.01020868694874,20.0,1.726527034243977e-05,0.00030861830245054733,2.7615689122143923e-05,0.00035349926191513103,0.0,88.0,59.5,36.44334030151367
M2G__UP036,open_qa,gemma4:12b,True,stop,2.668736406,0.847418413,3017,0.041707,141,1.721073,True,56,508,False,False,False,False,False,2.6706770539749414,4.180887244991027,0.08203126886802935,0.019620540823316417,12.502345962500002,156.95437511551933,20.0,1.2767557081345268e-05,0.00018214236793667737,2.0423501594470712e-05,0.00021533342661249336,0.0,84.5,59.5,36.43451118469238
M2G__UP037,open_qa,gemma4:12b,True,stop,9.882972661,0.885039319,3016,0.039865,732,8.896323,True,1281,1863,False,False,False,False,False,9.886848902970087,11.400874514016323,0.3526756633534183,0.030934088689410288,12.50328644,261.39489151141845,20.0,3.7836980837283966e-05,0.000827421495269931,6.052092631677321e-05,0.0009257794024239882,11.11111111111111,88.66666666666667,59.5,36.4359253777398
M2S__UP037,open_qa,gemma4:12b,True,stop,6.387289218,0.871475175,3081,0.216611,432,5.244353,True,419,1525,False,False,False,False,False,6.390651825000532,7.901936176000163,0.2220402433608843,0.028099473143717243,12.502788585714287,235.20808304393944,20.0,2.5691687796738494e-05,0.0005160723573016668,4.109523659442655e-05,0.0005828592816928318,0.0,84.0,59.5,36.44945780436198
M2S__UP038,open_qa,gemma4:12b,True,stop,5.154943871,0.770278016,3080,0.203975,339,4.134435999,True,498,1048,False,False,False,False,False,5.158525466977153,6.67152866901597,0.17810444190248445,0.026696196739682796,12.50247635,222.40383861840664,20.0,2.141236232491203e-05,0.00041186394060233056,3.425077911104179e-05,0.0004675270820382844,0.0,85.6,59.5,36.43861465454101
M2G__UP038,open_qa,gemma4:12b,True,stop,6.345393575,0.871130619,3015,0.033919,440,5.379479,True,520,1427,False,False,False,False,False,6.348196345963515,7.8580313920392655,0.21972794925604686,0.027962213217759175,12.5028042875,233.90248097755358,20.0,2.5542983156307695e-05,0.0005103876305305732,4.0858858044440344e-05,0.0005767894717313213,0.0,88.33333333333333,59.5,36.434984842936196
M2G__UP039,open_qa,gemma4:12b,True,stop,4.8593486,0.821361404,3019,0.041982,323,3.948835,True,456,805,False,False,False,False,False,4.863067625963595,6.374871608975809,0.1641954250038332,0.025756663831887423,12.5029491425,213.57715971151384,20.0,2.0388502736588218e-05,0.00037801613574650617,3.261104599999574e-05,0.00043101568448309014,0.0,88.25,59.5,36.449463844299316
M2S__UP039,open_qa,gemma4:12b,True,stop,5.32332079,0.84890725,3084,0.047733,358,4.36044,True,166,1278,False,False,False,False,False,5.326438268006314,6.837408819003031,0.18212415036526947,0.026636428387768276,12.50263139375,221.70672745380938,20.0,2.1995111999479822e-05,0.00042089978116344184,3.518398953892756e-05,0.0004780788827018492,0.0,85.4,59.5,36.45706405639648
M2S__UP040,open_qa,gemma4:12b,True,stop,8.620079188,0.832630802,3086,0.042198,633,7.686663,True,153,2301,False,False,False,False,False,8.62375378998695,10.135687900998164,0.30833016108916106,0.03042025012025051,12.50312795,256.669404668711,20.0,3.345019719321419e-05,0.0007224178001559167,5.350373408323827e-05,0.0008093717314323692,6.25,86.25,59.5,36.451823711395264
M2G__UP040,open_qa,gemma4:12b,True,stop,6.015524584,0.867403441,3021,0.201087,406,4.889139,True,298,1413,False,False,False,False,False,6.0192965409951285,7.5305400689831,0.20764502100480525,0.027573722349616945,12.502636373214287,230.34287342439276,20.0,2.4400917478883685e-05,0.0004816392742004183,3.903139515572952e-05,0.0005450715868350315,0.0,74.16666666666667,59.5,36.448673248291016
M2G__UP041,classification,gemma4:12b,True,stop,41.593048564,0.878004598,3031,0.043194,3354,40.608278,True,882,13135,False,False,False,False,False,41.59542548900936,43.107152027019765,1.5710126233395358,0.03644436130586447,12.503588674122597,315.1034440250566,20.0,0.00014443322088435753,0.003748477443224374,0.0002310232467444924,0.004123933910853224,1.2195121951219512,88.8780487804878,59.5,36.44506147431164
M2S__UP041,classification,gemma4:12b,True,stop,21.240967073,0.854597573,3096,0.168364,1612,19.755224,True,259,6469,False,False,False,False,False,21.245005696022417,22.756382677995134,0.7802150580050232,0.03428554832484304,12.5033032165625,299.4471962021562,20.0,7.552554321488074e-05,0.0018517495369536618,0.00012080224757794188,0.002048077327746484,0.0,84.19047619047619,60.7,37.17536435808454
M2S__UP042,classification,gemma4:12b,True,stop,25.741506125,0.807237526,3127,0.221623,2039,24.646587,True,157,7368,False,False,False,False,False,25.74513262702385,27.25631185300881,0.9713867157608395,0.03563896395812659,12.50357211125,308.3369477140454,20.0,9.114725892781204e-05,0.0023129687948184596,0.0001457900120388432,0.0025499060657851146,4.0,89.36,60.7,37.16951431274414
M2G__UP042,classification,gemma4:12b,True,stop,12.741837415,0.82007804,3062,0.222044,962,11.646258,True,204,3583,False,False,False,False,False,12.745928372023627,14.257762961962726,0.4714341941142306,0.033065088497538954,12.503486816346152,281.1752901281795,20.0,4.77679321260393e-05,0.001113349501789429,7.640506014997502e-05,0.0012375224940654433,4.166666666666667,88.83333333333333,60.70000000000001,37.16445509592692
M2G__UP043,classification,gemma4:12b,True,stop,2.855383467,0.806077798,3025,0.218654,146,1.769547,True,59,523,False,False,False,False,False,2.858595655998215,4.369024504034314,0.09121794946339037,0.0208783332249935,12.5024576,168.65055090818478,20.0,1.342510890592669e-05,0.0002045496080835818,2.14738969057281e-05,0.00023944861389523658,0.0,88.5,60.7,37.17404556274414
M2S__UP043,classification,gemma4:12b,True,stop,11.711660927,0.806691081,3090,0.048943,893,10.795123,True,42,3625,False,False,False,False,False,11.714764134958386,13.225346331018955,0.4284951444475931,0.032399540527917464,12.50321174375,274.9687996443626,20.0,4.418443502222499e-05,0.001009946919067417,7.067543012769117e-05,0.0011248067842173333,4.545454545454546,89.18181818181819,60.7,37.16321529041637
M2S__UP044,classification,gemma4:12b,True,stop,7.496194004,0.91870245,3103,0.222261,516,6.288179,True,199,1931,False,False,False,False,False,7.499788944027387,9.013343780010473,0.2649584843024444,0.029396247471450213,12.503272976562501,247.25848922206168,20.0,2.9545670213319842e-05,0.000618715772749745,4.725892533315346e-05,0.0006955203682962183,0.0,78.85714285714286,60.7,37.160827091761995
M2G__UP044,classification,gemma4:12b,True,stop,14.14069035,0.860213975,3038,0.218129,1074,12.999052,True,821,3683,False,False,False,False,False,14.144267230003607,15.657408515980933,0.5202074749691469,0.0332243662441451,12.5032284875,282.60612481343423,20.0,5.262316689041303e-05,0.0012287573718943179,8.41726177165078e-05,0.0013655531565012387,0.0,83.0,60.7,37.15851647513254
M2G__UP045,classification,gemma4:12b,True,stop,6.58789294,0.857512299,3034,0.219115,447,5.452145,True,101,1680,False,False,False,False,False,6.5910875289700925,8.101822685042862,0.23051586194700732,0.028452345960690177,12.503064082142856,238.47455089111594,20.0,2.6389649340589003e-05,0.0005365073736500747,4.22108965447276e-05,0.0006051079195353913,16.666666666666668,76.83333333333333,60.70000000000001,37.15559387207031
M2S__UP045,classification,gemma4:12b,True,stop,6.091678581,0.880630284,3099,0.220504,405,4.925004,True,55,1532,False,False,False,False,False,6.09551451500738,7.608106336032506,0.21133778175911017,0.027777974232326398,12.502741673214286,232.28972671867788,20.0,2.4667464175114906e-05,0.0004906412258467441,3.945645437795772e-05,0.0005547651443998167,0.0,73.66666666666667,60.70000000000001,37.158302307128906
M2S__UP046,classification,gemma4:12b,True,stop,18.853432914,0.892301583,3126,0.20927,1444,17.686883,True,331,5109,False,False,False,False,False,18.856955703988206,20.368333633989096,0.6922394358982077,0.03398606132133716,12.5034841325,293.9875521257404,20.0,6.7236952886905e-05,0.0016423593694421257,0.00010754355402799168,0.0018171398763570225,2.7777777777777777,88.27777777777777,60.70000000000001,37.15163124932183
M2G__UP046,classification,gemma4:12b,True,stop,18.944610778,0.846064662,3061,0.202348,1472,17.835435,True,1345,4306,False,False,False,False,False,18.948627142992336,20.46067010803381,0.7078275736606165,0.03459454504291581,12.503519780000001,297.96589218664394,20.0,6.754526339748842e-05,0.0016824774570913803,0.00010803627323896056,0.0018580589937278293,2.7777777777777777,88.88888888888889,60.70000000000001,37.15348794725206
M2G__UP047,classification,gemma4:12b,True,stop,12.110391366,0.86091008,3022,0.218244,912,10.967862,True,1703,2674,False,False,False,False,False,12.11366036097752,13.624980576976668,0.4446210113109138,0.03263278129454578,12.50307575,277.14365295109104,20.0,4.5569166174682694e-05,0.0010486780611644875,7.289022196103664e-05,0.0011671374493002068,12.5,81.83333333333333,60.70000000000001,37.16048208872477
M2S__UP047,classification,gemma4:12b,True,stop,8.96146715,0.880234162,3087,0.224203,636,7.790522,True,489,2433,False,False,False,False,False,8.964845273003448,10.476280320959631,0.3209862941464623,0.03063933803911996,12.5032395875,258.68220483929014,20.0,3.463417812699817e-05,0.0007525628242719407,5.5397285949826865e-05,0.0008425942883487657,0.0,88.0,60.7,37.143476486206055
M2S__UP048,classification,gemma4:12b,True,stop,5.345289569,0.877129229,3103,0.226975,345,4.183259,True,137,1266,False,False,False,False,False,5.348899997945409,6.860906254965812,0.18426483136532895,0.026857214559951333,12.50265726875,223.791169195469,20.0,2.2076150587810403e-05,0.00042631172993790045,3.5310324922061735e-05,0.0004836982054477726,0.0,88.4,60.7,37.15470428466797
M2G__UP048,classification,gemma4:12b,True,stop,11.57342303,0.873384815,3038,0.052464,880,10.583038,True,193,3465,False,False,False,False,False,11.57651868701214,13.087312422983814,0.4227801508293692,0.03230458150344808,12.503442284375,274.0945927904435,20.0,4.370325035641435e-05,0.0009961974636230053,6.99041182278759e-05,0.0011098048322072955,0.0,89.45454545454545,60.7,37.16104230013761
M2G__UP049,classification,gemma4:12b,True,stop,3.936531449,0.870498238,3025,0.220392,230,2.786052,True,82,804,False,False,False,False,False,3.940600556030404,5.452780563966371,0.1299153202233184,0.023825517770114983,12.502765024999999,195.8054041226708,20.0,1.7183079566566224e-05,0.00029636218153417104,2.7484585922017383e-05,0.00034102984702275463,0.0,85.66666666666667,60.70000000000001,37.16682561238607
M2S__UP049,classification,gemma4:12b,True,stop,2.919577461,0.90787683,3090,0.046381,157,1.90541,True,74,555,False,False,False,False,False,2.9232209099573083,4.438308355980553,0.09078170508017189,0.020454123012396134,12.502457637500001,164.7446544072719,20.0,1.3650607745277712e-05,0.00020281794003107478,2.1834917455756418e-05,0.0002383034652321089,0.0,84.5,60.7,37.156789779663086
M2S__UP050,classification,gemma4:12b,True,stop,3.36857219,0.836501009,3086,0.042146,199,2.422913,True,27,821,False,False,False,False,False,3.3722591010155156,4.884202901972458,0.10888066739737019,0.022292412822038855,12.502232225,181.63406204871345,20.0,1.5211022400110689e-05,0.00024627297479717924,2.4329541055420932e-05,0.00028581353825271084,0.0,89.0,60.70000000000001,37.179369608561196
M2G__UP050,classification,gemma4:12b,True,stop,4.897019041,0.846412535,3021,0.042547,324,3.947082,True,198,1058,False,False,False,False,False,4.900721619953401,6.412265972991008,0.1646249920998999,0.02567345035176549,12.50294912,212.76717487362671,20.0,2.051902387198933e-05,0.00037880280304136704,3.282147824453811e-05,0.00043214330515789446,0.0,88.5,60.7,37.174920082092285
M2G__UP051,classification,gemma4:12b,True,stop,3.410870115,0.833512134,3025,0.042594,203,2.470784,True,80,678,False,False,False,False,False,3.414200820028782,4.92518183903303,0.10970809907644513,0.02227493373076847,12.503107615625002,181.44013715499895,20.0,1.535409205400974e-05,0.0002480735317922367,2.4557936139171944e-05,0.0002879855599854184,0.0,89.0,60.70000000000001,37.170528411865234
M2S__UP051,classification,gemma4:12b,True,stop,4.571750266,0.805352277,3090,0.049143,300,3.65105,True,64,1100,False,False,False,False,False,4.574898742022924,6.086154681979679,0.15360814921299507,0.025238949260985605,12.50294912,208.8057767402278,20.0,1.9386456621070037e-05,0.0003528283378182451,3.100911739424596e-05,0.00040322391183356105,0.0,88.0,60.7,37.168548583984375
M2S__UP052,classification,gemma4:12b,True,stop,7.91287747,0.84250851,3109,0.037751,571,6.965406,True,294,2003,False,False,False,False,False,7.9167175340116955,9.4282359489589,0.27944785991172694,0.029639463991414493,12.503186450000001,249.41611449890786,20.0,3.0993309444214745e-05,0.0006529869112776865,4.9574996266488195e-05,0.0007335552169883894,0.0,88.57142857142857,60.7,37.1739251273019
M2G__UP052,classification,gemma4:12b,True,stop,16.563378963,0.78260798,3044,0.204926,1268,15.511933,True,501,4631,False,False,False,False,False,16.5659672570182,18.07704087503953,0.6036002738484589,0.03339043585844296,12.503016200000001,268.84780251536773,20.0,5.9273932701314226e-05,0.0014303772554127292,9.480943361704703e-05,0.0015844606217310904,6.25,88.3125,60.7,37.17216205596924
M2G__UP053,classification,gemma4:12b,True,stop,3.058339692,0.890036273,3037,0.218348,158,1.897051,True,90,445,False,False,False,False,False,3.0621329689747654,4.5738910540239885,0.09688215193984467,0.021181560906355718,12.501934156250002,171.3735733635229,20.0,1.4132316494556308e-05,0.00021757934073018959,2.2605581100085854e-05,0.00025431723832483176,0.0,66.0,60.70000000000001,37.16006215413412
M2S__UP053,classification,gemma4:12b,True,stop,3.993208995,0.861927258,3102,0.050637,248,3.013981,True,16,925,False,False,False,False,False,3.9962843179819174,5.510690918017644,0.1323704103857449,0.0240206559132085,12.5032452875,197.73935844854975,20.0,1.7376314067811997e-05,0.00030230468628822393,2.779349862216299e-05,0.00034747449897819894,0.0,89.33333333333333,60.70000000000001,37.15742492675781
M2S__UP054,classification,gemma4:12b,True,stop,7.687952906,0.895589654,3127,0.042939,548,6.683005,True,179,1850,False,False,False,False,False,7.691713027947117,9.20457072003046,0.2685774986927052,0.02917870988901657,12.5034261453125,245.12192730106818,20.0,3.0215169914122233e-05,0.0006264780011813187,4.8327169350037974e-05,0.0007050203404454789,0.0,86.71428571428571,60.7,37.16783687046596
M2G__UP054,classification,gemma4:12b,True,stop,9.713782648,0.928576402,3062,0.183768,707,8.54404,True,186,2464,False,False,False,False,False,9.717642846982926,11.228838427981827,0.3465702770840933,0.030864303490239355,12.50331777125,260.6959397247297,20.0,3.724876200984404e-05,0.0008129248170067882,5.957908428325836e-05,0.0009097526632998906,0.0,89.55555555555556,60.70000000000001,37.1617685953776
M2G__UP055,classification,gemma4:12b,True,stop,5.603848714,0.887794829,3027,0.215078,369,4.43698,True,129,1373,False,False,False,False,False,5.607611935003661,7.11861244298052,0.1924225987356188,0.027030913717653184,12.5030162,225.33639308383047,20.0,2.2973038635264084e-05,0.0004453936896489097,3.674575034981697e-05,0.0005051124786339908,0.0,88.8,60.7,37.17558364868164
M2S__UP055,classification,gemma4:12b,True,stop,3.968238305,0.859508865,3092,0.049825,246,2.994149,True,74,897,False,False,False,False,False,3.971302988997195,5.482177187979687,0.13106169336801154,0.02390686927364909,12.5027648,196.50505026246609,20.0,1.7290744357704403e-05,0.0002990907948277055,2.7657556149966293e-05,0.0003440390953353762,0.0,88.66666666666667,60.70000000000001,37.168097178141274
M2S__UP056,classification,gemma4:12b,True,stop,8.68886118,0.87181028,3147,0.047591,630,7.702154,True,148,2360,False,False,False,False,False,8.69199858000502,10.20208839100087,0.30814694729925196,0.030204300873443165,12.503276812500001,254.59966134686212,20.0,3.368474840804273e-05,0.0007213252992812613,5.3880744538683865e-05,0.0008088907922279879,0.0,87.75,60.7,37.172494888305664
M2G__UP056,classification,gemma4:12b,True,stop,8.010325954,0.844288138,3082,0.222976,563,6.888221,True,201,2085,False,False,False,False,False,8.014210904948413,9.525608349998947,0.2819917587708509,0.029603543249905093,12.502867225000001,249.0442073191995,20.0,3.1332803060258385e-05,0.0006587819159138419,5.0118274255591026e-05,0.0007402329932296914,0.0,77.25,60.7,37.17216205596924
M2G__UP057,classification,gemma4:12b,True,stop,5.218822891,0.881016045,3037,0.210838,335,4.072065,True,159,1290,False,False,False,False,False,5.222836029017344,6.734434181009419,0.1763197671735684,0.026181823510990195,12.502627906250002,217.4470862103099,20.0,2.1637292913146825e-05,0.00040659532527609343,3.460966340563674e-05,0.000462842281594877,0.0,86.6,60.7,37.193853759765624
M2S__UP057,classification,gemma4:12b,True,stop,11.710539623,0.919354446,3102,0.050538,875,10.68184,True,99,3759,False,False,False,False,False,11.713731646013912,13.225089230982121,0.420100563220914,0.03176542372483611,12.5033513,268.9855145632717,20.0,4.41804477416419e-05,0.0009879213458923175,7.066907713888214e-05,0.0011027708707728415,4.545454545454546,88.54545454545455,60.7,37.19075879183683
M2S__UP058,classification,gemma4:12b,True,stop,8.567277586,0.791110211,3129,0.230531,614,7.477564,True,178,2247,False,False,False,False,False,8.570877210004255,10.081436688953545,0.3068158232759621,0.03043374002558058,12.5033560375,256.801689089103,20.0,3.326349666463079e-05,0.0007189280751411786,5.320499802215232e-05,0.0008053965698279617,0.0,89.0,60.7,37.173595905303955
M2G__UP058,classification,gemma4:12b,True,stop,21.714536974,0.856515588,3064,0.219037,1678,20.575118,True,357,6493,False,False,False,False,False,21.717687249998562,23.229269100993406,0.7993655592788825,0.03441199788953745,12.50348049453125,297.7474347356174,20.0,7.716710514084937e-05,0.001897752073755754,0.00012342852888363673,0.00209834770778024,7.142857142857143,87.38095238095238,60.7,37.155530293782554
M2G__UP059,classification,gemma4:12b,True,stop,17.766795731,0.810075393,3047,0.207937,1380,16.690712,True,280,4754,False,False,False,False,False,17.7699804949807,19.28038781497162,0.660428186132225,0.034253884956576906,12.50319282875,291.97454886826335,20.0,6.34580703056617e-05,0.001568673477159166,0.00010150327634991197,0.0017336348238147395,0.0,89.17647058823529,60.7,37.16973315968233
M2S__UP059,classification,gemma4:12b,True,stop,7.026557541,0.867120477,3112,0.227551,483,5.86689,True,140,1627,False,False,False,False,False,7.030409307044465,8.542631971999072,0.24809227738778547,0.02904166750961286,12.50289861875,243.97994614871666,20.0,2.7914541237648237e-05,0.0005786815740558282,4.465018313882562e-05,0.0006512462984323021,0.0,76.71428571428571,60.7,37.1622565133231
M2S__UP060,classification,gemma4:12b,True,stop,4.576759685,0.750261072,3113,0.232058,291,3.529451,True,90,921,False,False,False,False,False,4.58059448399581,6.091965912957676,0.1578202496822072,0.025906292309765204,12.50295344,215.10903950854424,20.0,1.9407137439291944e-05,0.00036383167995346355,3.1041927277692595e-05,0.0004142807446704481,12.5,81.0,60.7,37.16877841949463
M2G__UP060,classification,gemma4:12b,True,stop,12.04741887,0.809958578,3048,0.038464,918,11.133182,True,179,3209,False,False,False,False,False,12.05121790402336,13.563328475982416,0.43922919678506345,0.03238358471984505,12.503121165384615,274.805021916627,20.0,4.5353477914073636e-05,0.0010350858280681052,7.254454172766094e-05,0.0011529838477098398,0.0,81.5,60.70000000000001,37.16096305847168
M2G__UP061,information_extraction,gemma4:12b,True,stop,14.894128577,0.792858361,3272,0.261154,1139,13.774042,True,411,4019,False,False,False,False,False,14.897285648970865,16.408837714989204,0.5502659677927917,0.03353473154836145,12.5033513375,285.45563576094736,20.0,5.523794004568479e-05,0.0013008629851345432,8.835626813330844e-05,0.0014444571933135365,0.0,84.28571428571429,60.7,37.162588119506836
M2S__UP061,information_extraction,gemma4:12b,True,stop,7.480305165,0.869194086,3337,0.245235,519,6.303944,True,338,1689,False,False,False,False,False,7.484255259972997,8.99622691096738,0.2675634336300582,0.029741739095516726,12.5032283,250.46868950573065,20.0,2.9492040359277818e-05,0.0006256932783319513,4.717308432769237e-05,0.0007023584030189216,0.0,89.0,60.7,37.15201187133789
M2S__UP062,information_extraction,gemma4:12b,True,stop,17.108850403,0.813144957,3945,0.33549,1295,15.881932,True,1344,3453,False,False,False,False,False,17.112835684034508,18.627190409984905,0.6304059145948417,0.03384331725394934,12.502837969062501,279.47413436722593,20.0,6.117501228755166e-05,0.0014958011966408336,9.784965954475208e-05,0.0016548258684731373,5.882352941176471,84.70588235294117,60.7,37.15100501565372
M2G__UP062,information_extraction,gemma4:12b,True,stop,19.303972148,0.872092309,3880,0.343174,1474,18.025852,True,1673,4080,False,False,False,False,False,19.30800956703024,20.819105788017623,0.7152518651307077,0.03435555169436571,12.503178625625,297.7225112546312,20.0,6.879901305670568e-05,0.001698704970074516,0.00011004389751114004,0.0018775478806423618,7.894736842105263,85.89473684210526,60.699999999999996,37.173588602166426
M2G__UP063,information_extraction,gemma4:12b,True,stop,22.202263204,0.821435773,4780,0.492839,1696,20.798726,True,296,7324,False,False,False,False,False,22.206527283997275,23.71794195799157,0.8282066810784849,0.034918994343833755,12.5033553575,302.79696287178945,20.0,7.886831968048134e-05,0.0019690374085623574,0.00012615039743896987,0.0021740561256818084,2.272727272727273,84.9090909090909,60.7,37.16595805775035
M2S__UP063,information_extraction,gemma4:12b,True,stop,17.994136738,0.866006566,4845,0.439373,1315,16.128841,True,161,5027,False,False,False,False,False,17.998337443976197,19.509865964006167,0.6568395087539821,0.03366704363657793,12.50334414125,291.23989830540563,20.0,6.424978971583739e-05,0.0015571998568706391,0.00010276484023326904,0.0017242144868197455,0.0,85.41176470588235,61.7764705882353,37.813003315645105
M2S__UP064,information_extraction,gemma4:12b,True,stop,4.720957406,0.861783206,3487,0.234663,256,3.128966,True,125,993,False,False,False,False,False,4.724785479949787,6.236373070045374,0.15042556596787593,0.024120681087923028,12.503096202500002,198.16981381349873,20.0,1.9907815383066622e-05,0.0003431197189396329,3.184204427784102e-05,0.00039486957860054053,0.0,66.5,63.0,38.58253288269043
M2G__UP064,information_extraction,gemma4:12b,True,stop,4.208277379,0.812973325,3422,0.102566,266,3.225958,True,125,967,False,False,False,False,False,4.212146979989484,5.723861975013278,0.1422483486793761,0.02485181321638108,12.502287800000001,205.32280449161257,20.0,1.812712153908124e-05,0.00032628248324861886,2.899464427221877e-05,0.0003734042490599189,0.0,80.0,63.0,38.58997344970703
M2G__UP065,information_extraction,gemma4:12b,True,stop,7.009199339,0.789725664,3559,0.284725,478,5.863562,True,184,1551,False,False,False,False,False,7.013173834013287,8.528864577994682,0.2487930585850913,0.02917071273789504,12.5027229640625,245.28727120112345,20.0,2.78561341535658e-05,0.0005806715756468961,4.455815077203119e-05,0.0006530858605724931,0.0,75.85714285714286,63.0,38.59325190952846
M2S__UP065,information_extraction,gemma4:12b,True,stop,9.840163618,0.86458711,3624,0.276664,704,8.633229,True,160,2436,False,False,False,False,False,9.84412926796358,11.35537156398641,0.35155904439419833,0.030959712979288918,12.503353411250002,261.58037112722894,20.0,3.768825413664632e-05,0.0008248767710110627,6.02832341886824e-05,0.0009228482593363914,0.0,87.55555555555556,63.0,38.58263270060221
M2S__UP066,information_extraction,gemma4:12b,True,stop,2.681426425,0.834694476,3227,0.253305,125,1.525237,True,42,478,False,False,False,False,False,2.685276979987975,4.1986598939984106,0.08144288377398004,0.019397351971850586,12.5024576,154.89863296932998,20.0,1.282455346963098e-05,0.00018045181102888108,2.051254158884856e-05,0.00021378890608736063,0.0,63.0,63.0,38.58891677856445
M2G__UP066,information_extraction,gemma4:12b,True,stop,2.131005093,0.854913009,3162,0.054169,95,1.158332,True,42,325,False,False,False,False,False,2.134453679958824,3.6456903829821385,0.061707698795037215,0.016926203904501873,12.501256175,132.06102108291213,20.0,1.0908796370172577e-05,0.0001336234402318226,1.7451485133238343e-05,0.00016198372173523352,0.0,81.0,63.0,38.58116149902344
M2G__UP067,information_extraction,gemma4:12b,True,stop,6.65985135,0.715976623,3159,0.059773,481,5.815306,True,497,1484,False,False,False,False,False,6.663672233000398,8.17528579296777,0.23689080754200872,0.028976455813419736,12.503115028571429,243.42352468705394,20.0,2.6642770972791295e-05,0.0005525840531781512,4.261543216093237e-05,0.0006218422563118749,8.333333333333334,89.83333333333333,63.0,38.58957099914551
M2S__UP067,information_extraction,gemma4:12b,True,stop,5.104296907,0.854781405,3224,0.223299,327,3.962367,True,141,1276,False,False,False,False,False,5.108160599018447,6.619767875992693,0.17221611778691176,0.026015431509535582,12.50247081875,215.92526737647896,20.0,2.1238814681112477e-05,0.0003968583730422637,3.3972946905608596e-05,0.00045207013462898477,10.0,71.2,63.0,38.5999137878418
M2S__UP068,information_extraction,gemma4:12b,True,stop,54.739088571,0.890436027,3583,0.295237,4383,53.485703,True,108,15197,False,False,False,False,False,54.74259392701788,56.25380917097209,2.0651896585610054,0.03671199673402167,12.503910268426846,316.88042165554987,20.0,0.00018835708481510709,0.0049315308896646926,0.00030126876147244027,0.005421156735952239,3.7037037037037037,88.33333333333333,63.0,38.58346211468732
M2G__UP068,information_extraction,gemma4:12b,True,stop,12.17404716,0.894308822,3518,0.234659,861,10.508219,True,170,2853,False,False,False,False,False,12.178014361008536,13.689960610005073,0.4360928519187146,0.03185493839916556,12.503302195192306,269.79104075821823,20.0,4.5794810854420286e-05,0.0010257063761196505,7.324970400562355e-05,0.0011447508909796945,0.0,81.5,63.349999999999994,38.789319356282554
M2G__UP069,information_extraction,gemma4:12b,True,stop,3.180937285,0.856255118,3171,0.241432,166,2.017046,True,50,523,False,False,False,False,False,3.1848429350066,4.696793635026552,0.1021911859732204,0.021757648709776173,12.5018918,176.7145964787036,20.0,1.456010415721549e-05,0.00023040490654580026,2.328852906131134e-05,0.0002682535397643271,0.0,65.0,63.20000000000001,38.72011057535807
M2S__UP069,information_extraction,gemma4:12b,True,stop,3.290985261,0.822921394,3236,0.070074,192,2.340583,True,49,610,False,False,False,False,False,3.29495021404,4.806327752012294,0.10882590219382716,0.022642214141194255,12.502036137500003,184.99331108902118,20.0,1.4941225953860067e-05,0.00024682908635220713,2.389946638884592e-05,0.00028566977869491313,0.0,58.666666666666664,63.20000000000001,38.6803944905599
M2S__UP070,information_extraction,gemma4:12b,True,stop,11.312329264,0.900206171,3498,0.275629,833,10.081283,True,145,3713,False,False,False,False,False,11.316304930020124,12.828178324969485,0.41026317978800986,0.031981406041842325,12.503138112499999,271.0685474729176,20.0,4.280162493117618e-05,0.000965684105879383,6.846184705532828e-05,0.0010769475778658875,0.0,81.18181818181819,63.1,38.6327351656827
M2G__UP070,information_extraction,gemma4:12b,True,stop,16.01794213,0.837817984,3433,0.282732,1211,14.832229,True,236,4917,False,False,False,False,False,16.021872526034713,17.533105153997894,0.5876293188000552,0.0335154163303506,12.50251705625,261.6448675478038,20.0,5.7388892587146414e-05,0.0013933558369059185,9.179187321084706e-05,0.001542536602703912,3.125,83.125,63.0,38.59607815742493
M2G__UP071,information_extraction,gemma4:12b,True,stop,3.912818108,0.911601704,3135,0.237485,222,2.699946,True,130,598,False,False,False,False,False,3.9167954569566064,5.428740567003842,0.12712581950694402,0.023417184508617177,12.502764828125,191.92775477265843,20.0,1.7101817465037798e-05,0.0002892516202894768,2.735392412222508e-05,0.0003337073618767397,0.0,86.66666666666667,63.1,38.62466557820638
M2S__UP071,information_extraction,gemma4:12b,True,stop,4.725611917,0.884346902,3200,0.065941999,306,3.715364,True,77,1041,False,False,False,False,False,4.729483895003796,6.241411794966552,0.16100944759511623,0.02579695954767219,12.5029491425,214.01357269370357,20.0,1.992514873426854e-05,0.0003708572411307287,3.187005164994237e-05,0.0004226524415149396,0.0,87.5,63.1,38.61502647399902
M2S__UP072,information_extraction,gemma4:12b,True,stop,27.765766342,0.87201945,3478,0.292349,2207,26.554087,True,729,7344,False,False,False,False,False,27.769426088023465,29.28013477101922,1.048640792959943,0.035814069885971384,12.503684862767859,309.3170068131284,20.0,9.818558785660649e-05,0.0024974675535283097,0.00015704614450547122,0.0027526992858903873,7.407407407407407,89.85185185185185,63.0,38.60140694512261
M2G__UP072,information_extraction,gemma4:12b,True,stop,30.002056903,0.87004225,3413,0.280045,2368,28.783393,True,968,7482,False,False,False,False,False,30.005864002974704,31.517267899995204,1.1620951695176363,0.03687169754703938,8.335742083802083,205.8398879206928,20.0,0.00010593794851954268,0.0026945738223238536,0.00025000711488343464,0.0030505188857268307,3.4482758620689653,88.89655172413794,63.0,38.599255134319435
M2G__UP073,information_extraction,gemma4:12b,True,stop,3.362664697,0.831040276,3318,0.26523,181,2.203165,True,21,618,False,False,False,False,False,3.366499670955818,4.87846461602021,0.11109557804448408,0.022772652215137815,12.502321128125,186.18016719069144,20.0,1.5190992434335399e-05,0.00025214047948907137,2.4296243116582952e-05,0.0002916277150399897,0.0,71.0,63.1,38.610443115234375
M2S__UP073,information_extraction,gemma4:12b,True,stop,3.863047834,0.799492761,3383,0.272986,224,2.737265,True,21,783,False,False,False,False,False,3.8669694480486214,5.377999724994879,0.13074288182050847,0.02431068956974202,12.502597371875002,200.38498203428955,20.0,1.6928439929685693e-05,0.00029919690602397964,2.7076863838980595e-05,0.00034320220979264595,0.0,88.0,63.1,38.61587651570638
M2S__UP074,information_extraction,gemma4:12b,True,stop,10.383990429,0.791949053,3468,0.284921,763,9.235852,True,94,3013,False,False,False,False,False,10.387715479009785,11.89898901397828,0.3801582805884942,0.03194878826612119,12.503224382954548,270.85517941859257,20.0,3.957635892342514e-05,0.0008950409938099924,6.330437082215212e-05,0.0009979217235555695,0.0,89.0,63.1,38.616202926635744
M2G__UP074,information_extraction,gemma4:12b,True,stop,9.254276359,0.815448659,3403,0.278978,667,8.095669,True,144,2598,False,False,False,False,False,9.257573292998131,10.768408241972793,0.3361209097681811,0.031213611354188694,12.50296179875,264.0530973963437,20.0,3.565011951474865e-05,0.0007896470206061323,5.702576253873606e-05,0.000882322902659617,0.0,89.11111111111111,63.07777777777778,38.60955513848199
M2G__UP075,information_extraction,gemma4:12b,True,stop,6.330470469,0.869610013,3335,0.237347,429,5.166285,True,279,1574,False,False,False,False,False,6.3341197650297545,7.845624310022686,0.2238953368309289,0.028537606184495155,12.502832926785715,239.36467353057313,20.0,2.5496160282947154e-05,0.0005214495838261612,4.078318837790802e-05,0.0005877289324870165,8.333333333333334,89.0,63.0,38.5958677927653
M2S__UP075,information_extraction,gemma4:12b,True,stop,5.698598167,0.848349201,3400,0.285476,367,4.505095,True,210,1350,False,False,False,False,False,5.702180716034491,7.213838558003772,0.1967694588359807,0.02727666515598197,12.503016181249999,227.6359208277324,20.0,2.3302816116929978e-05,0.000455947309202287,3.727293239434301e-05,0.00051652305771356,0.0,88.4,63.0,38.604530334472656
M2S__UP076,information_extraction,gemma4:12b,True,stop,4.798687285,0.85546252,3211,0.231196,304,3.645551,True,247,1092,False,False,False,False,False,4.802314612024929,6.313658970990218,0.1643092361797326,0.026024407864709668,12.5028151775,216.1339816943668,20.0,2.0175564366542065e-05,0.0003788666919817274,3.227218433878281e-05,0.0004313144406870523,0.0,89.25,63.0,38.59405517578125
M2G__UP076,information_extraction,gemma4:12b,True,stop,6.83588386,0.91907488,3146,0.239359,461,5.612373,True,349,1766,False,False,False,False,False,6.83982112002559,8.351547521015164,0.2365281944637083,0.02832148100319465,12.50301625357143,237.1899691905113,20.0,2.7253770947156468e-05,0.0005500440511463367,4.359256893868507e-05,0.0006208903910321782,0.0,88.0,63.1,38.626621882120766
M2G__UP077,information_extraction,gemma4:12b,True,stop,6.32541315,0.811188813,3231,0.252872,431,5.195725,True,545,1439,False,False,False,False,False,6.329369905986823,7.841219300054945,0.22240448754083966,0.028363508152269283,12.50293795357143,237.71707105901143,20.0,2.5481893943034498e-05,0.0005175748585033446,4.075867619475402e-05,0.0005838154286411331,0.0,89.33333333333333,63.1,38.61683336893717
M2S__UP077,information_extraction,gemma4:12b,True,stop,4.933519106,0.880624446,3296,0.266591,303,3.717579,True,383,1044,False,False,False,False,False,4.93744573998265,6.449469558952842,0.16433731541910598,0.02548074906268545,12.503020445,210.9384052589918,20.0,2.0647439201035848e-05,0.00037771641328365746,3.302429666639202e-05,0.00043138814915108536,0.0,91.25,63.025,38.60573673248291
M2S__UP078,information_extraction,gemma4:12b,True,stop,2.919559502,0.780583548,3341,0.261380999,149,1.816759,True,4,579,False,False,False,False,False,2.922716216009576,4.434760937001556,0.09295350250826483,0.02096020593414734,12.502346000000001,169.38902208944754,20.0,1.3650067791237911e-05,0.00020851933348176033,2.1835067839128893e-05,0.00024400446911212713,0.0,94.5,63.0,38.60197448730469
M2G__UP078,information_extraction,gemma4:12b,True,stop,3.139394164,0.836155101,3276,0.263685999,162,1.975152,True,36,546,False,False,False,False,False,3.1431132630095817,4.656914065009914,0.09957989991163435,0.02138323759500646,12.501863731250001,173.28898119986982,20.0,1.4414831985871176e-05,0.0002239274013637882,2.305663766132461e-05,0.00026139887101098397,0.0,65.0,63.1,38.61415354410807
M2G__UP079,information_extraction,gemma4:12b,True,stop,2.932739922,0.889060113,3059,0.042846,160,1.942861,True,59,576,False,False,False,False,False,2.936394290009048,4.452399230969604,0.0907761137515548,0.020388134361389327,12.502457637500001,164.1465526563349,20.0,1.3697071305745884e-05,0.00020268377325827203,2.1907943338737822e-05,0.00023828878790275573,0.0,80.5,63.1,38.6181640625
M2S__UP079,information_extraction,gemma4:12b,True,stop,2.190765341,0.828254896,3124,0.053255,103,1.253481,True,73,348,False,False,False,False,False,2.1940143610117957,3.704498576000333,0.06388998505991395,0.017246594579311342,12.5013111875,134.99240055214713,20.0,1.1116391139962141e-05,0.00013881233327150966,1.7783534572420952e-05,0.00016771225898389274,0.0,81.5,63.1,38.6152458190918
M2S__UP080,information_extraction,gemma4:12b,True,stop,62.060168307,0.885051894,3344,0.078637,5044,61.030759,True,226,15915,False,False,False,False,False,62.06428208498983,63.57593803299824,2.3569969229260597,0.037073726253204355,12.5032856965625,313.9004924879642,20.0,0.0002120306226338761,0.005635980342113989,0.00033914462765549414,0.00618715559240336,1.6129032258064515,88.6774193548387,63.0516129032258,38.609759053876324
M2G__UP080,information_extraction,gemma4:12b,True,stop,32.38437668,0.891109624,3279,0.205393,2538,30.715075,True,226,7828,False,False,False,False,False,32.387208201980684,33.89822151104454,1.2156833165179926,0.035862746254162775,12.503098151093752,303.6780352746461,20.0,0.00011246615761491955,0.002898830374618022,0.00017989211855585582,0.0031911886507887976,3.125,87.9375,63.325,38.76982939243317
M2G__UP081,closed_qa,gemma4:12b,True,stop,9.890546621,0.841736858,3263,0.257011,719,8.725852,True,963,2397,False,False,False,False,False,9.893748492002487,11.404913313046563,0.3607154658244701,0.031628076068919556,12.503150315000001,267.89571917662516,20.0,3.785905463608526e-05,0.0008484676232169974,6.055733796125019e-05,0.0009468840158143329,0.0,88.11111111111111,63.099999999999994,38.652595943874786
M2S__UP081,closed_qa,gemma4:12b,True,stop,7.448189943,0.843482223,3328,0.250903,523,6.309211,True,423,2025,False,False,False,False,False,7.451818450994324,8.962644889950752,0.2697546641955037,0.03009766285596817,12.5032414765625,253.82680652368526,20.0,2.93789086507696e-05,0.0006317402276136974,4.699128293885022e-05,0.0007081104192033172,0.0,91.14285714285714,63.1,38.64435849870954
M2S__UP082,closed_qa,gemma4:12b,True,stop,5.415736531,0.874509046,3272,0.239443,347,4.247246,True,137,1247,False,False,False,False,False,5.419675262004603,6.931418502004817,0.18807207176295151,0.02713327318333964,12.50288609375,226.3737510595242,20.0,2.2321501409857118e-05,0.00043566784853332763,3.570292401127517e-05,0.0004936922739544599,0.0,75.8,63.1,38.656490325927734
M2G__UP082,closed_qa,gemma4:12b,True,stop,6.977572746,0.817101245,3207,0.235691,480,5.879302,True,520,1303,False,False,False,False,False,6.98036059900187,8.490310009976383,0.2461581477324076,0.02899283388276329,12.503064098214285,243.4862936427366,20.0,2.7738678634147915e-05,0.0005740601814707702,4.437031625000398e-05,0.0006461691763549221,0.0,87.83333333333333,63.20000000000001,38.670008977254234
M2G__UP083,closed_qa,gemma4:12b,True,stop,4.323190295,0.818449224,3107,0.216718,269,3.223056,True,225,934,False,False,False,False,False,4.327008441032376,5.838656500040088,0.14697238786420333,0.02517229569220149,12.502491515,208.29551177349182,20.0,1.8525937681856423e-05,0.00033764582567030743,2.9633166072178733e-05,0.0003858049294243426,0.0,88.25,63.1,38.64996528625488
M2S__UP083,closed_qa,gemma4:12b,True,stop,4.225113549,0.857517685,3172,0.059819,270,3.24435,True,142,977,False,False,False,False,False,4.228917472995818,5.740934255998582,0.14256080373248944,0.024832335187174568,12.502384100000002,205.14177837369093,20.0,1.818539333003542e-05,0.0003269502615594888,2.9088793811064936e-05,0.00037422444870058915,12.5,89.75,63.1,38.65616226196289
M2S__UP084,closed_qa,gemma4:12b,True,stop,6.494064734,0.852308427,3261,0.063888,450,5.514289,True,231,1235,False,False,False,False,False,6.497271213971544,8.008598861051723,0.22528962004210382,0.028130965722076108,12.503785014285715,235.47680536532488,20.0,2.6064389958973512e-05,0.0005236384744655709,4.168608436690799e-05,0.0005913889487914524,0.0,88.33333333333333,63.1,38.65508906046549
M2G__UP084,closed_qa,gemma4:12b,True,stop,6.356342703,0.869944545,3196,0.243373,424,5.176873,True,302,1056,False,False,False,False,False,6.359757961006835,7.871304107015021,0.21992406236234346,0.027939977845138003,12.503042048214287,233.70644886958183,20.0,2.558584483185392e-05,0.0005107917975211151,4.092662949988153e-05,0.0005773042718528506,0.0,76.66666666666667,63.1,38.65935961405436
M2G__UP085,closed_qa,gemma4:12b,True,stop,4.525836416,0.839432658,3480,0.296247,272,3.324383,True,257,831,False,False,False,False,False,4.529721177008469,6.0411876600119285,0.1523152871955755,0.02521280512502317,12.503091725000003,208.5763213216386,20.0,1.9231001506235074e-05,0.0003498397243149043,3.0759402005545173e-05,0.00039983012782668457,0.0,71.0,63.1,38.656829833984375
M2S__UP085,closed_qa,gemma4:12b,True,stop,4.883604948,0.88363198,3545,0.299331,296,3.629585,True,226,996,False,False,False,False,False,4.887495632050559,6.399175116035622,0.16483944187924449,0.025759482884938588,12.5029491425,213.5885697073037,20.0,2.0474146597691523e-05,0.00037948447025470955,3.274762249461169e-05,0.00043270623934701274,12.5,88.25,63.1,38.653066635131836
M2S__UP086,closed_qa,gemma4:12b,True,stop,16.529283657,0.854583367,3495,0.102144,1301,15.511848,True,626,5064,False,False,False,False,False,16.533268824976403,18.04465611395426,0.6085504081378849,0.03372468858895469,12.5056877825,273.3638902838605,20.0,5.915117276131479e-05,0.0014437011549599532,9.460247773321398e-05,0.0015974548054544819,3.125,89.625,63.1,38.64568066596985
M2G__UP086,closed_qa,gemma4:12b,True,stop,12.142897099,0.833122519,3430,0.274921,910,10.967482,True,1143,3004,False,False,False,False,False,12.146431019995362,13.657716035027988,0.44750187875184216,0.03276549882895007,12.5032135625,278.3967284204375,20.0,4.5683123125171614e-05,0.0010559450114220326,7.30716390499664e-05,0.0011746997735971707,4.166666666666667,82.25,63.1,38.646087964375816
M2G__UP087,closed_qa,gemma4:12b,True,stop,5.009543465,0.820824088,3108,0.233727,318,3.890019,True,205,1136,False,False,False,False,False,5.0132066939841025,6.529741271981038,0.1710933927106303,0.026202170282732015,12.5024615,217.90105912133967,20.0,2.0909644181567236e-05,0.0003947672602579999,3.3446058444355405e-05,0.00044912296288392254,0.0,74.2,63.1,38.643445587158205
M2S__UP087,closed_qa,gemma4:12b,True,stop,3.84189043,0.857772326,3173,0.062756,233,2.860031,True,149,892,False,False,False,False,False,3.845888957963325,5.357340917980764,0.12733899548414057,0.023769067049056854,12.502764828125,195.28313094542096,20.0,1.6856137837395983e-05,0.0002904505101382071,2.6960304338717834e-05,0.00033426695231432094,0.0,87.66666666666667,63.1,38.6378542582194
M2S__UP088,closed_qa,gemma4:12b,True,stop,4.096922219,0.809536361,3350,0.079612,258,3.154656,True,96,905,False,False,False,False,False,4.100896604999434,5.612727819010615,0.13825923853447974,0.02463316287424239,12.5022167225,203.31315570601538,20.0,1.774102196053306e-05,0.0003168138645612828,2.8377882961002696e-05,0.00036293276948281856,0.0,66.25,63.1,38.64888954162598
M2G__UP088,closed_qa,gemma4:12b,True,stop,5.241583196,0.833126643,3285,0.262815,334,4.080282,True,140,1116,False,False,False,False,False,5.2453663509804755,6.75715288502397,0.1793698121133701,0.02654517592918631,12.50253455,220.87231708611628,20.0,2.171667714492024e-05,0.00041439616485128283,3.473585760576599e-05,0.0004708486996019691,0.0,71.0,63.1,38.64848175048828
M2G__UP089,closed_qa,gemma4:12b,True,stop,7.825508862,0.818068624,3387,0.282963,554,6.65752,True,502,1657,False,False,False,False,False,7.829297385003883,9.34020509297261,0.2807148301855699,0.030054461052121256,12.503186450000001,253.34864616605284,20.0,3.0689410856532454e-05,0.0006571030256816712,4.908859820538459e-05,0.0007368810347435882,0.0,80.85714285714286,63.1,38.64247512817383
M2S__UP089,closed_qa,gemma4:12b,True,stop,4.337844296,0.783231132,3452,0.279283,267,3.202366,True,108,812,False,False,False,False,False,4.341761489980854,5.853584231983405,0.14753713855700148,0.025204581109617107,12.502384437500002,208.59662708744494,20.0,1.8577263745412553e-05,0.0003389949934184955,2.9715152094528702e-05,0.00038728740925843676,0.0,75.5,63.1,38.65592384338379
M2S__UP090,closed_qa,gemma4:12b,True,stop,3.153952985,0.885205989,3237,0.236764,161,1.96407,True,64,602,False,False,False,False,False,3.15779508696869,4.669724183971994,0.09992318441437464,0.0213980912957008,12.501969790625001,173.33569499901247,20.0,1.4465897984551082e-05,0.0002246960130891651,2.3138087389007622e-05,0.0002622999984627238,0.0,58.666666666666664,63.1,38.648824055989586
M2G__UP090,closed_qa,gemma4:12b,True,stop,1.813967822,0.826654486,3172,0.062297,70,0.863189,True,65,199,False,False,False,False,False,1.8166878379997797,3.3264154809876345,0.050898169658370594,0.01530120634336953,12.503905606250001,117.11748753150097,20.0,9.804466107390148e-06,0.00010812508649937769,1.567897779977001e-05,0.00013360853040653785,0.0,88.0,63.2,38.682559967041016
M2G__UP091,closed_qa,gemma4:12b,True,stop,3.31707346,0.815975622,3338,0.086864,192,2.343919,True,72,651,False,False,False,False,False,3.3209285939810798,4.833091548003722,0.10875654969626253,0.02250248078606823,12.502192821875001,183.65792018917423,20.0,1.5033081529052322e-05,0.00024640991934976597,2.4044726372166123e-05,0.00028548772725098444,0.0,88.33333333333333,63.20000000000001,38.67447408040365
M2S__UP091,closed_qa,gemma4:12b,True,stop,4.70503875,0.881954029,3403,0.278986,285,3.477861,True,13,1249,False,False,False,False,False,4.708947865001392,6.220890259020962,0.15755757252106484,0.025327174401218434,12.5029491425,209.5844074300918,20.0,1.9853757238524117e-05,0.00036198251180774577,3.175494376660531e-05,0.0004135912128128752,0.0,70.75,63.1,38.656039237976074
M2S__UP092,closed_qa,gemma4:12b,True,stop,5.791559511,0.876448833,3226,0.250672,376,4.604771,True,118,1509,False,False,False,False,False,5.79529342596652,7.306828325963579,0.19761464598316203,0.02704520171645087,12.5030162,225.41195578728176,20.0,2.3626772871739078e-05,0.00045732369919182503,3.7791215777785205e-05,0.0005187416878413493,0.0,88.8,63.1,38.652642822265626
M2G__UP092,closed_qa,gemma4:12b,True,stop,5.284116675,0.825112476,3161,0.243411,339,4.148054,True,227,1201,False,False,False,False,False,5.287953604012728,6.799374889989849,0.17888749184538427,0.026309402664169226,12.502652956250003,218.63255762634756,20.0,2.186256230259544e-05,0.0004127492190884041,3.497081959439028e-05,0.00046958260098538984,0.0,90.0,63.1,38.63802719116211
M2G__UP093,closed_qa,gemma4:12b,True,stop,3.630285457,0.904223311,3096,0.169366,205,2.492138,True,49,687,False,False,False,False,False,3.6340568480081856,5.147125457995571,0.116661702307894,0.022665408733465224,12.502681100000002,185.04389094813558,20.0,1.611983021661639e-05,0.0002643357670235602,2.5783285311061062e-05,0.0003062388825512377,16.666666666666668,92.66666666666667,63.1,38.654858907063804
M2S__UP093,closed_qa,gemma4:12b,True,stop,2.525114862,0.724336842,3161,0.05994,137,1.673761,True,45,477,False,False,False,False,False,2.5270965700037777,4.039218486985192,0.07926018928158406,0.019622654614245092,12.502457637500001,157.19309191287311,20.0,1.2270380548639587e-05,0.0001761634742640794,1.9625442422046843e-05,0.00020805929723476585,0.0,87.5,63.1,38.64469909667969
M2S__UP094,closed_qa,gemma4:12b,True,stop,5.124928872,0.854719486,3780,0.158092,333,4.042907,True,78,1457,False,False,False,False,False,5.128846419043839,6.64091155299684,0.1754668871674444,0.026422108737205144,12.502590106249999,219.76150409483685,20.0,2.1312260190945993e-05,0.0004052031019394775,3.4088095455727954e-05,0.00046060345758615145,0.0,91.4,63.1,38.6381233215332
M2G__UP094,closed_qa,gemma4:12b,True,stop,2.744451803,0.8795956,3715,0.313318,121,1.475194,True,78,440,False,False,False,False,False,2.7483424699748866,4.260083961999044,0.0844845998709907,0.019831674827213104,12.5024576,158.87371664252404,20.0,1.3043566552197018e-05,0.00018786737251552665,2.0862521677756577e-05,0.00022177346074548024,0.0,94.5,63.1,38.63691329956055
M2G__UP095,closed_qa,gemma4:12b,True,stop,13.560110107,0.847669728,3146,0.054972,1041,12.589521,True,2313,2916,False,False,False,False,False,13.562237815000117,15.072912189993076,0.49413851097785655,0.032783214335045066,12.503375241071428,278.45982828482465,20.0,5.059656138011086e-05,0.0011655950991418251,8.093003780555187e-05,0.0012971216983274879,11.538461538461538,89.07692307692308,63.10000000000001,38.631538977989784
M2S__UP095,closed_qa,gemma4:12b,True,stop,9.494203804,0.819483405,3211,0.246077,690,8.366485,True,769,2701,False,False,False,False,False,9.49814585695276,11.009829054004513,0.34153495788231575,0.03102091378594948,12.503284279999999,262.2088760929898,20.0,3.6487426880162585e-05,0.0008016864746815955,5.8360966222244314e-05,0.0008965348677840024,11.11111111111111,83.0,63.099999999999994,38.638635847303604
M2S__UP096,closed_qa,gemma4:12b,True,stop,6.42982933,0.860786908,3439,0.266567,428,5.238477,True,291,1284,False,False,False,False,False,6.432363145984709,7.942921062989626,0.22604893018414193,0.028459168659931217,12.503006803571427,238.5954416107616,20.0,2.5834682821327502e-05,0.000526222643200569,4.1324824349915924e-05,0.0005933821503718124,0.0,88.16666666666667,63.1,38.633864084879555
M2G__UP096,closed_qa,gemma4:12b,True,stop,9.227650814,0.887519812,3374,0.255124,659,8.019018,True,375,2187,False,False,False,False,False,9.231590920011513,10.74345062696375,0.32886191445270047,0.03061045523189056,12.502987100000002,258.3686247111474,20.0,3.556107518570997e-05,0.0007708253388827302,5.6881506794403935e-05,0.0008632679208628441,0.0,90.11111111111111,63.099999999999994,38.64271714952257
M2G__UP097,closed_qa,gemma4:12b,True,stop,3.958519513,0.913599049,3093,0.216995,227,2.760986,True,191,669,False,False,False,False,False,3.962364810053259,5.474399686965626,0.1287449555982474,0.023517639003375126,12.502948653125,192.85166237019928,20.0,1.7259593791380823e-05,0.00029309079002803884,2.760723686110901e-05,0.0003379576206805287,0.0,90.0,63.1,38.636210123697914
M2S__UP097,closed_qa,gemma4:12b,True,stop,3.979222419,0.851767107,3158,0.05993,246,3.004664,True,119,799,False,False,False,False,False,3.9821494260104373,5.4928978540119715,0.13218597323955025,0.024064888288975298,12.502681100000002,198.00963814377104,20.0,1.7325321936578274e-05,0.00030195301934021757,2.771200716670137e-05,0.0003469903484434972,0.0,84.66666666666667,63.1,38.644874572753906
M2S__UP098,closed_qa,gemma4:12b,True,stop,5.05737603,0.870812746,3333,0.078481,331,4.049334,True,258,1246,False,False,False,False,False,5.061113393981941,6.573412986996118,0.17343371767607746,0.026384120093956284,12.502403000000001,219.45620998245656,20.0,2.1075455864161483e-05,0.00040047976482782133,3.3711133622435026e-05,0.0004552663543144178,10.0,70.6,63.1,38.652506256103514
M2G__UP098,closed_qa,gemma4:12b,True,stop,7.105439355,0.867200655,3268,0.250329,483,5.917597,True,458,1806,False,False,False,False,False,7.109383916016668,8.624802898033522,0.2461640069702301,0.028541406671027364,12.502772323437501,239.30856571789926,20.0,2.8190821411974886e-05,0.0005729021249880617,4.509161055029836e-05,0.000646184556950335,0.0,81.42857142857143,63.1,38.64050565447126
M2G__UP099,closed_qa,gemma4:12b,True,stop,5.874934177,0.858788581,3237,0.253301,383,4.695432,True,344,1396,False,False,False,False,False,5.8777323690010235,7.387983125983737,0.2009748219831871,0.027202934624519268,12.5031908375,226.86526662521302,20.0,2.3910607051942202e-05,0.0004654050945456234,3.824650337208166e-05,0.0005275622049696472,10.0,88.6,63.1,38.64048385620117
M2S__UP099,closed_qa,gemma4:12b,True,stop,3.325800574,0.85400058,3302,0.266081,175,2.140639999,True,125,669,False,False,False,False,False,3.329563665029127,4.8414968680008315,0.10613547381828203,0.02192203707075987,12.502103890625,178.1659683803162,20.0,1.5062079840162741e-05,0.00023945408045111805,2.4091199777709943e-05,0.00027860736006899073,0.0,91.33333333333333,63.1,38.6349131266276
M2S__UP100,closed_qa,gemma4:12b,True,stop,4.792129159,0.905939333,3207,0.05785,307,3.757737,True,141,1232,False,False,False,False,False,4.796071942022536,6.3078122540027834,0.1593092322817277,0.02525586144080841,12.502815155,208.8664871107265,20.0,2.0155516927285396e-05,0.00036579390374580356,3.223992774987387e-05,0.0004181893484229628,0.0,86.75,63.1,38.64965057373047
M2G__UP100,closed_qa,gemma4:12b,True,stop,6.863631184,0.878667461,3142,0.216464,469,5.704113,True,255,1815,False,False,False,False,False,6.867488281044643,8.37959869200131,0.23894838716986752,0.028515492919482424,12.503159771428573,239.0216428378206,20.0,2.735087803735607e-05,0.0005561448893605103,4.374766919451455e-05,0.0006272434365923809,8.333333333333334,87.83333333333333,63.1,38.63666534423828
M3G__UP001,summarization,qwen3.5:9b,True,stop,18.156711817,0.785633181,3471,0.441231,2079,16.773911,True,884,8570,False,False,False,False,False,18.160643873969093,19.67211430397583,0.6713022467375811,0.034124560093772315,12.503143823750001,294.7497747545424,20.0,6.481504158161578e-05,0.0015936934971758632,0.00010367087254999206,0.0017621794113074712,2.7777777777777777,83.22222222222223,54.9,33.6078978644477
M3S__UP001,summarization,qwen3.5:9b,True,stop,16.646557034,0.769506399,3536,0.177495,1937,15.650776,True,390,9240,False,False,False,False,False,16.650717010023072,18.161321026971564,0.6181280948524691,0.03403541482111796,12.50334696125,279.5472204116168,20.0,5.956989777274487e-05,0.0014677483964202764,9.527809602214903e-05,0.0016225963902151703,0.0,87.1875,54.9,33.630825996398926
M3S__UP002,summarization,qwen3.5:9b,True,stop,19.089119206,0.778226953,3258,0.138211,2245,18.124838,True,122,10266,False,False,False,False,False,19.093085399013944,20.60455292102415,0.7151688818101323,0.03470926472179842,12.503455516250002,298.4062510913597,20.0,6.806004237118028e-05,0.0017004102492155226,0.00010885975647769453,0.0018773300480643975,2.6315789473684212,82.47368421052632,54.9,33.636471798545436
M3G__UP002,summarization,qwen3.5:9b,True,stop,10.990450012,0.749320522,3193,0.131003999,1251,10.063442,True,524,5214,False,False,False,False,False,10.994427678990178,12.506150025990792,0.40396762270852404,0.03230151740295631,12.503610554545457,274.1274259031534,20.0,4.168414614974809e-05,0.0009520638172064722,6.667367388888831e-05,0.0010604216372451084,5.0,87.2,54.9,33.633877182006835
M3G__UP003,summarization,qwen3.5:9b,True,stop,18.482067382,0.71691042,3671,0.177894,2169,17.541534,True,1144,9271,False,False,False,False,False,18.48613875801675,19.997611924016383,0.694642381919091,0.03473626673817244,12.50355690875,297.4771303803242,20.0,6.593836328439422e-05,0.0016520440994121088,0.00010546518638891736,0.0018234476490854204,5.555555555555555,86.72222222222223,54.9,33.63098292880588
M3S__UP003,summarization,qwen3.5:9b,True,stop,21.086395415,0.742159648,3736,0.176464,2486,20.113912,True,427,11630,False,False,False,False,False,21.090478363039438,22.601763940008823,0.7970327249790768,0.03526418234853778,12.503504072187502,306.8845448378678,20.0,7.499171284225322e-05,0.0018972854067165201,0.00011994685991117473,0.002092223979469948,4.761904761904762,85.95238095238095,54.89999999999999,33.61763091314407
M3S__UP004,summarization,qwen3.5:9b,True,stop,12.173342871,0.754327041,3340,0.117944,1370,11.048332,True,413,6481,False,False,False,False,False,12.176575014018454,13.689889548055362,0.4480900141332713,0.032731455762323676,12.503053500961538,278.1201830646589,20.0,4.578728934039909e-05,0.0010572152902152965,7.324105906688298e-05,0.0011762436386225786,20.833333333333332,79.16666666666667,55.4,33.90842247009277
M3G__UP004,summarization,qwen3.5:9b,True,stop,15.894041219,0.680690717,3275,0.134949,1862,15.030123,True,1525,7865,False,False,False,False,False,15.898132650996558,17.4098257770529,0.5939347598651237,0.03411491691364092,12.50275507625,245.39086197891692,20.0,5.695712701922996e-05,0.001411031128824014,9.110023310576152e-05,0.0015590884889490056,6.666666666666667,86.8,55.4,33.93234710693359
M3G__UP005,summarization,qwen3.5:9b,True,stop,19.045733763,0.702786607,3189,0.129746,2250,18.166962,True,788,9651,False,False,False,False,False,19.049986902973615,20.56445679697208,0.71540911861304,0.034788622217260666,12.503332544375,302.4490418794895,20.0,6.790448567356225e-05,0.0017014452500454524,0.00010861093789442546,0.0018779606736134401,2.6315789473684212,81.6842105263158,55.4,33.914976822702506
M3S__UP005,summarization,qwen3.5:9b,True,stop,16.635311728,0.685313785,3254,0.136938,1953,15.76905,True,408,8503,False,False,False,False,False,16.639808557985816,18.15153057203861,0.6240942178651901,0.03438245691669503,12.502983428750001,276.46593869109427,20.0,5.9529801932322954e-05,0.0014835100756958042,9.521768337775333e-05,0.0016382575610058804,0.0,86.6875,55.4,33.897660970687866
M3S__UP006,summarization,qwen3.5:9b,True,stop,15.261777965,0.708883397,3289,0.140243,1780,14.369629,True,374,8330,False,False,False,False,False,15.26584378600819,16.776683447009418,0.6276437199115042,0.03741166851564973,12.502179376250002,196.05676299656068,20.0,0.00011210180903544052,0.0013561452515817862,0.00017932800149460997,0.0016475750621118368,0.0,86.73333333333333,55.4,33.914164479573564
M3G__UP006,summarization,qwen3.5:9b,True,stop,19.858786546,0.760713181,3224,0.13205,2341,18.923693,True,1370,9893,False,False,False,False,False,19.862038098974153,21.373716555011924,0.7453645311840782,0.034872949178756545,12.50744951375,301.3701484783362,20.0,7.071730197031508e-05,0.0017727811404455451,0.00011309568065561405,0.0019565941230714743,2.6315789473684212,86.73684210526316,55.4,33.924109408729954
M3G__UP007,summarization,qwen3.5:9b,True,stop,12.06346601,0.657541012,3160,0.109958,1395,11.248002,True,665,5724,False,False,False,False,False,12.067612607963383,13.581192956015002,0.4482242230289173,0.033003302764386566,12.50324288173077,280.709286371438,20.0,4.541047068223233e-05,0.0010585494579489207,7.263601054437459e-05,0.0011765959391755276,0.0,78.91666666666667,55.5,33.96911811828613
M3S__UP007,summarization,qwen3.5:9b,True,stop,15.69550241,0.735483065,3225,0.127898,1832,14.803583,True,356,8368,False,False,False,False,False,15.69902219902724,17.21008782502031,0.5842482270517113,0.033948009620399594,12.504434864375,240.36628269321048,20.0,5.628151418717671e-05,0.0013873827765724656,8.999689063348341e-05,0.0015336611813931257,10.0,86.53333333333333,55.42666666666666,33.95724970499675
M3S__UP008,summarization,qwen3.5:9b,True,stop,13.115935172,0.741578668,3294,0.125372,1514,12.208988,True,281,6894,False,False,False,False,False,13.118978123005945,14.632734611979686,0.48984232709649667,0.033475788366684876,12.51380916607143,285.09670846802817,20.0,4.9098691022738044e-05,0.0011582767599538357,7.84686941776373e-05,0.001285844145154211,0.0,87.0,55.776923076923076,34.15417949969952
M3G__UP008,summarization,qwen3.5:9b,True,stop,14.369200381,0.631492476,3229,0.112251,1684,13.578118,True,507,7288,False,False,False,False,False,14.372509363049176,15.883717854972929,0.5402438747036856,0.03401243207896344,12.511235405,289.99455184989415,20.0,5.3448981311139255e-05,0.0012792596345176932,8.5440418699808e-05,0.0014181490345286404,3.5714285714285716,87.21428571428571,56.778571428571425,34.77604348318918
M3G__UP009,summarization,qwen3.5:9b,True,stop,10.506518558,0.731993601,3230,0.128252,1195,9.605294,True,185,4755,False,False,False,False,False,10.510058971005492,12.020556295989081,0.3886139588728782,0.03232911599961041,12.503679435227275,274.4383948060963,20.0,4.000007584051851e-05,0.000916138788466192,6.397915347220583e-05,0.0010201180177789163,10.0,87.0,56.8,34.798331832885744
M3S__UP009,summarization,qwen3.5:9b,True,stop,4.812041558,0.760767748,3295,0.141376,482,3.861752,True,128,1773,False,False,False,False,False,4.815789701009635,6.32748569897376,0.16926020507256578,0.026749994093233222,12.5032432625,222.98640870772255,20.0,2.022471929659238e-05,0.00039173698005612323,3.2349115905364873e-05,0.0004443108152580805,12.5,89.5,56.8,34.78559494018555
M3S__UP010,summarization,qwen3.5:9b,True,stop,89.984470037,0.761200751,8972,0.724196,10462,88.355022,True,2936,37969,False,False,False,False,False,89.98972905997653,91.50170681095915,3.4932259086820836,0.03817662020118405,12.505975925859374,329.9623289177461,20.0,0.0003073167140788517,0.008370996141235487,0.0004914624660718902,0.009169775321386228,1.6853932584269662,87.35955056179775,56.752808988764045,34.760334443510246
M3G__UP010,summarization,qwen3.5:9b,True,length,142.199194148,0.70403111,8907,0.703445,16384,140.239428,True,0,63742,True,True,True,True,False,142.2035755730467,143.71399493602803,5.576067155974375,0.038799750563307846,12.504674542265628,335.5017434369662,20.0,0.00048158392947422816,0.013385453486131738,0.000770230351750312,0.014637267767356278,1.7605633802816902,86.69718309859155,57.774647887323944,35.38076051523988
M3G__UP011,summarization,qwen3.5:9b,True,stop,19.702427926,0.709604013,3210,0.10779,2269,18.320193,True,811,9107,False,False,False,False,False,19.70627175102709,21.219736961997114,0.7326653056106066,0.034527539475289096,12.503905767500001,300.2730508219032,20.0,7.017865057746047e-05,0.001740833614888082,0.00011224618212759703,0.0019232584475931396,5.2631578947368425,84.6842105263158,59.199999999999996,36.25450897216797
M3S__UP011,summarization,qwen3.5:9b,True,stop,18.169665063,0.677962277,3275,0.140274,2145,17.305717,True,308,8746,False,False,False,False,False,18.17371991899563,19.684992852970026,0.6848440325401762,0.03479015906459161,12.503281340000003,295.85258459968554,20.0,6.486421775222294e-05,0.0016291165810695674,0.00010374602238880471,0.0017977268212105951,2.7777777777777777,82.0,59.20000000000001,36.272020975748696
M3S__UP012,summarization,qwen3.5:9b,True,stop,8.806912196,0.656011914,3119,0.118791,996,7.992767,True,121,4746,False,False,False,False,False,8.8107146260445,10.32181713503087,0.3276334879847122,0.03174184193525071,12.5033164125,269.1266284392077,20.0,3.4098290407049426e-05,0.0007714045060120966,5.454048481123108e-05,0.0008600432812303771,0.0,87.25,59.2,36.26988077163696
M3G__UP012,summarization,qwen3.5:9b,True,stop,13.422933019,0.683952409,3054,0.111065,1563,12.587048,True,146,7085,False,False,False,False,False,13.426879379025195,14.938386632944457,0.5023157975650369,0.03362583991883379,12.504053350892859,286.4148408522568,20.0,5.013516010751693e-05,0.001188263450609739,8.018859906102686e-05,0.0013185872097782828,0.0,87.07692307692308,59.2,36.24907449575571
M3G__UP013,summarization,qwen3.5:9b,True,stop,15.16208833,0.623674847,3089,0.111354,1782,14.386445,True,656,7900,False,False,False,False,False,15.165861730987672,16.676388940948527,0.6253483586861829,0.037499026971639704,12.50287510625,196.73405188048443,20.0,0.00011175904676111515,0.0013510199697037706,0.00017877068477197708,0.0016415497012368628,3.3333333333333335,80.86666666666666,59.1,36.190382130940755
M3S__UP013,summarization,qwen3.5:9b,True,stop,34.244463906,0.756755635,3154,0.126946,4097,33.315599,True,214,20105,False,False,False,False,False,34.24814844399225,35.7589211910381,1.296914477118628,0.03626827750731085,12.505237127656251,311.31274799812445,20.0,0.00011895358828694936,0.00309523275396284,0.00019023543782273515,0.0034044217800725243,5.882352941176471,86.70588235294117,59.10294117647059,36.19468991896685
M3S__UP014,summarization,qwen3.5:9b,True,stop,66.571432867,0.754771499,5287,0.325032,7896,65.191147,True,17787,13496,False,False,False,False,False,66.57577637699433,68.10175622301176,2.567992078785954,0.03770816233250418,12.505249139750001,325.25322172790976,20.0,0.00022773318741330342,0.006149121585960593,0.00036416656482259795,0.006741021338196493,2.272727272727273,86.56060606060606,59.7,36.54297025275953
M3G__UP014,summarization,qwen3.5:9b,True,stop,17.979352809,0.700246437,5222,0.317451,2034,16.574705,True,1294,7482,False,False,False,False,False,17.983336245000828,19.494704524986446,0.6754586809879987,0.03464831591175236,12.506334786875001,294.1524077041558,20.0,6.421524205393776e-05,0.001606186284947242,0.00010268859240556291,0.0017730901194067425,0.0,87.41176470588235,60.199999999999996,36.87257542329676
M3G__UP015,summarization,qwen3.5:9b,True,stop,16.781785964,0.634397838,3186,0.105433,1949,15.764406,True,1093,7930,False,False,False,False,False,16.784998915041797,18.293904855963774,0.6254273521327521,0.03418774488317425,12.54807461,284.0914314792625,20.0,6.021868508660101e-05,0.0014855217439713186,9.601663127218167e-05,0.0016417570603301014,0.0,86.875,61.825,37.85678720474243
M3S__UP015,summarization,qwen3.5:9b,True,stop,17.136167965,0.691041724,3251,0.139108,2012,16.260524,True,475,8473,False,False,False,False,False,17.139414081000723,18.65404418396065,0.6447145815257359,0.03456165189530763,12.5094226784375,287.42777964163975,20.0,6.130772238412612e-05,0.0015331084487080204,9.797018282762211e-05,0.0016923863539197686,5.882352941176471,84.52941176470588,62.252941176470586,38.11488230088178
M3S__UP016,summarization,qwen3.5:9b,True,stop,8.035541255,0.689030487,3339,0.146621,889,7.151426,True,190,3784,False,False,False,False,False,8.038716145034414,9.548982619016897,0.29579401858856846,0.03097649565300199,12.503187387500002,262.01220676739257,20.0,3.141642440487861e-05,0.0006947950002800241,5.025272701103757e-05,0.0007764641516959402,6.25,76.125,62.2,38.06240224838257
M3G__UP016,summarization,qwen3.5:9b,True,stop,9.534819641,0.738739338,3274,0.123735,1072,8.625546,True,620,4183,False,False,False,False,False,9.538542005000636,11.050081078021321,0.35080103187475997,0.031746466781361934,12.505558793750001,269.05938013429596,20.0,3.6633828880967437e-05,0.0008256395493999591,5.858508575571856e-05,0.0009208584640366451,5.555555555555555,86.66666666666667,62.099999999999994,38.038303799099396
M3G__UP017,summarization,qwen3.5:9b,True,stop,10.927744858,0.722109165,3597,0.176712,1235,9.979727,True,421,5334,False,False,False,False,False,10.930463928030804,12.440544979006518,0.4056781833072809,0.032609357869117866,12.503448513636364,277.03435741292293,20.0,4.1459472233267556e-05,0.0009571363212641515,6.631609338348628e-05,0.0010649118868809053,0.0,86.9,62.1,38.01595802307129
M3S__UP017,summarization,qwen3.5:9b,True,stop,12.678795003,0.731914441,3662,0.16322,1452,11.732857,True,173,6556,False,False,False,False,False,12.682935532007832,14.194399719999637,0.4712131771805922,0.03319711903819799,12.503881154807694,282.4260831568063,20.0,4.755022170803808e-05,0.0011133381128916042,7.605398638891832e-05,0.0012369423209885606,8.333333333333334,86.75,62.1,38.02220026652018
M3S__UP018,summarization,qwen3.5:9b,True,stop,9.473678771,0.676264146,3245,0.124529,1072,8.630545,True,348,4369,False,False,False,False,False,9.477601559017785,10.98846311098896,0.35031225567056684,0.03188000470422827,12.503697312500002,270.32972246173085,20.0,3.6415759178820065e-05,0.0008249134377082967,5.824622159448659e-05,0.0009195754184816034,0.0,87.0,62.099999999999994,38.01148139105903
M3G__UP018,summarization,qwen3.5:9b,True,stop,11.069948318,0.629919941,3180,0.127812,1275,10.266988,True,447,5103,False,False,False,False,False,11.072699152980931,12.583813283010386,0.4097948465005363,0.03256523577426305,12.503578784375001,276.6450517947276,20.0,4.1950256094992567e-05,0.000966669662224362,6.709827698327394e-05,0.0010757181953026285,0.0,81.18181818181819,62.1,38.01708568226207
M3G__UP019,summarization,qwen3.5:9b,True,stop,18.328233967,0.6944864,3381,0.153238,2156,17.431724,True,1494,9088,False,False,False,False,False,18.3316604589927,19.84209464403102,0.6876284260820673,0.03465503206280303,12.5035546175,297.39525567422703,20.0,6.539900736185276e-05,0.001635035752472369,0.00010460114010557947,0.0018050358999398013,5.555555555555555,82.0,62.099999999999994,38.00875939263238
M3S__UP019,summarization,qwen3.5:9b,True,stop,12.665681776,0.631830464,3446,0.157025,1466,11.826809,True,394,6918,False,False,False,False,False,12.669148634013254,14.179969553020783,0.4755609868177121,0.03353751818997401,12.503826462500001,285.6494835790476,20.0,4.749948626640763e-05,0.0011248845110181094,7.597139533318114e-05,0.0012483553926176982,0.0,86.58333333333333,62.1,38.02350616455078
M3S__UP020,summarization,qwen3.5:9b,True,stop,17.289485913,0.698550858,3278,0.131922,2036,16.420457999,True,180,8920,False,False,False,False,False,17.293252400995698,18.80472955404548,0.6499065581315137,0.03456080324174078,12.503644579062502,287.5033180471366,20.0,6.180529339632921e-05,0.001545363736289218,9.884634800578674e-05,0.001706015377691334,0.0,86.6470588235294,62.1,38.007677639231964
M3G__UP020,summarization,qwen3.5:9b,True,stop,12.217542109,0.741671865,3213,0.127958,1400,11.302402,True,434,5943,False,False,False,False,False,12.221344691002741,13.735566340968944,0.4557572968227966,0.03318081581124279,12.503232471153849,282.38746440444214,20.0,4.594338387522189e-05,0.00107693808377185,7.348891382765336e-05,0.0011963703814747253,0.0,86.08333333333333,62.1,38.02035331726074
M3G__UP021,open_qa,qwen3.5:9b,True,stop,11.164048345,0.726560756,3005,0.105365,1278,10.294374,True,995,4863,False,False,False,False,False,11.167405670974404,12.678538441017736,0.4124106438703032,0.03252824809333449,12.503282553124999,276.24808889676325,20.0,4.228417010501706e-05,0.0009726646670200623,6.763586918888096e-05,0.0010825847063139604,0.0,86.63636363636364,62.1,38.02270785245028
M3S__UP021,open_qa,qwen3.5:9b,True,stop,11.866180104,0.778027061,3070,0.100805,1359,10.945459,True,455,5978,False,False,False,False,False,11.869309944973793,13.38063885900192,0.43959280169554393,0.03285290084634522,12.503944184375001,279.24864128163284,20.0,4.472364324201117e-05,0.0010376822190343304,7.153245428893974e-05,0.0011539383165652813,0.0,86.36363636363636,62.1,38.03141541914506
M3S__UP022,open_qa,qwen3.5:9b,True,length,137.971516115,0.750399829,3070,0.113122,16384,137.071054,True,69394,3714,True,False,False,False,True,137.97500841401052,139.48508633999154,5.340248807817282,0.0382854464799237,12.506334119328127,328.3266285796422,20.0,0.0004669384642953339,0.012804602465895876,0.00074669980433375,0.014018240734524958,1.8248175182481752,86.7956204379562,62.01240875912409,37.97229276782405
M3G__UP022,open_qa,qwen3.5:9b,True,length,138.231635028,0.718160629,3005,0.084446,16384,136.905253999,True,0,69174,True,True,True,True,False,138.23657317098696,139.7477061719983,5.35550378573985,0.038322659687511564,12.504505244515626,329.4279878661351,20.0,0.000467833876533126,0.012842205551534036,0.0007482458737830812,0.014058285301850243,1.8115942028985508,86.23188405797102,62.834782608695654,38.47739639835081
M3G__UP023,open_qa,qwen3.5:9b,True,stop,13.440614079,0.723502791,3009,0.079166,1521,12.249829,True,1070,6140,False,False,False,False,False,13.442630044010002,14.954950126993936,0.49927930633848977,0.03338555475603241,12.503661883035715,284.19498397462195,20.0,5.018323033120972e-05,0.00118016594413195,8.026719602769136e-05,0.0013106163704908512,7.6923076923076925,80.07692307692308,63.8,39.08667197594276
M3S__UP023,open_qa,qwen3.5:9b,True,stop,12.06809795,0.609777405,3074,0.109613,1402,11.305125,True,346,6644,False,False,False,False,False,12.071330256992951,13.582532011030708,0.453048613455534,0.03335523988366838,12.503738435576924,283.97525363605257,20.0,4.542457048259778e-05,0.001071178634719061,7.2656837994388e-05,0.0011892600431960467,0.0,79.5,63.79999999999999,39.086679776509605
M3S__UP024,open_qa,qwen3.5:9b,True,stop,58.74897272,0.774155275,3074,0.097324,7080,57.841004,True,326,29889,False,False,False,False,False,58.75308546301676,60.267042947991285,2.249136532650801,0.037319510343186084,12.504326262031249,322.2039075481706,20.0,0.0002022816733810504,0.005378205135893488,0.0003235334890606787,0.005904020298335216,1.7241379310344827,86.84482758620689,63.8,39.07495432886584
M3G__UP024,open_qa,qwen3.5:9b,True,stop,45.333964848,0.690060998,3009,0.084345,5433,44.242295,True,5210,19489,False,False,False,False,False,45.337984170007985,46.84864211897366,1.7786295658771392,0.03796544543084624,12.503593560546877,257.08821910711856,20.0,0.00020779937759448744,0.004128754691890002,0.0003323777217666955,0.0046689317912511855,0.0,86.11111111111111,64.5,39.49857550726996
M3G__UP025,open_qa,qwen3.5:9b,True,stop,21.770795087,0.710945355,3008,0.083794,2560,20.694094,True,3628,8937,False,False,False,False,False,21.774641569005325,23.286195472988766,0.8183607215350218,0.03514359924034365,12.50422919140625,306.64742038157954,20.0,7.736939276702589e-05,0.0019470965576768862,0.00012374436990002222,0.0021482103203439343,0.0,86.85714285714286,65.14761904761905,39.897096543085006
M3S__UP025,open_qa,qwen3.5:9b,True,stop,26.153319759,0.659226636,3073,0.113133,3132,25.338353,True,689,14854,False,False,False,False,False,26.157112653949298,27.66774898400763,0.9966437601745314,0.03602185926837078,12.504713307211539,311.86289443914643,20.0,9.259688579837334e-05,0.0023755132892988584,0.00014809604664979916,0.0026162062217470307,3.8461538461538463,86.6923076923077,65.1423076923077,39.888417317317085
M3S__UP026,open_qa,qwen3.5:9b,True,stop,4.379294711,0.7021856,3072,0.090647,416,3.335691,True,952,1136,False,False,False,False,False,4.381777833041269,5.891815490962472,0.14990770122497754,0.025443380135532555,12.5031090275,210.82945680472162,20.0,1.8712020236051177e-05,0.00034487083145151587,2.992732346659371e-05,0.0003935101751541607,0.0,86.5,65.6,40.14984321594238
M3G__UP026,open_qa,qwen3.5:9b,True,stop,11.812243332,0.726137778,3007,0.103815,1356,10.94486,True,1620,5219,False,False,False,False,False,11.814673539018258,13.33727248600917,0.43588672581200044,0.03268184902642175,12.517359921875,277.91335339031417,20.0,4.457768758660458e-05,0.001028407489392258,7.122462958892964e-05,0.0011442098065677921,4.545454545454546,86.63636363636364,65.81818181818181,40.30154869773171
M3G__UP027,open_qa,qwen3.5:9b,True,stop,7.610744671,0.709504644,3005,0.106402,838,6.751319,True,936,3434,False,False,False,False,False,7.614367761008907,9.129430816043168,0.27818632796226755,0.030471376974938038,12.5033619921875,257.47399747401454,20.0,2.994160289551461e-05,0.0006524113552615063,4.7890716766899764e-05,0.0007302436749239207,0.0,86.57142857142857,64.1,39.25329099382673
M3S__UP027,open_qa,qwen3.5:9b,True,stop,8.936823934,0.718108546,3070,0.110399,1004,8.066981,True,73,4870,False,False,False,False,False,8.940660659980495,10.451689929002896,0.3270835341401512,0.03129479886621123,12.5033188125,264.87159163344654,20.0,3.455087150448596e-05,0.000768785059472421,5.5263712388760825e-05,0.0008585996433656679,0.0,86.625,64.1,39.24141550064087
M3S__UP028,open_qa,qwen3.5:9b,True,stop,7.682225408,0.704861653,3066,0.104456,850,6.837508,True,274,3577,False,False,False,False,False,7.6848693120409735,9.195769000041764,0.28099734896771483,0.03055724311544131,12.503364776562501,258.142376429684,20.0,3.018651212167045e-05,0.0006591513606544197,4.8284778405731135e-05,0.0007376226511818213,0.0,86.57142857142857,64.1,39.23904146466936
M3G__UP028,open_qa,qwen3.5:9b,True,stop,9.443484575,0.750186969,3001,0.100331,1065,8.556237999,True,729,4128,False,False,False,False,False,9.447252236015629,10.961965798982419,0.34652433010750333,0.031611513524305156,12.5037509075,267.8993347044446,20.0,3.6310291993414144e-05,0.0008152439855280136,5.8077774211091714e-05,0.0009096320517325195,0.0,87.33333333333333,64.1,39.22610982259115
M3G__UP029,open_qa,qwen3.5:9b,True,stop,15.868361506,0.638910608,3000,0.098106,1866,15.086472,True,2057,6758,False,False,False,False,False,15.870939981017727,17.38046569901053,0.5882402800728148,0.033844909006454496,12.507958137500001,245.5547778931934,20.0,5.689962017797771e-05,0.001396295283701221,9.094548218935313e-05,0.001544140386068552,6.666666666666667,86.66666666666667,64.57333333333334,39.5461675008138
M3S__UP029,open_qa,qwen3.5:9b,True,stop,12.970798436,0.656982565,3065,0.114266,1507,12.154427,True,881,6328,False,False,False,False,False,12.97438929299824,14.484645101998467,0.4818068327586964,0.03326328186613428,12.503827492307693,283.02010314000495,20.0,4.8560741408466355e-05,0.0011385189663704054,7.767113290546048e-05,0.0012647508406843323,4.166666666666667,87.0,64.675,39.596774101257324
M3S__UP030,open_qa,qwen3.5:9b,True,stop,14.107215609,0.727332909,3070,0.113139,1640,13.222627,True,358,7892,False,False,False,False,False,14.11122273298679,15.622782115999144,0.5267218442849037,0.03371498369330088,12.511419387500002,287.2008533574161,20.0,5.254365437477435e-05,0.0012461209968961384,8.398883156122692e-05,0.0013826534828321397,7.142857142857143,80.21428571428571,64.59285714285714,39.55567305428641
M3G__UP030,open_qa,qwen3.5:9b,True,stop,18.52175257,0.718611552,3005,0.106947,2186,17.655952,True,1446,9072,False,False,False,False,False,18.525655834993813,20.03636175399879,0.6963445096217707,0.034754039589188226,12.515616871250002,296.81180395184526,20.0,6.610206892647436e-05,0.0016561477138044012,0.00010566597949978637,0.001827915762230662,0.0,86.61111111111111,64.58888888888889,39.536989000108505
M3G__UP031,open_qa,qwen3.5:9b,True,stop,11.350360347,0.738908942,3006,0.105987,1301,10.473587,True,964,5077,False,False,False,False,False,11.353788417007308,12.864626568974927,0.4182521910936589,0.032511801943970915,12.50330856875,276.07147640381277,20.0,4.293048233668483e-05,0.0009863196779438255,6.866870333324187e-05,0.0010979188636137522,0.0,84.9090909090909,64.58181818181818,39.53274432095614
M3S__UP031,open_qa,qwen3.5:9b,True,stop,22.429506482,0.704214053,3071,0.11028,2665,21.579981,True,888,11568,False,False,False,False,False,22.433360321971122,23.94527487398591,0.8466584104763529,0.035358057693301345,12.50341362875,307.8406303086093,20.0,7.96562081698284e-05,0.002015427445673623,0.00012740856423333754,0.0022224922180767892,11.363636363636363,86.5909090909091,64.52272727272727,39.51644429293546
M3S__UP032,open_qa,qwen3.5:9b,True,stop,12.263526807,0.733120264,3067,0.097126,1416,11.394314,True,430,5878,False,False,False,False,False,12.26716619200306,13.778387233032845,0.4578038074234402,0.03322622594942631,12.503353754807694,282.73906834758685,20.0,4.610319514893716e-05,0.0010818964210725923,7.374288915565962e-05,0.001201742505377189,0.0,86.66666666666667,64.5,39.50554529825846
M3G__UP032,open_qa,qwen3.5:9b,True,stop,11.711620732,0.782878813,3002,0.093696,1341,10.793464,True,994,4947,False,False,False,False,False,11.714020420971792,13.226815165020525,0.4327909621099198,0.032720723523412765,12.503764793750001,278.0924969546713,20.0,4.417814677133516e-05,0.001021242205882622,7.06630234056825e-05,0.0011360833760596398,0.0,87.27272727272727,64.5,39.510061437433414
M3G__UP033,open_qa,qwen3.5:9b,True,stop,8.126017705,0.534348327,3000,0.106301,927,7.442495,True,877,3401,False,False,False,False,False,8.129613449040335,9.64074200799223,0.3025990629138479,0.03138752833163584,12.5051413375,265.88932681521686,20.0,3.173811330345636e-05,0.0007118316805758695,5.0757710816429204e-05,0.0007943275046957551,0.0,75.5,64.6625,39.58449840545654
M3S__UP033,open_qa,qwen3.5:9b,True,stop,6.814539297,0.675287999,3065,0.091871,750,6.01328,True,403,3231,False,False,False,False,False,6.818578077014536,8.329506338981446,0.24746982829869715,0.029710023406856356,12.510734283928572,250.3078678983096,20.0,2.7195254595474168e-05,0.0005789440742658414,4.3473030500010485e-05,0.000649612359361326,0.0,86.83333333333333,65.26666666666667,39.96849505106608
M3S__UP034,open_qa,qwen3.5:9b,True,stop,4.024341406,0.524708165,3077,0.105688,416,3.3587,True,959,1320,False,False,False,False,False,4.025847619981505,5.534502720984165,0.1453325685425678,0.02625937249818973,12.5591124275,218.6712601927984,20.0,1.755034074889467e-05,0.00033600249102505586,2.7947545027644888e-05,0.0003815003768015954,0.0,65.0,66.3,40.59306335449219
M3G__UP034,open_qa,qwen3.5:9b,True,stop,16.260985596,0.766791815,3012,0.10806,1898,15.352345,True,2755,7328,False,False,False,False,False,16.264238367031794,17.779474544979166,0.5985697828913229,0.03366633706620739,12.503017606250001,260.9590636796462,20.0,5.823203836295214e-05,0.0014198844692403512,9.313899283329697e-05,0.0015712555004366003,0.0,86.8125,65.85625,40.32668662071228
M3G__UP035,open_qa,qwen3.5:9b,True,stop,20.635794342,0.752820873,3004,0.104615,2446,19.740086,True,1036,9651,False,False,False,False,False,20.639964825997595,22.151818489015568,0.7720765075951324,0.03485386574370778,12.5040054125,301.45538376973604,20.0,7.343095093272921e-05,0.0018358375797804527,0.0001174449686834123,0.002026713499396594,10.0,86.9,65.65,40.19999370574951
M3S__UP035,open_qa,qwen3.5:9b,True,stop,15.725545144,0.712997615,3069,0.10747,1841,14.86004,True,267,8248,False,False,False,False,False,15.729110520973336,17.239658231963404,0.5873153973407085,0.0340676937696937,12.513357588125,246.18956715344234,20.0,5.645883673473948e-05,0.0013950972271885576,9.015648979952353e-05,0.0015417125537228204,0.0,86.73333333333333,66.46,40.70293604532878
M3S__UP036,open_qa,qwen3.5:9b,True,stop,16.98089026,0.662835864,3066,0.111674,2005,16.162642,True,188,8848,False,False,False,False,False,16.98494335898431,18.49575541098602,0.6346282981129256,0.034312104805190716,12.503436766250001,283.9105509856443,20.0,6.073483428802836e-05,0.0015080348175384728,9.714004265551921e-05,0.0016659096944820204,0.0,86.6875,66.15,40.50140452384949
M3G__UP036,open_qa,qwen3.5:9b,True,stop,8.416477568,0.822365529,3001,0.105304,928,7.446608,True,175,3968,False,False,False,False,False,8.420448633027263,9.93170466000447,0.3056964711492463,0.030779859209900097,12.5034444875,260.09787020978297,20.0,3.27436440077191e-05,0.000717341684984163,5.237292313896534e-05,0.0008024582521308474,0.0,86.75,66.1,40.4894905090332
M3G__UP037,open_qa,qwen3.5:9b,True,stop,7.138707495,0.719997027,3000,0.103714,783,6.2743,True,963,2354,False,False,False,False,False,7.141662129026372,8.651996024011169,0.25979669822325935,0.030027371429929818,12.5029087578125,253.2406832358723,20.0,2.8297384002298767e-05,0.0006084099311722824,4.526327997769436e-05,0.0006819705951522755,0.0,87.28571428571429,66.2,40.5107672555106
M3S__UP037,open_qa,qwen3.5:9b,True,stop,11.094499555,0.71390357,3065,0.111781,1272,10.232775,True,433,5489,False,False,False,False,False,11.098109451006167,12.612089334987104,0.41100361498177124,0.03258806721592188,12.503372318750001,276.88943641978693,20.0,4.204267317361604e-05,0.000969600220123823,6.7248339099913e-05,0.001078891232397352,4.545454545454546,78.81818181818181,66.1,40.496545271439985
M3S__UP038,open_qa,qwen3.5:9b,True,stop,7.606754022,0.697579115,3065,0.112668,843,6.752466,True,311,3563,False,False,False,False,False,7.610048033006024,9.121345658961218,0.27879523097067715,0.030565142621996375,12.5036380671875,258.2257390486643,20.0,2.9928234026302178e-05,0.0006540433010124858,4.7870520272085234e-05,0.0007318420553108732,0.0,87.57142857142857,66.1,40.489412035260884
M3G__UP038,open_qa,qwen3.5:9b,True,stop,8.000923598,0.717683392,3000,0.089576,890,7.152761,True,339,3756,False,False,False,False,False,8.004900934000034,9.517418823961634,0.2913476572287245,0.030612045410380585,12.5030659375,258.5925886685009,20.0,3.1302401230328096e-05,0.0006834216578477381,5.006832109971179e-05,0.000764792380177778,0.0,86.85714285714286,66.1,40.48512935638428
M3G__UP039,open_qa,qwen3.5:9b,True,stop,17.641304655,0.652023907,3004,0.106065,2086,16.846627,True,523,8157,False,False,False,False,False,17.643139939988032,19.153149444959126,0.6586922341613025,0.034390805337482615,12.5033219215625,294.4980366029743,20.0,6.301867739656362e-05,0.001565260974430771,0.00010079826958309342,0.001729077921410428,5.882352941176471,86.47058823529412,66.00588235294117,40.40047724106733
M3S__UP039,open_qa,qwen3.5:9b,True,stop,12.77431745,0.708564105,3069,0.112327,1475,11.909742,True,234,6122,False,False,False,False,False,12.778125701006502,14.290143519989215,0.4743517196828906,0.03319432859574587,12.505098716346154,282.3977263881678,20.0,4.78864614924834e-05,0.0011207111743454234,7.658341071122171e-05,0.0012451810465491286,8.333333333333334,86.33333333333333,64.59166666666665,39.54801654815674
M3S__UP040,open_qa,qwen3.5:9b,True,stop,11.460839052,0.733074017,3071,0.107154,1313,10.576416,True,153,5831,False,False,False,False,False,11.464200453017838,12.975330576999113,0.42446938447192334,0.032713569951301626,12.504738021875,277.97102544534073,20.0,4.331838740543077e-05,0.0010016394124221506,6.928129840558136e-05,0.0011142390982331626,0.0,86.81818181818181,64.84545454545454,39.69429397583008
M3G__UP040,open_qa,qwen3.5:9b,True,stop,37.33132489,0.722664209,3006,0.104693,4492,36.464261,True,639,19148,False,False,False,False,False,37.3344163330039,38.84404545696452,1.414045440819136,0.036403145557683037,12.505640182500002,313.7336524783819,20.0,0.00012966861501299482,0.0033748624221097145,0.0002073614443555319,0.0037118924814782414,1.3513513513513513,85.43243243243244,65.16756756756756,39.91662113086598
M3G__UP041,classification,qwen3.5:9b,True,stop,36.099284458,0.724264778,3015,0.087934,4321,35.014854,True,483,19776,False,False,False,False,False,36.102884816005826,37.61790293699596,1.3681735570072047,0.03637027718686709,12.50378060234375,313.8134581091826,20.0,0.00012537068508482755,0.0032655820569083005,0.000200525291888496,0.003591478033881624,6.944444444444445,84.33333333333333,65.65277777777777,40.197043100992836
M3S__UP041,classification,qwen3.5:9b,True,stop,9.670580057,0.701149058,3080,0.091247,1069,8.575111999,True,127,4722,False,False,False,False,False,9.674626594001893,11.187332154018804,0.35254024673285733,0.03151245014265666,12.503355582500003,266.8529843550264,20.0,3.710098066745243e-05,0.0008289801076282188,5.9342843277651506e-05,0.0009254239315733228,0.0,82.33333333333333,66.02222222222223,40.42458258734809
M3S__UP042,classification,qwen3.5:9b,True,stop,94.172528198,0.746303998,3113,0.119286,11312,93.266628,True,153,44282,False,False,False,False,False,94.17708196595777,95.6887808010215,3.6380785175800465,0.038019906692564,12.50410887607143,327.1286721043349,20.0,0.0003200405486486076,0.008718094474470028,0.0005118807731277129,0.009550015796246349,4.787234042553192,86.51063829787235,65.63617021276596,40.18693700749824
M3G__UP042,classification,qwen3.5:9b,True,length,138.040295937,0.767653092,3048,0.08974,16384,136.739632,True,0,65504,True,True,True,True,False,138.04500382003607,139.55677234497853,5.362864505827706,0.038427834176122444,12.510618421390625,330.15638219951853,20.0,0.00046737424063618557,0.012863116401596209,0.0007471166706110428,0.014077607312843436,4.014598540145985,86.88321167883211,66.57299270072993,40.75675432525412
M3G__UP043,classification,qwen3.5:9b,True,stop,52.639378642,0.647666002,3011,0.085707,6307,51.433714,True,615,25927,False,False,False,False,False,52.64127996901516,54.15095008001663,2.0177795982437803,0.037262127354408196,12.504103110664063,321.3801729719252,20.0,0.0001810596308386769,0.004826050249726599,0.0002895946692280834,0.0052967045497933594,1.9230769230769231,85.96153846153847,68.0,41.63179595653828
M3S__UP043,classification,qwen3.5:9b,True,stop,30.214759655,0.693933658,3076,0.086004,3582,29.016448,True,88,15260,False,False,False,False,False,30.21768364100717,31.72954579401994,1.1926396096244725,0.03758766726024956,12.50280700421875,232.34122048206325,20.0,0.00015698829872208837,0.002722589400291575,0.00025112084311646566,0.003130698542130129,3.3333333333333335,86.13333333333334,68.0,41.627987416585285
M3S__UP044,classification,qwen3.5:9b,True,stop,29.421971503,0.701658682,3087,0.091525,3507,28.36912,True,309,14047,False,False,False,False,False,29.426131165004335,30.93877488898579,1.1158850356511032,0.036067524963580844,12.503885891328125,310.64597050880815,20.0,0.00010394478014871238,0.0026590149049887657,0.00016625684104995647,0.0029292165261874344,1.7241379310344827,86.82758620689656,68.53793103448275,41.97283172607422
M3G__UP044,classification,qwen3.5:9b,True,stop,19.429531266,0.737913888,3022,0.088938,2267,18.288804,True,1239,8524,False,False,False,False,False,19.433518662990537,20.944899672002066,0.725584259570464,0.03464252734236694,12.503883156875,300.12836444087964,20.0,6.9224357009412e-05,0.0017247288797817006,0.00011071734877251502,0.0019046705855636278,0.0,86.89473684210526,69.1,42.28734267385382
M3G__UP045,classification,qwen3.5:9b,True,stop,11.489321807,0.662492848,3018,0.111385,1328,10.67049,True,102,5561,False,False,False,False,False,11.49344095197739,13.00496774801286,0.4294823283348961,0.03302448238678026,12.50364845,280.9066022253113,20.0,4.341794813992686e-05,0.0010145347005163785,6.944550946128503e-05,0.0011273981581175904,4.545454545454546,87.18181818181819,69.2,42.34467905217951
M3S__UP045,classification,qwen3.5:9b,True,stop,7.641388667,0.623562961,3083,0.11493,854,6.861012,True,65,3698,False,False,False,False,False,7.645444452995434,9.156623235030565,0.28193884170330297,0.030790700290548954,12.503501435937501,260.34962987856636,20.0,3.0051667811874658e-05,0.0006619760851362955,4.8066332111031645e-05,0.0007400940850592018,14.285714285714286,86.85714285714286,69.2,42.361402784075054
M3S__UP046,classification,qwen3.5:9b,True,stop,43.37866701,0.705339298,3111,0.118847,5224,42.517987,True,513,23023,False,False,False,False,False,43.38913991901791,44.8988028470194,1.65378208390026,0.03683354519573891,12.505829297343752,317.8485055878736,20.0,0.0001507015667339847,0.003949492048480607,0.00024101148755548314,0.0043412051027700745,5.993023255813953,86.69767441860465,69.1093023255814,42.30351958163949
M3G__UP046,classification,qwen3.5:9b,True,stop,23.657933077,0.726044516,3046,0.089697,2780,22.504824,True,2829,9875,False,False,False,False,False,23.66118598903995,25.175433152995538,0.8870869566733472,0.035236214260241865,12.504041729375,305.8898522444031,20.0,8.392644154416818e-05,0.002110455855029336,0.0001342355185553768,0.002328617815128881,0.0,84.73913043478261,69.20434782608696,42.37053630663001
M3G__UP047,classification,qwen3.5:9b,True,stop,10.5400933,0.711315198,3006,0.103943,1203,9.685747,True,1193,4597,False,False,False,False,False,10.54285692202393,12.052605282049626,0.3895658349821946,0.03232212669922816,12.50358429090909,274.3618640469579,20.0,4.0113079302887696e-05,0.0009183426791183891,6.416094976141014e-05,0.0010226167081826868,5.0,87.0,69.05999999999999,42.28255386352539
M3S__UP047,classification,qwen3.5:9b,True,stop,7.866907463,0.721641982,3071,0.11397,867,6.988436,True,444,3714,False,False,False,False,False,7.870858268986922,9.382159276981838,0.28535590468221744,0.030414736763455803,12.5033147421875,256.74705488850964,20.0,3.083519057413537e-05,0.0006689099795718079,4.931876129444896e-05,0.0007490639314403922,7.142857142857143,86.28571428571429,69.0,42.2469106401716
M3S__UP048,classification,qwen3.5:9b,True,stop,28.339206482,0.703711138,3087,0.114097,3392,27.48275,True,130,15914,False,False,False,False,False,28.34156534296926,29.85079469397897,1.0725887348028253,0.03593166432581344,12.503471569999999,309.58711661675244,20.0,0.00010017308606190349,0.0025551592663477507,0.0001602306737166752,0.0028155630261263295,3.5714285714285716,86.17857142857143,69.0,42.24587508610317
M3G__UP048,classification,qwen3.5:9b,True,stop,17.721734045,0.700028244,3022,0.088258,2065,16.67318,True,272,9321,False,False,False,False,False,17.72579020395642,19.237387204018887,0.660424734160789,0.03433027194165014,12.5102721828125,293.2014544065006,20.0,6.332543924328073e-05,0.0015690643108063895,0.00010123601228341513,0.0017336257623330855,0.0,86.88235294117646,69.79411764705883,42.738258361816406
M3G__UP049,classification,qwen3.5:9b,True,stop,12.171748091,0.685295514,3011,0.095167,1409,11.35272,True,466,5933,False,False,False,False,False,12.175373863021377,13.685713003040291,0.4537090811295926,0.03315202364895426,12.50778817596154,282.0352786624767,20.0,4.579988613482251e-05,0.0010719630797915158,7.323081574997762e-05,0.001190993781676316,0.0,86.58333333333333,69.875,42.797763188680015
M3S__UP049,classification,qwen3.5:9b,True,stop,5.010786136,0.533003836,3076,0.099841,542,4.348118,True,38,2222,False,False,False,False,False,5.013557964004576,6.523278082022443,0.18337092862724705,0.028110242476493606,12.503231412500002,235.7561683212376,20.0,2.0906344210180245e-05,0.0004270078416066525,3.343751027779137e-05,0.0004813516960946241,10.0,69.6,70.5,43.17800064086914
M3S__UP050,classification,qwen3.5:9b,True,stop,11.780819119,0.722330116,3070,0.112851,1353,10.908712,True,143,5934,False,False,False,False,False,11.78425036801491,13.29434492700966,0.4351519500897378,0.03273210921477256,12.518936871875,278.0953273568251,20.0,4.4478950662426835e-05,0.0010267455436183681,7.105651396106825e-05,0.0011422810082418631,4.545454545454546,86.72727272727273,70.69090909090909,43.29588872736151
M3G__UP050,classification,qwen3.5:9b,True,stop,14.240646901,0.766807993,3005,0.106002,1653,13.325522,True,297,6731,False,False,False,False,False,14.244161757989787,15.755028460989706,0.5290484567791898,0.0335796573195118,12.505422882500003,285.91711678196725,20.0,5.2978269693866604e-05,0.001251057667512434,8.472494159456497e-05,0.0013887608788008656,3.5714285714285716,80.5,70.41428571428573,43.13201795305525
M3G__UP051,classification,qwen3.5:9b,True,stop,10.453409362,0.746458111,3010,0.106983,1185,9.558666,True,228,5307,False,False,False,False,False,10.456790183961857,11.968540619011037,0.38534561571413944,0.03219654158185751,12.517728026136364,273.20147265496365,20.0,3.9860356789054337e-05,0.0009079937819489459,6.368442462763698e-05,0.001011538563365637,0.0,86.7,71.77,43.956594467163086
M3S__UP051,classification,qwen3.5:9b,True,stop,4.339694249,0.700497005,3075,0.110974,434,3.483943,True,47,1787,False,False,False,False,False,4.342526424035896,5.8531283009797335,0.15217215479821192,0.025998431432425695,12.502455762500004,216.09273601246318,20.0,1.857701832811932e-05,0.0003511633364849942,2.971404812221105e-05,0.0003994544029353246,0.0,87.0,71.0,43.49800491333008
M3S__UP052,classification,qwen3.5:9b,True,stop,16.25503515,0.737108786,3102,0.119462,1902,15.359521,True,305,7902,False,False,False,False,False,16.258320183027536,17.77050992799923,0.6048627183803357,0.03403744297890481,12.5026984325,264.8649351887356,20.0,5.820847117066224e-05,0.0014364617047242234,9.310438344449116e-05,0.001587774559339377,6.25,85.625,71.0,43.477761030197144
M3G__UP052,classification,qwen3.5:9b,True,stop,31.405046626,0.706297324,3037,0.109157,3767,30.544572,True,1088,15619,False,False,False,False,False,31.409050980000757,32.92041334195528,1.1877046652189747,0.036078060529857,12.505275284375001,291.15984213599626,20.0,0.00010907955959012054,0.002834225322933648,0.00017443934957749055,0.003117744232101259,5.377419354838709,86.70967741935483,71.08064516129032,43.512091482839274
M3G__UP053,classification,qwen3.5:9b,True,stop,10.82799418,0.736412291,3021,0.088382,1213,9.750515,True,497,4372,False,False,False,False,False,10.830919721978717,12.341150574036874,0.39747988922505595,0.03220768491888173,12.50412326818182,273.2594133985183,20.0,4.111343465086372e-05,0.0009365207492155747,6.575704654452339e-05,0.0010433912304109619,10.0,86.7,71.6,43.82390251159668
M3S__UP053,classification,qwen3.5:9b,True,stop,9.149726047,0.705783225,3086,0.101084,1036,8.309171,True,55,4557,False,False,False,False,False,9.153367170016281,10.664033484994434,0.3391891299587384,0.03180683279324075,12.503511620000001,269.6741998458823,20.0,3.529008091752395e-05,0.0007986417500251974,5.6445200055410774e-05,0.0008903770309981322,0.0,87.0,71.56666666666666,43.812408447265625
M3S__UP054,classification,qwen3.5:9b,True,stop,127.441288883,0.745546027,3114,0.121049,15195,126.531676,True,367,62991,False,False,False,False,False,127.44598484400194,128.9615805070498,4.936552184620729,0.038279246929288906,12.504714375885417,330.53854565180956,20.0,0.0004320883905980278,0.011835374190513726,0.0006910678943331328,0.012958530475444886,2.3622047244094486,86.85826771653544,71.3771653543307,43.70345489622101
M3G__UP054,classification,qwen3.5:9b,True,length,138.160893307,0.679026806,3049,0.090031,16384,136.883601,True,0,70509,True,True,True,True,False,138.1655154019827,139.6760298180161,5.361196652556888,0.038383083049697155,12.512339997781252,329.64134256808927,20.0,0.0004678667320124007,0.012857572230492664,0.0007477902081390816,0.014073229170644148,5.918115942028986,86.3913043478261,70.20072463768116,42.98282590119735
M3G__UP055,classification,qwen3.5:9b,True,stop,19.563067366,0.702350287,3010,0.084515,2261,18.23602,True,531,9584,False,False,False,False,False,19.56702676700661,21.078049141040538,0.7292378732042157,0.034597028801130136,12.50380596125,299.2589502710943,20.0,6.969111819024062e-05,0.00173310388648229,0.00011146637662216867,0.0019142613812946994,0.0,84.84210526315789,70.31052631578947,43.05852588854338
M3S__UP055,classification,qwen3.5:9b,True,stop,6.613533236,0.770264401,3075,0.109045,710,5.697313,True,202,2977,False,False,False,False,False,6.617381857999135,8.128563406993635,0.23914316529116553,0.029420102091522356,12.503525942857143,247.63329865653196,20.0,2.648040164894365e-05,0.000558919336024033,4.235499468341004e-05,0.0006277547323563867,0.0,85.5,70.2,42.961493174235024
M3S__UP056,classification,qwen3.5:9b,True,stop,15.639254511,0.667603842,3135,0.124364,1837,14.804402,True,328,7455,False,False,False,False,False,15.643324379983824,17.155333773000166,0.5853273537829677,0.034119263520490765,12.503422424375,224.31162310650222,20.0,5.6073965767387364e-05,0.001390736112588442,8.968382841137807e-05,0.0015364939067672076,0.0,87.2,70.14666666666668,42.95225931803385
M3G__UP056,classification,qwen3.5:9b,True,stop,26.986295108,0.719677659,3070,0.113231,3227,26.110913,True,687,14249,False,False,False,False,False,26.990561783022713,28.501955407031346,1.0214294909308361,0.03583717244462647,12.504030707692309,309.36249277894063,20.0,9.548454421495192e-05,0.002433063335338659,0.00015272129207215686,0.0026812691716257674,1.9230769230769231,86.53846153846153,70.11153846153846,42.9472541809082
M3G__UP057,classification,qwen3.5:9b,True,stop,5.371028842,0.719171395,3021,0.088319,537,4.306112,True,168,2665,False,False,False,False,False,5.374575591995381,6.885555156972259,0.18689699433665571,0.0271433443020793,12.503088106249999,226.48571152335285,20.0,2.21628670373985e-05,0.00043299479083902526,3.545001855527516e-05,0.000490607676431699,0.0,86.2,70.6,43.23514022827148
M3S__UP057,classification,qwen3.5:9b,True,stop,34.128666743,0.730958481,3086,0.113897,4098,33.243947,True,93,20006,False,False,False,False,False,34.13260489201639,35.643183120992035,1.293056959602125,0.036277819385906074,12.503665428750002,310.4419236078072,20.0,0.00011853487703220061,0.0030861683022660458,0.00018959255400566487,0.0033942957333039114,8.823529411764707,86.70588235294117,70.6,43.23845122842228
M3S__UP058,classification,qwen3.5:9b,True,stop,91.85360035,0.755891874,3116,0.097206,10991,90.700986,True,497,48568,False,False,False,False,False,91.85811246099183,93.3713996540173,3.5430107625488927,0.0379453534559547,12.50437594075893,322.2375790566006,20.0,0.00031199218217213646,0.008489473458240582,0.0004989957391617483,0.009300461379574465,2.7472527472527473,86.78021978021978,69.7989010989011,42.73247113070645
M3G__UP058,classification,qwen3.5:9b,True,stop,27.483750516,0.720026456,3051,0.090097,3244,26.240492,True,1119,13511,False,False,False,False,False,27.487904368026648,28.999611971026752,1.0362549114948356,0.035733406106610965,12.504095794196427,308.4856936392338,20.0,9.720715509345848e-05,0.0024675019739994752,0.00015547701474440852,0.0027201861438373425,1.8518518518518519,84.70370370370371,69.81481481481481,42.74985956262659
M3G__UP059,classification,qwen3.5:9b,True,stop,26.912681263,0.680802881,3034,0.088775,3200,25.885009,True,1422,12793,False,False,False,False,False,26.916338654991705,28.42722556600347,1.0184982175803177,0.03582826664584371,12.504038028557694,309.6715854188943,20.0,9.522687144423685e-05,0.0024260369408279914,0.0001523107187169242,0.0026735745309891526,0.0,84.88461538461539,70.11538461538461,42.93790934636043
M3S__UP059,classification,qwen3.5:9b,True,stop,33.622826249,0.763955116,3099,0.096327,4004,32.484288,True,161,16511,False,False,False,False,False,33.62698942102725,35.13832358800573,1.2735965213382303,0.03624522718474154,12.504598490312501,310.9868869723239,20.0,0.00011678577844318304,0.0030396460428265826,0.00018677994231661106,0.003343211763586377,1.5151515151515151,86.63636363636364,70.25151515151515,43.022081317323625
M3S__UP060,classification,qwen3.5:9b,True,stop,17.44976985,0.777394267,3098,0.096438,2015,16.278011,True,89,9187,False,False,False,False,False,17.45342968701152,18.963854569010437,0.6464810304277095,0.03409017022753112,12.519603191562501,287.3513524313157,20.0,6.241111052446145e-05,0.0015348623389996874,9.974986174428423e-05,0.001697023311268433,6.864705882352942,83.17647058823529,70.00588235294117,42.86937175077551
M3G__UP060,classification,qwen3.5:9b,True,stop,48.58761481,0.711614435,3033,0.104532,5857,47.73892,True,696,26427,False,False,False,False,False,48.59200465498725,50.10357397602638,1.858633911794335,0.03709583497344234,12.504152650976563,317.82735722181985,20.0,0.0001670011636111007,0.004444838833646436,0.00026710451460579254,0.004878944511863328,3.125,86.625,69.67291666666667,42.66174244880676
M3G__UP061,information_extraction,qwen3.5:9b,True,stop,30.328515955,0.745902181,3258,0.115063,3592,29.133083,True,647,15845,False,False,False,False,False,30.331688021018635,31.842122078000102,1.1996000921388,0.03767337142921169,12.502973436562499,242.41558106099924,20.0,0.0001573966163566081,0.002739804414064295,0.00025176889250546486,0.0031489699229263683,3.3333333333333335,85.43333333333334,69.28666666666666,42.42572504679362
M3S__UP061,information_extraction,qwen3.5:9b,True,stop,14.275003249,0.713858653,3323,0.11732,1632,13.131974,True,392,6951,False,False,False,False,False,14.276874230999965,15.78553961898433,0.5297796920644772,0.0335610758233024,12.50359415,285.7351093224472,20.0,5.307769899372584e-05,0.0012527035021614452,8.489918226647813e-05,0.001390680383421649,3.5714285714285716,84.57142857142857,69.45,42.52715410505022
M3S__UP062,information_extraction,qwen3.5:9b,True,stop,30.643654235,0.737936315,3937,0.196274,3649,29.667071,True,1428,14717,False,False,False,False,False,30.647013515990693,32.16046241699951,1.1670357946299565,0.03628790467928968,12.5039816690625,269.75721867771534,20.0,0.00010643764776538945,0.0027868216738999863,0.00017022878603893332,0.003063488107704309,5.0,86.7,69.14666666666668,42.34436518351237
M3G__UP062,information_extraction,qwen3.5:9b,True,stop,24.851893693,0.714937452,3872,0.171892,2911,23.628922,True,1955,10815,False,False,False,False,False,24.85531179298414,26.365412760991603,0.9365040060056934,0.035520172374895576,12.503830825454546,308.03898143280975,20.0,8.807089094447538e-05,0.0022294003946301544,0.00014086709480519254,0.0024583383803798223,2.0833333333333335,87.04166666666667,69.37916666666666,42.48166147867838
M3G__UP063,information_extraction,qwen3.5:9b,True,stop,99.890276248,0.74623409,4799,0.272627,11861,98.624163,True,160,52094,False,False,False,False,False,99.89516647398705,101.40587542502908,3.87517626516381,0.0382145141878765,12.506060411294643,330.2424782614993,20.0,0.0003399526654186847,0.009288800208811843,0.0005436483993324347,0.010172401273562962,2.0202020202020203,87.08080808080808,69.63636363636364,42.64438494287356
M3S__UP063,information_extraction,qwen3.5:9b,True,stop,50.331074639,0.663652174,4864,0.278291,5969,48.923963,True,149,26353,False,False,False,False,False,50.33563298895024,51.845979666977655,1.9342236538394992,0.037307109755927076,12.50424016608259,321.40202842966175,20.0,0.00017305642102758426,0.00462752647979503,0.00027678592406122737,0.0050773688248838406,3.0,86.22,70.096,42.91985725402832
M3S__UP064,information_extraction,qwen3.5:9b,True,stop,5.124209519,0.716197304,3445,0.129351,490,3.925049,True,74,1991,False,False,False,False,False,5.128279357973952,6.639625575975515,0.17774491108315357,0.0267703214660623,12.5029137875,223.04931476501173,20.0,2.13083757635939e-05,0.00041119171784220754,3.4083214133150046e-05,0.00046658330773895147,0.0,77.8,69.8,42.73420333862305
M3G__UP064,information_extraction,qwen3.5:9b,True,stop,12.22353449,0.684811577,3380,0.152218,1409,11.343044,True,219,6070,False,False,False,False,False,12.227510781027377,13.739073516975623,0.4567225092376484,0.033242598831233754,12.503781350000002,282.8962007372799,20.0,4.5968561360510584e-05,0.001079410585750118,7.35249327886979e-05,0.0011989040798993265,4.166666666666667,85.08333333333333,69.71666666666667,42.68636989593506
M3G__UP065,information_extraction,qwen3.5:9b,True,stop,30.060893394,0.775690606,3535,0.164438,3586,29.07707,True,681,14769,False,False,False,False,False,30.06482256599702,31.575880067015532,1.1932018783303526,0.03778839657985599,12.503085899218751,247.97015856268888,20.0,0.00015649873601088703,0.0027253449580522116,0.00025033081264474376,0.0031321745067078425,3.3333333333333335,84.13333333333334,69.55999999999999,42.59690628051758
M3S__UP065,information_extraction,qwen3.5:9b,True,stop,14.076648678,0.689740361,3600,0.145603,1603,12.92935,True,350,6253,False,False,False,False,False,14.07976489601424,15.590388974989764,0.522759946112489,0.033530911060083546,12.5061037175,285.46752506878505,20.0,5.240948074929897e-05,0.0012360320999356134,8.381185444434071e-05,0.001372253435129253,0.0,85.0,69.87857142857143,42.78839329310826
M3S__UP066,information_extraction,qwen3.5:9b,True,stop,5.699630553,0.714310244,3211,0.12925,601,4.814648,True,42,2453,False,False,False,False,False,5.703552416001912,7.214801791997161,0.20571533414756582,0.028512957123195046,12.503399468750002,239.31625880599526,20.0,2.3308014680441908e-05,0.00047941816131213955,3.727995118307364e-05,0.0005400061271756551,0.0,87.4,69.8,42.73935546875
M3G__UP066,information_extraction,qwen3.5:9b,True,stop,3.333869726,0.729969461,3146,0.122415,304,2.436463,True,186,1257,False,False,False,False,False,3.33753953804262,4.849319891014602,0.11445061849624458,0.02360137525847951,12.50223183125,194.03074281599035,20.0,1.5090256182099657e-05,0.00026120715341004797,2.4137341677689823e-05,0.00030043475126983744,0.0,84.0,69.8,42.72409184773763
M3G__UP067,information_extraction,qwen3.5:9b,True,stop,12.356621267,0.745893372,3151,0.126271,1419,11.442485,True,723,5823,False,False,False,False,False,12.36034303798806,13.871497779968195,0.45732988005356545,0.03296903386410044,12.505647474038462,280.29607042195425,20.0,4.6435334587147395e-05,0.0010798016971742541,7.426140649444683e-05,0.0012004984382558484,4.166666666666667,86.66666666666667,69.7,42.66896788279215
M3S__UP067,information_extraction,qwen3.5:9b,True,stop,20.038134167,0.734024488,3216,0.130436,2367,19.134479,True,169,10635,False,False,False,False,False,20.042120513040572,21.55549159704242,0.7524106358126481,0.03490575162367834,12.503459534642857,301.60071824161486,20.0,7.134793660227258e-05,0.0017896230983645012,0.0001141192283555736,0.001975090263322347,0.0,82.4,68.83,42.16033992767334
M3S__UP068,information_extraction,qwen3.5:9b,True,stop,60.244780419,0.721266888,3574,0.171394,7263,59.308549,True,132,31084,False,False,False,False,False,60.248747923993506,61.761993510997854,2.3694413564824006,0.038364068608965456,12.503702122812502,280.45696988814643,20.0,0.0002578134383065587,0.00554963666192787,0.000412372334422091,0.006219822434656519,3.6116666666666664,87.3,68.2,41.75277360280355
M3G__UP068,information_extraction,qwen3.5:9b,True,stop,59.421132174,0.657424759,3509,0.135852,7123,58.281046,True,96,31789,False,False,False,False,False,59.42418925499078,60.9344415999949,2.2852493995332743,0.03750341087122501,12.518589493085937,323.85562871105867,20.0,0.00020486067148094107,0.005466693262239808,0.00032726323266138533,0.005998817166382135,5.084745762711864,86.89830508474576,69.96610169491525,42.845780841374804
M3G__UP069,information_extraction,qwen3.5:9b,True,stop,12.879475707,0.643507055,3152,0.103729,1465,11.800046,True,292,6061,False,False,False,False,False,12.881873539008666,14.391527714033145,0.47684162145748427,0.033133495688057985,12.50382453269231,281.80954524568017,20.0,4.823414726257473e-05,0.0011263345121781398,7.714842011692882e-05,0.0012517170795576433,0.0,83.5,69.90833333333333,42.79908561706543
M3S__UP069,information_extraction,qwen3.5:9b,True,stop,13.051316888,0.77476641,3217,0.128576,1502,12.10543,True,74,6405,False,False,False,False,False,13.055129059997853,14.56733880302636,0.48701995474638,0.0334323215332372,12.503507010714287,284.6237282695257,20.0,4.884280665076555e-05,0.001151468976729575,7.812358804997832e-05,0.0012784353714303189,0.0,80.38461538461539,69.65384615384616,42.655955681434044
M3S__UP070,information_extraction,qwen3.5:9b,True,stop,26.994076208,0.721363714,3492,0.178102,3213,26.045839,True,269,14173,False,False,False,False,False,26.998731350002345,28.510296044987626,1.0224982960310922,0.03586417673171994,12.503967838942307,309.7416418065619,20.0,9.551959621406845e-05,0.002435775559729514,0.00015277964660555073,0.002684074802549133,0.0,86.65384615384616,69.6,42.61953265850361
M3G__UP070,information_extraction,qwen3.5:9b,True,stop,26.871433751,0.718289468,3427,0.128014,3171,25.707617,True,368,14666,False,False,False,False,False,26.87554427603027,28.386744201008696,1.0126142540181833,0.03567208154791492,12.504067460288462,308.32827370885195,20.0,9.508769384097176e-05,0.0024109558176519386,0.00015208551861125875,0.002658129030104169,4.4884615384615385,84.65384615384616,69.86153846153846,42.78794831496019
M3G__UP071,information_extraction,qwen3.5:9b,True,stop,10.921825075,0.586152903,3118,0.096964,1242,9.990542,True,191,4989,False,False,False,False,False,10.92442763102008,12.433099967020098,0.40418236299596494,0.03250857501894898,12.503647025,276.0892894305532,20.0,4.1431938458017734e-05,0.0009532835404035822,6.626985516114574e-05,0.0010609853340227456,0.0,87.0,70.24,43.007577133178714
M3S__UP071,information_extraction,qwen3.5:9b,True,stop,12.938449776,0.675494595,3183,0.129664999,1501,12.09182,True,136,6210,False,False,False,False,False,12.94190770003479,14.452769482973963,0.48217484221420387,0.03336210701915839,12.503772592307692,283.963522005357,20.0,4.844751021017843e-05,0.0011397789673770475,7.749039395550628e-05,0.0012657168715427321,0.0,86.66666666666667,70.125,42.94938945770264
M3S__UP072,information_extraction,qwen3.5:9b,True,stop,44.269905231,0.631591215,3462,0.159824,5338,43.430306,True,674,21616,False,False,False,False,False,44.2726660729968,45.78334766003536,1.6957067127428258,0.03703763047941165,12.504364370781252,319.4754544730892,20.0,0.00015376348394070558,0.004051564074582181,0.00024593038278916435,0.004451257941312051,5.681818181818182,86.29545454545455,70.1,42.93015982887962
M3G__UP072,information_extraction,qwen3.5:9b,True,stop,53.949602216,0.725215812,3397,0.127564,6470,52.792663,True,2044,24951,False,False,False,False,False,53.953941019950435,55.46640466700774,2.0681428574715275,0.0372864055257883,12.507724357460939,321.9444570336557,20.0,0.0001856758619078738,0.004946346734852725,0.0002968863347829837,0.0054289089315435815,4.716981132075472,87.0,69.11320754716981,42.32230636308778
M3G__UP073,information_extraction,qwen3.5:9b,True,stop,6.294005371,0.714772539,3351,0.124124,641,5.13829,True,21,2344,False,False,False,False,False,6.297882440965623,7.809223296993878,0.22436888577870526,0.02873126779011108,12.503036648214287,241.20448718211745,20.0,2.5370384937703026e-05,0.0005230220850842571,4.057953622218015e-05,0.0005889720062441403,0.0,88.66666666666667,69.8,42.721282958984375
M3S__UP073,information_extraction,qwen3.5:9b,True,stop,5.533671512,0.731915531,3416,0.154647,573,4.599882,True,21,2315,False,False,False,False,False,5.53743495803792,7.048827999969944,0.19790271304983809,0.02807597419750942,12.503570093750001,235.24443870650404,20.0,2.2730785767294128e-05,0.0004604098127725109,3.635727007769876e-05,0.0005194978686175038,20.0,86.8,69.8,42.727638244628906
M3S__UP074,information_extraction,qwen3.5:9b,True,stop,23.807868051,0.653259578,3453,0.142371,2839,22.966374,True,167,12891,False,False,False,False,False,23.81028099701507,25.319712682976387,0.900872749855197,0.035579896230848444,12.503925935000002,307.8463971795091,20.0,8.443336130798159e-05,0.002145325049592195,0.00013504733750564304,0.0023648057484058197,10.869565217391305,86.52173913043478,69.8,42.72355419656505
M3G__UP074,information_extraction,qwen3.5:9b,True,stop,50.315037752,0.73802768,3388,0.126264,6030,49.171525,True,374,25705,False,False,False,False,False,50.31927569297841,51.83083794498816,1.9203526275583214,0.03705038744688117,12.503989895569198,318.3159659434039,20.0,0.00017298926637091973,0.0045912836730241935,0.0002766842139276883,0.005040957153322802,2.0,85.52,69.116,42.31626541137695
M3G__UP075,information_extraction,qwen3.5:9b,True,stop,16.386302196,0.764134447,3336,0.11884,1882,15.186357,True,592,7901,False,False,False,False,False,16.389500231016427,17.90092330495827,0.6085268178197301,0.03399415814776313,12.50288539625,275.5129511238713,20.0,5.866518107979754e-05,0.0014448942114695384,9.383348793295834e-05,0.0015973928804822945,3.125,86.5625,68.8,42.137024879455566
M3S__UP075,information_extraction,qwen3.5:9b,True,stop,18.696635674,0.750454316,3401,0.150277,2198,17.748221,True,308,9283,False,False,False,False,False,18.70045108499471,20.211604640004225,0.7049483225030556,0.03487839461829628,12.50367873875,302.00904931244804,20.0,6.669070786175115e-05,0.0016771416194893973,0.00010666858485007348,0.001850500912201222,0.0,86.88888888888889,68.72777777777777,42.08996730380588
M3S__UP076,information_extraction,qwen3.5:9b,True,stop,16.955718083,0.671199604,3203,0.129646999,1999,16.11249,True,304,9141,False,False,False,False,False,16.959394514968153,18.47020614997018,0.6377331448734009,0.0345276679477901,12.50327548625,282.90161009320525,20.0,6.0642944233189426e-05,0.0015164203798008202,9.699664413346909e-05,0.0016740599681674786,9.375,87.0625,68.625,42.01448392868042
M3G__UP076,information_extraction,qwen3.5:9b,True,stop,10.175723354,0.739996445,3138,0.119816,1154,9.269828,True,746,4612,False,False,False,False,False,10.179682574002072,11.693711294035893,0.37781421744455346,0.032309179519187284,12.503293089772727,274.35883467418375,20.0,3.885410482598684e-05,0.0008907665459467751,6.214786857243679e-05,0.0009917685193451987,0.0,81.5,68.6,41.98744926452637
M3G__UP077,information_extraction,qwen3.5:9b,True,stop,9.739040973,0.718052771,3221,0.130851,1100,8.849062,True,638,4713,False,False,False,False,False,9.742770373995882,11.254653057956602,0.36012185305941347,0.031997597012092815,12.503611823750001,271.4068525891733,20.0,3.733854131640942e-05,0.0008482665119453614,5.9720719305268076e-05,0.0009453257725670389,16.666666666666668,86.77777777777777,68.5,41.933148278130425
M3S__UP077,information_extraction,qwen3.5:9b,True,stop,17.420235972,0.747368063,3286,0.140928,2041,16.486141,True,342,9593,False,False,False,False,False,17.423733122006524,18.934911201009527,0.652371764825832,0.03445338390554747,12.503276331875002,289.06218997360764,20.0,6.225231989542108e-05,0.0015506640183078346,9.957024750571388e-05,0.0017124865857089696,0.0,86.58823529411765,68.46470588235294,41.91541828828699
M3S__UP078,information_extraction,qwen3.5:9b,True,stop,5.048203224,0.714039883,3328,0.12862,521,4.167955,True,32,2005,False,False,False,False,False,5.051289930008352,6.5621180750313215,0.18000766702995577,0.027431336189283152,12.502577656250002,229.3257938846392,20.0,2.1039163564287063e-05,0.000417829500930722,3.365441472786996e-05,0.00047252307922287905,0.0,69.8,68.4,41.89795684814453
M3G__UP078,information_extraction,qwen3.5:9b,True,stop,7.665073954,0.695781823,3263,0.123525,847,6.798955,True,116,3530,False,False,False,False,False,7.66901696898276,9.181330055987928,0.28043594063199645,0.03054415198254421,12.5033202265625,258.0353650232916,20.0,3.0134159525655913e-05,0.000657816359586505,4.819842597773661e-05,0.0007361489450898975,14.285714285714286,87.14285714285714,68.5,41.913531167166575
M3G__UP079,information_extraction,qwen3.5:9b,True,stop,5.227157553,0.718833935,3043,0.107957,544,4.361825,True,110,2208,False,False,False,False,False,5.230740706028882,6.742143318988383,0.18467126808381548,0.02739058773249636,12.502482200000001,228.8772471004378,20.0,2.1663446680896656e-05,0.0004284495094264429,3.4652152394604246e-05,0.00048476510850194377,0.0,86.8,68.42,41.91095809936523
M3S__UP079,information_extraction,qwen3.5:9b,True,stop,7.661039697,0.705420054,3108,0.11503,849,6.800957,True,72,3557,False,False,False,False,False,7.664558732998557,9.175726448011119,0.27863888750778726,0.030366956674932645,12.5033620765625,256.3344140426364,20.0,3.0117850545060506e-05,0.0006531394113995503,4.817438921115051e-05,0.0007314316511557613,21.428571428571427,87.0,68.45714285714287,41.913621629987446
M3S__UP080,information_extraction,qwen3.5:9b,True,length,137.417065975,0.687097227,3328,0.138921,16384,136.544595999,True,0,58372,True,True,True,True,False,137.42132141202455,138.9358503430267,5.344881561768515,0.03847013962610968,12.504244767453125,329.7189284235534,20.0,0.00046495668644774515,0.012821786924088308,0.000743658179117483,0.014030401789653537,2.9197080291970803,87.22627737226277,68.22189781021898,41.77555390518077
M3G__UP080,information_extraction,qwen3.5:9b,True,stop,65.349605487,0.697903586,3263,0.114894,7829,63.979884,True,146,30677,False,False,False,False,False,65.3539204300032,66.86820340203121,2.5130286945783906,0.03758181866303969,12.503817292156251,323.3281778618331,20.0,0.0002234481570411222,0.0060158934238225825,0.00035739997203927486,0.00659674155290298,5.384615384615385,86.23076923076923,67.18615384615384,41.150564633882965
M3G__UP081,closed_qa,qwen3.5:9b,True,stop,77.172034009,0.748820204,3243,0.113654,9251,75.974137,True,1749,39404,False,False,False,False,False,77.17685512400931,78.68802951602265,2.975617767342956,0.0378153803779907,12.5039158084375,320.2685122090654,20.0,0.0002627479671624752,0.007128049869102426,0.00042024762204447247,0.007811045458309374,1.2987012987012987,86.32467532467533,67.88181818181819,41.55376102397968
M3S__UP081,closed_qa,qwen3.5:9b,True,stop,18.180542958,0.751120811,3308,0.11682,2092,16.887761999,True,385,9959,False,False,False,False,False,18.184304792957846,19.69538360100705,0.6801868608508342,0.034535344658941064,12.503220357500002,295.1087810917944,20.0,6.487835038266075e-05,0.0016168515712582376,0.0001037717474779735,0.001785501669118872,5.555555555555555,82.94444444444444,67.23888888888888,41.171427196926544
M3S__UP082,closed_qa,qwen3.5:9b,True,stop,15.155382881,0.691806722,3252,0.138313,1771,14.278749,True,239,7869,False,False,False,False,False,15.159218315966427,16.67050670698518,0.628251612218804,0.037686413692245936,12.501932386250001,173.216710925877,20.0,0.00011172885152731951,0.001358706086964645,0.00017873585089982956,0.001649170789391794,3.3333333333333335,81.06666666666666,67.00666666666667,41.02663981119792
M3G__UP082,closed_qa,qwen3.5:9b,True,stop,11.641015356,0.695081902,3187,0.127916,1337,10.772735,True,575,5154,False,False,False,False,False,11.644217310007662,13.1553770940518,0.43126762779507566,0.0327826123654086,12.503295471875001,278.6046713073418,20.0,4.393974520220746e-05,0.0010178616476217428,7.028320566686387e-05,0.0011320845984908142,0.0,86.72727272727273,67.0,41.015566392378375
M3G__UP083,closed_qa,qwen3.5:9b,True,stop,6.720285933,0.724343051,3091,0.115203,729,5.841311,True,251,2794,False,False,False,False,False,6.723927890008781,8.236660072987434,0.2432353236856443,0.029530819717004896,12.5032137875,248.69393350909394,20.0,2.6850756392502223e-05,0.0005686987882924655,4.294717059431908e-05,0.0006384967152792868,0.0,87.5,67.0,40.99948819478353
M3S__UP083,closed_qa,qwen3.5:9b,True,stop,12.796986612,0.735414901,3156,0.113171,1476,11.902042,True,260,6321,False,False,False,False,False,12.800219033029862,14.312228591006715,0.47598207918666985,0.03325702046750146,12.503299780769229,283.0212506524834,20.0,4.7951135536252545e-05,0.0011248092331808124,7.67003982777371e-05,0.001249460766994802,4.166666666666667,86.66666666666667,66.9,40.98591391245524
M3S__UP084,closed_qa,qwen3.5:9b,True,stop,5.981098687,0.727442251,3242,0.138943,631,5.071924,True,319,2375,False,False,False,False,False,5.9847275330103,7.495997468009591,0.21520526947480098,0.028709357279431465,12.503313406250001,241.09144612079015,20.0,2.428239299646673e-05,0.0005017951236583329,3.88398464500723e-05,0.000564917363104872,0.0,86.8,66.9,40.98627853393555
M3G__UP084,closed_qa,qwen3.5:9b,True,stop,26.086974246,0.70779394,3177,0.125663,3118,25.212713,True,857,12077,False,False,False,False,False,26.0910137789906,27.605645433999598,0.9849712972126329,0.03568006767193803,12.503626505288462,308.8120023417681,20.0,9.236168463934715e-05,0.0023454713208188593,0.00014773280951129792,0.0025855658149695044,5.769230769230769,87.07692307692308,67.0,40.99935707679162
M3G__UP085,closed_qa,qwen3.5:9b,True,stop,12.123379204,0.737580118,3454,0.129039999,1364,11.001857,True,799,5346,False,False,False,False,False,12.12736089603277,13.638419439957943,0.44633386759739185,0.03272621652108158,12.50405508846154,278.0201926088542,20.0,4.5620748539878844e-05,0.0010530463979918636,7.296657862219338e-05,0.0011716337251539359,8.333333333333334,79.5,67.5,41.30283292134603
M3S__UP085,closed_qa,qwen3.5:9b,True,stop,20.828302831,0.753703111,3519,0.178026,2452,19.8479,True,396,10829,False,False,False,False,False,20.83204178296728,22.343124212988187,0.7819805801928547,0.034998712478100304,12.504213955892858,303.2121957576218,20.0,7.409084058646287e-05,0.001860122043652268,0.00011849896821659058,0.002052711852455321,0.0,86.75,67.45500000000001,41.30346126556397
M3S__UP086,closed_qa,qwen3.5:9b,True,stop,12.421465995,0.651171239,3491,0.176354,1429,11.544883,True,276,6235,False,False,False,False,False,12.425595508015249,13.936819753027521,0.465365027510263,0.033391048729691064,12.503986930769232,284.2807595554488,20.0,4.6656347321320415e-05,0.0011003106024691789,7.462388236664185e-05,0.0012215908321571412,0.0,86.66666666666667,67.4,41.292409896850586
M3G__UP086,closed_qa,qwen3.5:9b,True,stop,16.021649774,0.725163021,3426,0.157866,1865,15.090727,True,1185,7342,False,False,False,False,False,16.024502817017492,17.534640946018044,0.5983333211631899,0.034122929748331456,12.502435310000001,259.4383126248066,20.0,5.738401860631786e-05,0.001421463914947907,9.178685096655196e-05,0.0015706347845207767,9.375,81.25,67.4,41.28406476974487
M3G__UP087,closed_qa,qwen3.5:9b,True,stop,19.668340948,0.666679313,3092,0.119351,2328,18.838392,True,606,10432,False,False,False,False,False,19.671378170023672,21.182260532979853,0.7390334636927399,0.03488926323713643,12.503340126874999,301.69898813133113,20.0,7.005800549066089e-05,0.0017578577951740115,0.0001120591663723139,0.0019399749670369862,5.2631578947368425,86.78947368421052,67.4,41.2789864791067
M3S__UP087,closed_qa,qwen3.5:9b,True,stop,14.117809563,0.71974728,3157,0.128757,1641,13.224212,True,184,7792,False,False,False,False,False,14.120968553994317,15.633081471023615,0.5283494349068844,0.033796883607764464,12.503320655000001,287.9962253302522,20.0,5.2542272040989825e-05,0.0012503390558267213,8.40446070499537e-05,0.0013869259349176648,0.0,86.85714285714286,67.4,41.29093606131418
M3S__UP088,closed_qa,qwen3.5:9b,True,stop,11.441932838,0.69946534,3351,0.150884,1311,10.543675,True,253,4973,False,False,False,False,False,11.445215946005192,12.956472976016812,0.42749703422056085,0.03299486171984326,12.503253490625,280.6315625062997,20.0,4.32487458948848e-05,0.0010097599744733898,6.917800812775062e-05,0.0011221867284960253,0.0,87.0909090909091,67.44545454545455,41.29974989457564
M3G__UP088,closed_qa,qwen3.5:9b,True,stop,14.775471715,0.752086134,3286,0.140861,1719,13.840939,True,511,6807,False,False,False,False,False,14.779515632952098,16.293083176016808,0.5541558696162555,0.03401172532108381,12.503654555,290.00343607425407,20.0,5.483224552639523e-05,0.0013121324385929611,8.770356529987315e-05,0.0014546682494192295,3.5714285714285716,86.85714285714286,67.4,41.294272559029714
M3G__UP089,closed_qa,qwen3.5:9b,True,stop,3.839330683,0.70747886,3378,0.147117,366,2.939387,True,678,1028,False,False,False,False,False,3.8433278399752453,5.355165745015256,0.13312411829474946,0.024859009904346144,12.50285395625,205.60018157149923,20.0,1.6846499143231024e-05,0.00030566080008398444,2.6945695377718142e-05,0.0003494529946049336,0.0,87.0,67.4,41.29135513305664
M3S__UP089,closed_qa,qwen3.5:9b,True,stop,31.107837952,0.72828312,3443,0.156886,3716,30.172973,True,247,17821,False,False,False,False,False,31.11167493299581,32.623012511001434,1.1730276633513572,0.03595706138284372,12.5032041309375,288.52594742962714,20.0,0.00010795087112143307,0.002798603627770291,0.00017266236251097224,0.003079216861402696,0.0,87.03225806451613,67.4,41.28653446320565
M3S__UP090,closed_qa,qwen3.5:9b,True,stop,7.003171903,0.748695146,3225,0.107179,733,5.885694,True,70,3268,False,False,False,False,False,7.006423213984817,8.517491270031314,0.2486654624147969,0.02919468356718171,12.502764814062502,245.40158485905656,20.0,2.7830639084491947e-05,0.000580401853208734,4.451842623885669e-05,0.0006527509185320827,0.0,85.0,68.0,41.61373247419085
M3G__UP090,closed_qa,qwen3.5:9b,True,stop,5.187017468,0.732681145,3160,0.126905,534,4.281296999,True,70,2147,False,False,False,False,False,5.189841964980587,6.7000143229961395,0.18459940941284264,0.027552091758856527,12.50249001875,230.40057044898617,20.0,2.1520478217505404e-05,0.0004286314540165037,3.442454607769226e-05,0.00048457647831170135,0.0,70.0,68.0,41.62582092285156
M3G__UP091,closed_qa,qwen3.5:9b,True,stop,10.1307882,0.649124998,3323,0.121261,1160,9.332788,True,216,4746,False,False,False,False,False,10.134166185976937,11.649317267991137,0.37639457634476575,0.03231044083407242,12.503252497727273,274.41953667133333,20.0,3.869406048153993e-05,0.0008874551544080234,6.189272327756044e-05,0.0009880419381671237,5.0,86.7,68.0,41.629916763305665
M3S__UP091,closed_qa,qwen3.5:9b,True,stop,18.303811563,0.700442675,3388,0.153219,2153,17.403449,True,160,9807,False,False,False,False,False,18.307058851001784,19.821077000000514,0.6833778767023864,0.034477333229792136,12.503266385,295.955656967767,20.0,6.532190226650918e-05,0.0016240760214820682,0.00010448021433354977,0.0017938781380821272,0.0,86.83333333333333,68.0,41.62967491149902
M3S__UP092,closed_qa,qwen3.5:9b,True,stop,37.454167738,0.761410945,3206,0.130229999,4494,36.519794,True,208,21184,False,False,False,False,False,37.457939039042685,38.969295220973436,1.422426395146978,0.036501209146359466,12.503788413072916,315.34191636501623,20.0,0.0001300847028923316,0.0033957429943693995,0.0002080649268279861,0.0037338926240897173,1.3513513513513513,86.67567567567568,67.96756756756757,41.60835523863096
M3G__UP092,closed_qa,qwen3.5:9b,True,stop,9.319578418,0.721090183,3141,0.102487,1017,8.180614,True,298,4393,False,False,False,False,False,9.322431901993696,10.833115133980755,0.33684236999404454,0.03109376812007239,12.50295284375,262.92344816633255,20.0,3.587284751969662e-05,0.0007909617438803807,5.7382156188961945e-05,0.0008842167475890392,0.0,80.88888888888889,68.33333333333333,41.8407834370931
M3G__UP093,closed_qa,qwen3.5:9b,True,stop,5.861364323,0.708453035,3081,0.113496,624,4.995777,True,278,2319,False,False,False,False,False,5.864955960016232,7.376623870979529,0.21204422675270998,0.028745430221393812,12.5031908375,241.47710389686765,20.0,2.386743668767029e-05,0.000494576506771871,3.8175630638660446e-05,0.0005566195740982018,0.0,86.6,68.22,41.785336303710935
M3S__UP093,closed_qa,qwen3.5:9b,True,stop,5.404465356,0.71030285,3146,0.125066,566,4.532811,True,34,2340,False,False,False,False,False,5.408466381952167,6.920229402021505,0.19343962633611403,0.027952776576974075,12.50300864375,234.13117171599995,20.0,2.228231037921997e-05,0.000449859248774942,3.5640633616842226e-05,0.0005077821927710042,0.0,85.0,68.1,41.69292221069336
M3S__UP094,closed_qa,qwen3.5:9b,True,stop,13.471610357,0.718229152,3769,0.180267,1551,12.519392,True,211,7164,False,False,False,False,False,13.475320530997124,14.986476251971908,0.5014594816114437,0.0334607998024527,12.503628358035716,284.85459878627046,20.0,5.030078112401711e-05,0.0011855837262437774,8.04548589832848e-05,0.0013163393663510794,3.8461538461538463,86.76923076923077,68.02307692307691,41.6611448434683
M3G__UP094,closed_qa,qwen3.5:9b,True,stop,7.449626458,0.62940713,3704,0.168761,819,6.601412,True,299,3331,False,False,False,False,False,7.452471696014982,8.962417362025008,0.2750106620173833,0.03068487562101729,12.50306590625,259.3740813437068,20.0,2.9378881318253242e-05,0.0006455346830938069,4.699393530544411e-05,0.0007219074997175043,0.0,86.85714285714286,68.0,41.63973018101284
M3G__UP095,closed_qa,qwen3.5:9b,True,stop,18.859721692,0.680768409,3133,0.115067,2230,18.01801,True,1937,9537,False,False,False,False,False,18.86301321699284,20.373365483013913,0.704537288732674,0.03458129140814142,12.503428370000002,298.72844778692684,20.0,6.72577541416319e-05,0.0016745866174465718,0.00010757757022220176,0.0018494219418104055,0.0,86.33333333333333,68.0,41.64137183295356
M3S__UP095,closed_qa,qwen3.5:9b,True,stop,19.35937921,0.803900981,3198,0.131269,2274,18.377162,True,478,11613,False,False,False,False,False,19.363384313997813,20.874905758013483,0.7217371932624411,0.03457439289206755,12.503942121875,297.8547435709909,20.0,6.90015433379157e-05,0.001715209983278676,0.00011036044677215006,0.0018945719733887416,0.0,85.05263157894737,68.0,41.64106670178865
M3S__UP096,closed_qa,qwen3.5:9b,True,stop,7.693750999,0.73503269,3428,0.147512,842,6.763822,True,514,3173,False,False,False,False,False,7.6969503769651055,9.20738293294562,0.2821388209121091,0.030642672621181775,12.5033202125,258.9256883670054,20.0,3.0230041942608044e-05,0.000662034974070913,4.8354017749726254e-05,0.0007406190337632474,0.0,87.14285714285714,68.0,41.6483394077846
M3G__UP096,closed_qa,qwen3.5:9b,True,stop,17.654250005,0.73962828,3363,0.15282,2073,16.714387999,True,812,8527,False,False,False,False,False,17.658368760021403,19.169888440985233,0.6578249383840671,0.03431553294684997,12.503633744375001,291.4737621891478,20.0,6.307572982106537e-05,0.0015628415280506402,0.00010088399789431909,0.0017268012557660245,2.9411764705882355,86.58823529411765,68.0,41.63985039206112
M3G__UP097,closed_qa,qwen3.5:9b,True,stop,14.728858179,0.725736909,3077,0.114305,1720,13.850576,True,427,7408,False,False,False,False,False,14.731858652026858,16.242450116027612,0.5502887896399875,0.03387966628858397,12.5038674125,288.72568248430264,20.0,5.466293012146372e-05,0.0013024224308262333,8.74317400891515e-05,0.0014445171010368486,0.0,86.71428571428571,68.0,41.64011682782854
M3S__UP097,closed_qa,qwen3.5:9b,True,stop,10.059720971,0.693759449,3142,0.123628,1143,9.199476,True,0,5014,False,True,False,False,False,10.063261745963246,11.57463268499123,0.37324493311625384,0.0322468058619466,12.503232125000002,273.71741565453533,20.0,3.844909313564753e-05,0.0008798262594158501,6.149872046662494e-05,0.0009797740730181227,0.0,78.1,68.0,41.65557975769043
M3S__UP098,closed_qa,qwen3.5:9b,True,stop,22.052039325,0.729968768,3327,0.123672,2613,21.153404,True,311,12408,False,False,False,False,False,22.05598165799165,23.567776462004986,0.8328237883834336,0.035337393399249115,12.50369732375,306.048078287458,20.0,7.834900747325508e-05,0.0019825104748951716,0.00012531662573876223,0.0021861761081071887,0.0,82.68181818181819,68.0,41.64525257457387
M3G__UP098,closed_qa,qwen3.5:9b,True,stop,12.000262608,0.705580579,3262,0.138516,1378,11.108595,True,797,5529,False,False,False,False,False,12.004222896008287,13.515860281011555,0.4468376839517321,0.03306024734359638,12.503618740625,281.195975943652,20.0,4.519197935499355e-05,0.0010554808443838937,7.228342761098045e-05,0.0011729562513498677,0.0,87.0909090909091,68.0,41.66565426913175
M3G__UP099,closed_qa,qwen3.5:9b,True,stop,13.972615656,0.725177136,3229,0.132264,1624,13.073228,True,431,7183,False,False,False,False,False,13.976491781999357,15.487977746000979,0.5233507421377639,0.033790773122262134,12.50367932857143,287.93612867355534,20.0,5.204188747813866e-05,0.0012385212685934732,8.324112831679587e-05,0.0013738042843884077,7.6923076923076925,87.23076923076923,68.0,41.64455325786884
M3S__UP099,closed_qa,qwen3.5:9b,True,stop,14.498526266,0.665323986,3294,0.125356,1696,13.663398,True,172,7870,False,False,False,False,False,14.502645926026162,16.014222067024093,0.5445909723208525,0.03400670791510095,12.503589147500003,289.9420225502416,20.0,5.3869457600530326e-05,0.0012895268649542047,8.61639145389846e-05,0.0014295602370937195,0.0,86.71428571428571,68.0,41.637641361781526
M3S__UP100,closed_qa,qwen3.5:9b,True,stop,16.003965825,0.744458502,3193,0.123103,1874,15.091985,True,248,8349,False,False,False,False,False,16.008034158032387,17.519761561998166,0.5984154722932121,0.03415659911669263,12.503055606875002,255.58861408570516,20.0,5.733937372678045e-05,0.0014218014152191927,9.170964363891269e-05,0.0015708504325848856,3.3333333333333335,87.0,68.0,41.632808685302734
M3G__UP100,closed_qa,qwen3.5:9b,True,stop,10.480261635,0.735014546,3128,0.125166,1193,9.57723,True,513,5011,False,False,False,False,False,10.484239821031224,12.008961701008957,0.38821241706077736,0.03232689275944322,12.503452440909092,274.76318452769533,20.0,3.991183615639234e-05,0.0009153132322499147,6.383889552800812e-05,0.0010190639639343151,5.0,87.0,68.0,41.6404468536377
